distance_km,traffic_level,traffic_speed_kmh,hour_of_day,day_of_week,is_weekend,weather,road_type,priority,travel_time_minutes
8.91,1,30.1,5,2,0,0,2,1,27.83
6.12,2,63.1,9,6,1,0,0,0,6.36
5.76,2,26.5,17,4,0,2,1,3,14.57
5.76,3,12.4,8,3,0,1,2,3,30.84
15.42,3,39.4,20,2,0,0,0,0,23.81
10.32,3,21.3,9,4,0,0,1,2,31.13
4.93,1,87.8,9,6,1,0,0,2,3.72
9.14,3,21.3,8,3,0,0,1,2,28.51
7.7,2,29.8,8,6,1,0,1,1,18.76
1.51,1,27.5,4,1,0,2,2,2,3.83
3.33,1,87.6,9,5,1,0,0,2,2.58
8.03,4,12.0,19,4,0,0,2,1,48.05
14.62,3,29.7,17,6,1,0,1,2,34.09
5.79,2,24.3,20,3,0,2,1,1,15.75
4.68,4,16.9,5,0,0,0,1,2,18.58
7.13,2,34.3,12,5,1,0,1,2,13.75
4.5,4,8.3,8,1,0,1,2,1,35.75
5.55,2,59.0,17,5,1,0,0,1,5.83
6.61,3,23.2,22,5,1,0,1,2,18.11
3.21,3,51.8,19,4,0,0,0,2,3.75
10.62,1,80.5,2,2,0,0,0,0,9.14
2.82,4,14.1,9,0,0,0,1,2,13.69
2.58,3,40.8,1,2,0,1,0,2,4.33
7.5,1,82.0,2,5,1,0,0,1,6.11
10.16,1,79.9,5,0,0,1,0,2,7.93
7.39,3,35.9,9,3,0,3,0,1,11.25
6.21,2,34.7,9,6,1,1,1,3,12.33
5.51,2,31.3,11,3,0,0,1,1,13.73
4.96,4,9.8,11,2,0,2,1,1,35.22
11.98,2,30.5,18,5,1,3,1,2,26.67
8.08,4,24.5,6,2,0,0,0,0,19.06
5.21,2,28.5,7,2,0,0,2,3,12.4
4.27,1,64.9,16,4,0,2,0,2,4.23
9.49,3,25.1,15,5,1,1,1,2,24.24
11.82,3,50.7,7,1,0,0,0,2,14.76
11.24,1,68.8,19,2,0,2,0,2,9.35
3.79,3,18.8,9,3,0,0,1,1,14.26
5.48,1,88.2,10,6,1,0,0,2,4.14
4.9,1,51.8,11,5,1,0,1,2,6.5
5.94,3,26.4,9,5,1,0,1,3,14.74
10.56,2,20.9,14,5,1,0,2,0,42.26
13.88,3,17.7,10,6,1,0,1,0,54.69
8.25,3,20.1,8,3,0,0,1,2,27.06
4.36,4,15.5,20,2,0,0,1,1,20.2
6.52,2,31.9,9,5,1,1,1,2,12.85
15.31,2,34.5,17,5,1,0,1,1,35.34
7.03,2,47.7,10,6,1,2,0,2,9.66
5.52,2,28.9,11,2,0,1,1,1,14.83
5.81,2,29.4,8,6,1,1,1,0,16.1
8.23,4,29.7,18,3,0,0,0,3,16.5
3.88,2,18.8,17,4,0,3,2,2,13.7
4.82,1,88.3,1,5,1,0,0,2,3.86
11.15,3,22.4,4,0,0,0,1,2,33.92
8.1,3,13.2,21,3,0,1,2,0,46.26
7.07,4,8.1,20,0,0,1,2,2,56.97
11.45,2,39.1,13,2,0,0,1,2,20.24
4.19,3,40.6,13,1,0,0,0,1,6.82
5.42,2,28.5,19,2,0,0,2,2,13.11
7.95,3,54.4,6,6,1,0,0,3,8.35
7.79,1,35.9,16,2,0,0,2,2,16.16
2.4,1,42.9,12,2,0,3,1,2,4.49
5.09,1,23.1,18,5,1,3,2,1,16.19
6.03,2,30.1,1,3,0,3,1,2,12.48
8.46,3,17.3,15,3,0,0,2,2,30.79
7.77,1,49.9,14,1,0,0,1,2,11.82
6.37,3,25.0,19,6,1,0,1,2,16.71
1.5,3,21.1,17,0,0,0,1,1,5.15
6.56,3,26.8,20,6,1,0,1,2,16.49
6.92,4,15.8,20,0,0,0,1,2,27.73
22.63,2,23.7,11,0,0,0,2,0,79.75
5.91,2,24.2,6,2,0,2,1,1,18.3
7.98,3,25.0,16,1,0,0,1,1,21.11
12.51,1,75.4,20,2,0,0,0,0,11.78
10.23,1,31.1,4,1,0,0,2,1,27.38
14.19,2,71.6,14,4,0,0,0,2,11.87
2.43,1,84.8,6,3,0,0,0,2,1.7
3.39,1,51.3,1,5,1,0,1,1,5.42
4.61,3,24.9,17,5,1,0,2,3,12.85
2.13,1,43.5,17,5,1,0,1,1,4.55
6.95,1,42.8,15,2,0,2,1,2,11.98
3.57,2,32.5,19,4,0,0,1,0,8.54
15.21,2,54.5,5,0,0,1,0,1,17.42
3.95,1,23.3,5,5,1,2,2,2,10.94
5.44,4,6.5,19,4,0,0,1,1,55.44
10.57,2,30.8,13,5,1,0,1,1,26.43
2.8,3,21.8,9,3,0,0,1,1,8.07
2.02,1,76.7,18,5,1,0,0,1,1.55
7.45,3,17.6,20,3,0,0,1,0,31.61
7.78,1,29.4,17,5,1,0,2,1,24.36
10.39,2,36.1,18,5,1,0,1,2,18.81
9.03,3,17.8,9,3,0,1,1,1,34.71
7.95,2,58.3,9,6,1,0,0,0,9.05
4.26,1,29.4,19,5,1,1,2,0,12.33
7.66,1,60.1,16,4,0,0,1,3,10.04
7.94,3,35.1,8,6,1,0,0,0,14.57
4.15,3,20.9,14,0,0,0,1,1,14.65
17.55,4,10.4,17,2,0,2,1,2,100.95
8.79,1,28.4,8,5,1,1,2,3,21.41
3.43,1,92.6,16,6,1,0,0,3,2.23
10.42,3,20.2,2,0,0,0,1,1,38.12
11.42,2,61.5,9,6,1,0,0,0,12.24
8.5,2,61.4,17,6,1,0,0,1,9.46
5.71,2,29.1,7,1,0,0,1,0,16.37
4.04,4,14.7,8,1,0,0,2,3,17.49
6.36,2,35.9,20,2,0,0,1,2,12.74
8.16,1,41.2,17,5,1,2,1,3,13.84
6.72,2,18.7,13,5,1,1,2,2,25.19
14.54,4,7.4,8,3,0,0,2,1,127.67
9.56,3,19.2,10,2,0,3,1,2,30.54
3.74,1,46.9,15,4,0,0,1,1,6.36
3.18,2,30.8,7,5,1,0,1,1,8.46
8.84,2,29.2,13,3,0,2,1,3,19.88
5.8,1,50.9,11,2,0,0,1,2,7.58
10.03,2,53.8,12,2,0,1,0,0,12.31
8.79,2,41.0,5,6,1,0,1,2,14.65
6.37,3,19.8,6,4,0,1,1,0,21.23
3.77,2,59.4,22,4,0,1,0,1,3.89
2.2,2,30.5,23,0,0,0,1,2,5.07
7.58,4,10.2,11,1,0,1,1,0,49.54
2.76,3,17.5,18,2,0,3,1,1,10.78
3.67,1,30.2,16,6,1,0,2,1,10.9
7.31,2,72.8,6,0,0,0,0,3,6.71
6.91,3,18.9,9,3,0,1,1,0,28.05
3.0,4,8.3,9,3,0,0,2,2,22.05
12.14,1,62.7,15,1,0,3,0,1,13.44
11.96,2,70.7,15,3,0,0,0,2,10.68
9.0,3,28.1,21,1,0,0,1,1,24.01
8.99,2,61.7,18,3,0,1,0,2,8.56
9.0,2,71.0,19,3,0,0,0,2,8.03
11.37,3,16.4,20,2,0,0,2,0,53.11
9.7,3,28.7,18,4,0,0,1,3,20.85
3.98,2,55.1,9,2,0,2,0,3,4.59
5.75,2,24.5,8,0,0,0,2,1,17.86
21.28,3,21.9,15,4,0,0,1,1,71.18
1.58,2,32.6,17,2,0,0,1,1,4.03
4.92,3,22.3,10,4,0,0,1,2,14.7
12.17,3,15.0,19,4,0,0,2,1,58.43
4.15,1,83.5,22,4,0,0,0,2,3.23
9.84,1,45.4,15,3,0,0,1,0,17.1
6.85,2,23.5,12,4,0,0,2,1,24.6
4.34,3,45.6,19,3,0,0,0,2,6.22
1.35,3,15.1,1,5,1,0,2,2,5.57
7.46,3,27.5,6,4,0,0,1,3,19.15
3.93,3,11.7,19,3,0,0,2,1,23.55
6.21,3,15.9,17,4,0,1,2,1,30.48
8.95,3,23.8,11,0,0,0,1,1,24.92
10.86,3,21.6,20,2,0,0,1,1,34.94
4.91,1,36.5,10,5,1,0,2,2,9.06
4.34,2,60.6,16,4,0,0,0,0,4.52
2.73,1,49.0,16,0,0,0,1,2,4.14
11.16,1,77.0,7,2,0,0,0,1,9.55
19.63,4,14.4,9,1,0,0,1,3,84.67
11.83,2,35.8,21,5,1,0,1,1,25.53
13.29,1,48.9,7,5,1,0,1,2,20.0
4.17,2,26.5,7,4,0,0,2,1,13.01
8.65,1,39.3,13,1,0,1,1,1,17.71
10.36,1,52.3,5,2,0,0,1,2,13.66
0.8,4,14.5,20,2,0,1,1,2,3.8
3.3,2,21.7,5,4,0,0,2,0,12.13
15.8,3,15.7,16,0,0,0,2,1,74.47
2.37,4,6.9,10,4,0,0,2,2,21.83
14.45,3,17.0,18,0,0,0,2,2,51.94
2.36,1,31.8,15,6,1,0,2,2,5.01
3.41,3,11.7,10,4,0,0,2,3,18.72
8.74,1,73.2,23,0,0,0,0,0,8.77
6.96,2,74.5,4,3,0,0,0,2,5.99
5.21,2,22.6,15,0,0,1,2,1,17.75
15.46,2,36.4,23,0,0,0,1,1,33.64
2.78,3,19.1,17,2,0,0,2,2,10.51
6.07,1,45.7,18,1,0,0,1,1,10.86
9.37,1,72.4,1,4,0,1,0,1,8.17
7.88,3,21.8,1,2,0,0,2,3,24.55
4.43,3,20.1,2,1,0,0,1,0,15.74
4.54,4,6.9,23,2,0,3,1,0,40.03
10.77,1,50.7,23,5,1,0,1,2,15.28
11.05,3,20.9,9,2,0,0,1,1,38.67
8.0,2,40.0,9,4,0,0,1,2,14.22
3.82,2,18.2,7,5,1,0,2,1,15.85
4.63,4,8.5,9,3,0,0,2,1,35.54
6.58,3,43.4,10,2,0,0,0,1,9.44
7.16,3,45.1,18,4,0,0,0,1,9.47
9.16,4,23.7,19,0,0,1,0,1,23.53
5.87,2,31.2,18,1,0,1,1,1,14.89
10.64,2,25.1,16,6,1,0,2,2,29.65
10.57,4,8.9,18,4,0,2,1,2,72.38
13.54,3,42.9,18,3,0,0,0,1,20.72
6.75,2,23.3,12,6,1,0,2,1,23.67
8.08,3,48.9,9,4,0,0,0,3,11.37
6.15,4,25.3,9,4,0,1,0,1,15.96
3.85,3,53.8,17,0,0,0,0,3,3.76
19.38,3,13.5,22,1,0,0,2,2,89.87
12.6,1,52.5,15,6,1,0,1,2,17.6
10.45,1,86.9,21,5,1,0,0,2,7.45
6.62,1,28.8,0,1,0,1,2,1,22.34
3.63,2,28.2,18,3,0,0,1,1,10.11
11.49,2,41.0,19,5,1,0,1,2,17.55
6.08,2,74.0,16,5,1,0,0,2,4.89
8.5,3,20.2,21,1,0,0,1,2,26.81
4.62,2,67.3,15,0,0,0,0,2,4.59
7.72,2,40.2,8,3,0,0,1,2,13.84
4.8,4,16.7,8,0,0,0,1,1,19.98
4.92,1,49.9,14,0,0,0,1,2,7.13
7.66,3,22.4,20,5,1,0,1,1,25.2
2.33,2,22.6,4,4,0,0,2,0,8.09
2.41,1,49.8,15,4,0,0,1,2,3.61
4.14,3,26.7,18,4,0,0,1,2,10.29
5.83,3,12.2,6,5,1,0,2,0,34.5
10.82,4,8.9,6,6,1,2,1,0,80.01
6.03,2,59.1,10,2,0,0,0,1,6.42
6.59,3,21.5,9,0,0,0,1,2,18.23
5.56,2,33.3,8,1,0,0,1,0,14.43
8.07,2,38.1,8,3,0,0,1,1,19.06
3.83,2,25.5,6,2,0,2,1,1,11.5
6.23,1,33.1,16,4,0,0,2,1,16.65
8.44,3,45.1,17,5,1,1,0,2,10.79
7.62,1,58.0,17,6,1,0,1,3,9.54
6.72,1,76.4,14,2,0,1,0,2,5.71
6.77,1,32.2,22,5,1,1,2,3,15.55
8.91,3,33.8,20,2,0,3,0,3,15.07
19.89,1,79.2,22,0,0,0,0,1,18.56
4.0,3,14.3,10,0,0,1,2,2,17.33
20.2,1,53.5,20,5,1,0,1,2,26.92
3.88,3,19.7,18,1,0,0,2,2,14.06
1.21,3,22.1,10,3,0,0,1,2,3.6
4.74,1,54.4,6,3,0,0,1,2,6.33
8.16,4,6.7,17,4,0,0,2,1,76.63
17.63,2,19.0,6,1,0,3,2,2,67.3
3.63,3,16.9,9,3,0,1,1,2,13.27
8.88,3,15.9,13,6,1,0,2,2,36.23
2.6,3,16.2,17,2,0,0,2,0,11.93
17.29,4,11.5,21,2,0,0,1,0,101.9
12.73,1,36.3,15,3,0,0,2,2,25.75
4.93,4,26.7,17,2,0,0,0,1,12.07
13.86,1,27.8,9,5,1,1,2,1,44.41
6.21,3,16.5,17,2,0,2,1,0,25.09
13.1,2,60.8,12,5,1,0,0,1,13.62
6.69,2,26.0,19,4,0,2,1,1,20.41
6.86,3,17.7,11,2,0,0,2,3,24.56
4.99,2,71.6,12,5,1,0,0,2,4.36
9.55,2,31.6,11,3,0,0,1,0,23.17
7.17,4,11.8,19,0,0,0,1,2,37.37
9.0,1,53.0,22,2,0,0,1,2,12.63
2.16,3,46.5,9,3,0,0,0,1,2.8
13.36,2,40.8,12,2,0,0,1,2,23.39
15.22,1,44.9,17,6,1,0,1,0,29.95
7.15,4,11.2,20,1,0,2,1,2,38.9
19.11,2,72.5,13,5,1,1,0,3,18.38
16.71,2,29.0,6,4,0,0,2,3,38.32
9.66,1,56.3,10,6,1,0,1,2,12.62
13.96,3,22.1,14,0,0,0,2,3,47.43
11.99,2,41.2,11,5,1,0,1,2,20.39
1.76,3,16.7,7,2,0,2,1,2,6.54
5.63,1,73.3,2,3,0,0,0,0,5.35
10.05,3,45.4,17,0,0,0,0,1,15.38
15.77,2,32.1,23,2,0,0,1,2,31.8
2.47,3,26.9,21,1,0,0,1,3,6.37
1.85,4,9.8,17,3,0,0,1,2,12.1
6.44,4,10.0,19,4,0,0,2,2,40.3
1.29,2,32.8,8,2,0,0,1,1,3.52
6.31,1,44.1,16,3,0,3,1,3,10.42
8.28,3,10.3,4,6,1,2,2,2,51.27
3.52,3,21.4,17,2,0,0,1,1,12.28
6.41,1,61.9,22,4,0,0,1,3,7.14
11.38,2,75.5,19,1,0,0,0,3,9.79
4.73,1,62.1,14,5,1,2,0,1,5.03
3.93,1,86.9,18,4,0,0,0,2,3.09
6.24,2,19.8,21,6,1,0,2,0,25.06
3.27,3,22.6,8,4,0,1,1,3,10.28
18.33,1,27.0,18,4,0,0,2,0,53.81
6.81,1,41.2,8,5,1,0,2,3,12.38
4.2,4,26.8,20,0,0,0,0,1,9.64
7.58,3,25.0,5,3,0,0,1,3,20.51
6.22,1,33.6,7,2,0,0,2,1,15.77
5.8,1,84.6,17,5,1,0,0,2,4.17
4.73,4,27.1,7,1,0,0,0,0,11.35
4.58,2,33.9,7,2,0,0,1,1,10.3
2.2,2,25.7,14,0,0,2,1,1,6.62
13.95,3,43.2,19,1,0,0,0,0,20.11
9.31,3,23.7,8,0,0,0,1,2,26.52
8.02,3,48.0,19,2,0,0,0,2,10.49
6.16,3,41.9,18,1,0,0,0,0,9.94
3.48,2,64.2,15,6,1,0,0,1,3.94
4.03,2,60.0,16,5,1,0,0,0,4.04
2.38,4,25.5,2,2,0,1,0,3,5.81
4.36,1,47.2,10,3,0,0,1,1,8.59
3.15,4,6.0,8,0,0,0,2,0,32.82
16.2,4,16.9,7,3,0,0,2,3,68.01
10.95,1,35.2,10,6,1,0,2,1,27.07
6.99,1,49.5,10,6,1,0,1,0,13.79
3.73,2,18.2,17,3,0,2,2,2,14.94
3.27,1,35.4,15,2,0,0,2,2,6.39
5.92,2,35.4,21,6,1,0,1,2,11.08
11.21,1,51.5,7,2,0,0,1,1,20.76
2.43,3,18.0,3,4,0,1,1,1,9.74
9.24,3,47.7,14,4,0,1,0,3,12.39
4.35,1,87.2,0,1,0,0,0,2,3.31
4.87,3,25.0,18,2,0,0,1,1,15.09
6.87,1,79.8,13,0,0,1,0,2,5.11
3.82,2,19.8,13,2,0,1,2,0,14.52
5.74,3,25.5,10,2,0,0,1,1,16.04
3.61,3,44.6,10,5,1,0,0,1,5.12
4.58,4,17.3,11,3,0,0,1,2,17.75
10.25,2,33.7,0,3,0,0,1,2,22.19
7.08,4,25.6,5,6,1,2,0,2,17.67
10.23,3,33.1,13,4,0,2,0,1,19.37
4.31,1,44.0,7,5,1,1,1,1,7.83
9.28,3,13.0,18,1,0,0,2,1,45.45
1.99,3,21.7,9,1,0,0,1,3,6.06
6.86,1,45.5,5,2,0,0,1,0,13.83
9.63,3,22.1,8,5,1,1,1,2,31.05
1.92,3,18.4,10,0,0,0,1,1,7.51
4.34,1,71.1,2,3,0,1,0,1,4.22
6.86,1,69.7,6,0,0,0,0,0,6.5
11.68,2,25.2,9,5,1,0,2,3,31.46
4.58,2,15.7,9,3,0,2,2,0,22.45
9.07,3,11.3,18,5,1,2,1,0,54.24
14.45,3,20.2,19,5,1,1,1,1,54.34
9.31,1,84.4,7,2,0,0,0,1,7.25
5.87,1,44.5,6,1,0,2,1,3,9.55
8.3,1,76.2,16,5,1,0,0,1,7.07
4.49,2,69.0,18,2,0,0,0,2,4.45
7.03,2,33.5,22,3,0,1,1,2,13.65
6.05,2,37.4,0,5,1,0,1,2,10.88
8.14,2,33.8,11,1,0,0,1,1,21.51
5.12,4,12.1,17,0,0,0,1,1,30.67
8.41,3,19.5,19,0,0,0,1,1,33.05
5.09,2,18.7,4,4,0,2,2,1,20.2
10.89,3,15.8,17,6,1,1,2,0,50.87
5.42,4,13.2,9,0,0,0,1,3,25.56
1.33,2,30.5,4,4,0,0,1,1,3.58
3.34,2,22.8,13,1,0,3,2,2,11.17
6.74,3,16.2,7,2,0,0,2,2,24.81
16.12,2,29.9,17,5,1,0,1,1,42.99
10.66,1,45.7,18,5,1,0,1,1,21.38
1.1,4,11.9,19,6,1,0,2,0,7.02
2.27,3,52.3,10,2,0,0,0,3,2.84
12.51,2,35.7,0,5,1,0,1,1,29.85
9.6,3,10.0,8,1,0,0,2,0,66.16
20.9,1,49.5,12,5,1,0,1,2,28.18
4.96,2,35.4,17,6,1,0,1,0,11.73
3.76,2,61.9,10,5,1,1,0,2,3.7
6.96,1,96.3,14,1,0,0,0,3,4.85
4.9,3,28.2,14,3,0,0,1,3,12.78
11.86,1,47.2,7,0,0,0,1,1,23.06
4.79,3,48.7,16,0,0,0,0,2,6.47
5.62,2,55.2,12,0,0,1,0,1,6.25
3.42,4,6.8,18,4,0,0,1,0,30.66
10.26,3,26.6,17,0,0,0,1,2,23.91
3.57,1,56.9,6,5,1,0,1,2,4.71
8.5,2,73.0,13,5,1,0,0,3,6.92
17.64,3,58.4,17,3,0,0,0,3,17.79
1.72,4,14.8,5,2,0,0,1,1,7.95
14.83,2,57.6,18,6,1,0,0,1,16.79
7.88,3,40.8,8,2,0,0,0,1,12.68
3.05,1,59.0,13,5,1,2,0,2,3.44
7.12,3,15.7,21,4,0,0,2,0,29.09
10.09,2,35.4,15,3,0,0,1,2,19.34
3.93,4,10.2,11,1,0,1,1,0,26.16
8.78,2,62.0,0,5,1,0,0,1,9.79
15.52,1,45.1,6,2,0,0,1,0,33.08
4.79,1,53.5,15,6,1,0,1,2,6.53
3.39,2,66.1,13,3,0,0,0,1,3.59
6.17,1,29.8,10,6,1,0,2,1,18.35
6.9,2,32.9,21,6,1,1,1,3,14.91
12.21,2,24.4,9,1,0,0,2,1,41.67
6.04,2,36.2,14,6,1,0,1,2,11.15
5.07,4,14.3,15,4,0,0,1,2,21.86
3.33,3,28.0,14,5,1,0,1,3,7.83
1.94,3,34.0,12,0,0,3,0,1,3.21
2.67,2,54.6,10,5,1,0,0,0,3.39
2.65,4,14.0,20,3,0,0,1,3,11.71
5.66,3,28.4,12,5,1,0,1,1,14.66
2.22,1,78.6,14,2,0,0,0,1,1.59
6.45,1,40.5,16,4,0,2,1,3,10.85
17.42,3,20.6,4,5,1,0,1,1,57.83
12.4,3,18.3,18,3,0,0,2,2,44.38
5.63,1,44.3,13,4,0,1,1,2,9.02
23.66,1,85.0,16,1,0,1,0,2,18.0
6.91,4,5.4,18,3,0,1,2,0,77.74
7.51,1,26.6,20,5,1,1,2,1,25.61
6.09,2,45.9,11,5,1,0,1,3,9.16
6.53,2,28.9,19,0,0,2,1,2,14.97
4.69,1,69.0,8,1,0,2,0,2,4.35
5.68,1,35.9,16,0,0,0,2,1,15.55
14.88,2,71.3,5,4,0,0,0,2,13.53
13.16,1,43.0,1,6,1,0,1,1,24.94
1.28,3,19.7,5,0,0,0,1,1,4.71
2.41,3,21.8,9,1,0,0,1,3,7.0
3.97,1,77.6,1,1,0,0,0,1,3.57
11.26,2,33.4,16,1,0,1,1,3,24.25
13.32,3,22.6,9,5,1,0,1,3,41.63
10.07,4,11.9,17,4,0,1,2,2,54.75
3.04,2,35.6,2,2,0,1,1,2,5.45
4.75,3,16.3,8,4,0,0,1,0,20.41
8.87,4,15.1,11,1,0,0,1,2,38.65
5.73,3,43.7,10,4,0,0,0,2,8.26
5.25,2,19.5,6,6,1,2,2,2,18.99
5.3,2,54.5,23,3,0,1,0,1,6.5
12.61,2,21.8,9,6,1,1,2,2,39.29
9.39,3,11.5,17,6,1,1,2,2,51.19
5.48,4,30.8,8,3,0,0,0,2,10.52
8.09,2,23.5,20,2,0,0,2,2,23.56
2.75,4,13.2,10,6,1,0,1,2,12.91
4.75,1,27.6,20,4,0,0,2,0,13.8
11.93,3,40.9,10,6,1,0,0,0,17.58
2.12,1,27.7,0,6,1,1,2,0,7.11
9.46,3,18.8,13,5,1,0,1,0,37.36
1.27,1,42.3,14,6,1,0,1,1,2.97
16.27,1,44.3,6,4,0,1,1,1,31.13
4.68,2,33.7,8,3,0,0,1,0,11.88
8.43,4,23.9,18,1,0,0,0,0,20.36
7.14,1,26.9,2,0,0,3,2,1,21.79
7.3,3,23.8,13,1,0,0,1,3,20.11
8.0,2,23.9,14,2,0,0,2,3,24.44
1.84,4,19.6,17,0,0,2,0,0,5.73
7.39,3,19.7,2,1,0,0,2,2,25.32
5.94,4,8.4,15,4,0,1,2,1,47.25
4.7,2,64.3,0,5,1,1,0,2,4.06
3.97,2,35.7,8,6,1,0,1,2,7.73
7.5,1,56.0,13,4,0,0,1,3,9.51
3.42,3,22.1,20,3,0,1,1,1,11.84
11.81,2,58.9,6,4,0,1,0,1,12.01
8.79,2,64.6,7,4,0,1,0,2,8.29
7.77,3,14.9,17,2,0,0,2,2,33.62
11.54,1,44.7,10,6,1,0,1,0,23.54
1.62,2,63.8,16,5,1,0,0,1,1.5
2.69,4,10.6,23,0,0,0,1,2,15.42
9.01,2,13.9,23,1,0,2,2,1,45.78
4.12,3,27.7,10,1,0,0,1,3,9.64
4.47,3,44.5,13,2,0,0,0,2,6.46
2.42,2,36.4,20,0,0,0,1,2,4.7
3.42,1,32.1,5,6,1,0,2,0,8.45
11.96,1,33.1,12,4,0,0,2,2,27.71
8.89,2,32.3,10,5,1,0,1,1,21.7
7.45,2,71.8,9,6,1,0,0,2,6.96
4.58,3,21.1,23,2,0,1,1,1,16.02
7.18,4,13.8,17,4,0,0,2,2,33.07
12.55,3,14.1,10,1,0,1,2,2,58.6
4.19,4,8.2,19,2,0,0,1,2,32.77
6.52,2,32.3,13,5,1,0,1,0,15.07
16.82,3,44.2,20,2,0,0,0,1,24.49
9.99,1,38.8,8,2,0,3,1,2,17.54
4.62,1,51.7,8,6,1,1,1,3,6.96
9.54,4,23.1,8,1,0,0,0,1,26.65
2.09,1,91.4,14,5,1,0,0,2,1.5
6.37,3,14.5,9,1,0,0,2,2,28.38
9.54,2,51.2,7,3,0,1,0,1,12.71
8.34,1,39.1,23,5,1,3,1,1,16.26
9.48,4,16.1,20,1,0,0,1,2,36.02
10.68,1,49.3,16,5,1,0,1,2,16.25
8.72,4,27.3,20,1,0,0,0,3,17.58
8.58,4,18.7,21,4,0,1,1,3,28.49
7.55,4,18.9,17,1,0,0,1,1,25.62
3.16,1,32.3,13,5,1,0,2,0,8.72
11.96,3,20.5,20,0,0,0,1,1,41.97
6.51,4,10.7,15,4,0,0,1,0,37.86
9.85,2,34.0,6,5,1,1,1,2,20.27
11.28,2,23.4,10,5,1,0,2,0,40.28
4.77,2,39.3,12,5,1,0,1,3,8.13
5.05,2,29.2,21,3,0,1,1,1,13.1
5.48,2,61.7,16,0,0,0,0,1,5.78
13.22,3,19.4,20,3,0,0,1,2,45.41
3.64,3,38.8,18,2,0,3,0,2,5.3
14.49,2,69.9,9,6,1,0,0,2,12.61
7.5,1,48.4,17,2,0,0,1,1,13.5
7.82,1,54.6,7,2,0,0,1,3,10.68
11.0,1,40.0,11,6,1,3,1,1,22.08
7.01,4,14.5,18,1,0,0,1,2,31.79
12.03,1,69.7,16,6,1,1,0,0,11.68
4.77,2,36.7,19,1,0,0,1,2,8.9
14.23,3,16.1,8,4,0,0,2,2,62.77
5.01,3,13.9,18,0,0,2,2,2,24.56
14.53,1,46.2,8,6,1,0,1,1,25.8
5.09,1,51.3,14,0,0,0,1,2,7.31
5.58,3,24.5,11,5,1,0,1,3,15.4
3.35,1,78.3,14,2,0,0,0,1,3.38
4.0,3,19.4,6,2,0,0,1,0,13.74
6.53,1,33.1,10,5,1,0,2,2,15.03
7.67,3,29.4,17,1,0,0,1,2,17.55
11.55,4,16.3,14,3,0,0,1,1,49.73
5.83,2,35.5,14,5,1,0,1,2,11.03
3.05,1,38.3,13,6,1,2,1,2,5.84
8.35,4,18.4,21,0,0,0,1,2,31.26
7.37,4,18.5,21,0,0,0,1,3,25.1
8.89,3,43.1,10,3,0,0,0,0,13.14
4.39,3,21.5,10,0,0,0,1,1,12.74
4.73,2,39.4,14,0,0,0,1,3,8.79
4.39,2,36.9,5,6,1,0,1,2,8.12
12.79,2,62.7,9,1,0,0,0,1,13.92
14.31,3,42.7,8,0,0,0,0,1,20.96
4.6,2,55.6,8,2,0,2,0,2,5.06
4.66,1,88.4,16,2,0,0,0,2,3.09
9.6,3,24.4,10,4,0,1,1,3,26.02
15.19,1,51.9,7,1,0,0,1,3,20.99
17.01,4,10.2,20,1,0,0,2,0,117.46
4.46,3,11.1,20,2,0,0,2,3,28.29
5.21,2,21.9,19,1,0,0,2,2,16.4
7.9,1,36.8,10,6,1,0,2,2,16.43
8.13,3,22.7,3,1,0,1,1,2,24.18
5.97,3,38.7,6,4,0,0,0,1,10.14
3.91,2,39.1,9,3,0,0,1,2,7.2
6.53,2,73.1,8,5,1,0,0,2,5.66
17.0,3,22.2,20,0,0,0,1,3,54.02
4.77,3,50.5,23,4,0,0,0,2,6.16
7.62,1,75.2,19,6,1,0,0,0,7.31
23.22,3,23.7,17,3,0,0,1,2,64.47
4.73,1,68.1,15,0,0,1,0,0,4.39
9.86,3,24.3,18,2,0,0,1,3,28.07
17.4,3,17.6,21,3,0,1,2,1,73.03
9.38,2,78.9,15,0,0,0,0,3,7.89
12.29,2,64.3,7,4,0,0,0,0,12.33
10.61,4,29.0,7,0,0,0,0,2,22.58
8.96,1,46.9,15,1,0,0,1,1,17.05
14.05,3,49.5,9,5,1,0,0,2,16.41
9.68,4,11.3,20,0,0,0,2,1,61.37
6.01,2,37.5,16,2,0,0,1,2,10.93
7.28,4,26.5,17,4,0,0,0,1,16.92
8.29,1,67.7,0,6,1,1,0,0,9.11
5.19,1,46.8,13,3,0,0,1,0,9.32
7.48,2,27.8,11,0,0,0,2,3,18.03
6.86,2,31.9,17,4,0,1,1,2,14.28
9.66,4,27.3,10,2,0,0,0,2,23.1
19.97,4,10.8,22,6,1,0,1,0,118.29
7.74,2,18.6,17,5,1,0,2,0,34.2
15.4,2,29.9,16,3,0,0,1,0,45.65
9.47,1,56.9,21,6,1,0,1,2,13.31
7.46,2,38.4,23,0,0,0,1,2,12.59
5.01,2,33.5,7,2,0,0,1,0,11.29
7.49,4,7.5,18,1,0,0,2,1,67.87
7.22,2,30.9,7,4,0,0,1,2,15.65
4.2,2,26.9,12,4,0,0,2,2,10.83
4.64,1,53.0,5,0,0,0,1,2,6.31
8.33,1,36.0,16,2,0,0,2,2,16.7
15.32,1,45.6,12,3,0,0,1,0,30.07
6.4,3,19.1,16,3,0,0,1,2,21.24
2.33,2,23.7,17,3,0,1,2,0,7.76
1.12,3,52.4,16,3,0,0,0,2,1.5
3.31,3,48.2,9,0,0,0,0,1,4.46
10.0,3,39.3,19,0,0,0,0,1,15.18
2.69,3,45.4,14,6,1,0,0,1,4.28
10.9,2,23.3,13,4,0,1,2,1,35.06
9.69,1,70.4,23,6,1,3,0,2,8.46
6.27,4,23.6,9,2,0,1,0,1,15.38
4.22,1,46.5,14,1,0,0,1,0,7.8
5.73,1,53.9,17,0,0,0,1,2,7.55
8.21,2,35.2,6,6,1,0,1,1,20.3
2.75,3,15.6,10,3,0,1,1,0,12.83
14.47,4,16.6,18,1,0,0,1,1,56.3
8.17,2,36.9,8,6,1,1,1,2,14.84
8.71,1,33.2,13,4,0,0,2,1,21.89
9.65,1,72.6,16,3,0,1,0,1,9.02
13.7,1,42.0,17,5,1,0,1,0,27.59
7.5,4,8.8,17,2,0,0,2,2,49.24
10.0,2,59.6,19,1,0,0,0,1,12.31
4.27,3,27.9,11,4,0,1,1,2,9.86
17.05,2,31.2,17,6,1,1,1,1,40.02
7.2,3,45.6,17,0,0,1,0,2,9.58
4.25,3,22.8,9,2,0,0,1,2,13.08
5.01,2,26.0,22,3,0,0,1,1,13.75
1.55,2,48.4,19,1,0,3,0,1,2.04
4.99,3,19.5,9,4,0,0,1,2,16.68
0.86,4,14.4,17,1,0,0,1,2,3.51
10.42,1,49.1,17,2,0,1,1,3,14.72
8.56,1,55.2,11,6,1,0,1,2,11.13
3.45,3,18.4,19,0,0,0,1,0,12.61
6.47,2,28.2,17,0,0,0,2,3,14.73
6.65,1,76.8,16,6,1,0,0,1,5.54
2.97,1,32.9,8,5,1,0,2,0,8.54
5.8,3,27.2,11,2,0,0,1,3,14.35
6.78,3,41.7,11,3,0,0,0,1,10.61
5.71,3,36.2,17,1,0,2,0,2,9.56
4.25,1,65.8,16,3,0,1,0,0,4.43
3.36,4,16.1,5,4,0,1,1,2,12.74
5.58,3,22.8,9,3,0,0,1,3,17.03
4.6,3,55.0,12,5,1,0,0,3,5.48
9.29,3,14.7,17,2,0,0,2,0,43.42
14.17,3,14.4,18,5,1,0,2,2,66.42
11.2,1,90.8,13,0,0,0,0,2,7.58
6.91,2,36.2,6,5,1,0,1,2,12.48
4.36,4,22.8,9,2,0,0,0,1,13.0
11.03,3,21.2,8,2,0,0,1,1,36.14
9.61,4,11.0,18,1,0,0,1,1,62.57
13.62,2,38.1,7,2,0,1,1,2,22.53
7.51,1,54.1,12,4,0,0,1,2,10.19
16.56,2,23.7,17,1,0,1,2,1,52.62
7.51,1,47.7,22,1,0,0,1,2,10.63
4.35,1,49.1,23,3,0,0,1,0,7.26
4.88,2,23.5,22,5,1,2,1,0,15.46
9.04,3,45.8,17,2,0,0,0,2,12.61
4.59,3,17.9,18,3,0,0,2,2,16.54
16.5,4,13.9,18,3,0,0,1,3,72.3
8.61,1,50.3,19,5,1,0,1,2,11.58
6.82,1,89.8,22,1,0,0,0,2,5.26
7.17,3,17.0,12,3,0,0,1,1,29.63
5.67,2,38.1,11,3,0,0,1,3,9.64
1.91,1,52.9,12,1,0,0,1,2,2.57
4.88,1,48.7,16,1,0,0,1,1,9.94
15.38,4,5.2,18,0,0,2,2,2,175.71
7.63,3,43.7,20,2,0,0,0,0,11.18
11.92,2,61.4,12,0,0,0,0,0,12.21
12.11,3,14.4,10,5,1,0,2,3,50.8
6.51,2,41.0,23,6,1,2,0,0,10.1
9.7,4,5.0,8,1,0,2,2,1,125.88
2.08,2,62.3,8,4,0,0,0,0,1.91
14.69,3,22.7,17,3,0,0,1,2,45.85
14.04,3,10.8,7,3,0,1,2,0,95.02
8.89,2,34.2,11,1,0,0,1,0,20.58
7.79,2,34.4,9,3,0,1,1,3,15.85
6.56,1,72.7,7,0,0,2,0,3,5.75
12.69,3,44.3,15,3,0,0,0,1,19.3
10.34,2,16.1,10,4,0,1,2,0,49.87
0.8,4,11.3,12,2,0,0,2,2,4.59
5.29,2,56.7,7,5,1,2,0,3,5.95
3.06,2,29.1,18,5,1,0,2,3,8.29
2.65,1,44.0,9,5,1,0,1,0,5.03
12.62,2,30.9,10,6,1,1,1,2,27.29
6.48,3,46.7,8,0,0,0,0,1,8.77
8.81,4,12.4,11,2,0,1,1,1,45.86
6.99,2,32.5,12,2,0,1,1,2,14.61
2.68,4,14.3,14,4,0,0,1,2,11.8
2.12,1,54.1,22,5,1,0,1,3,3.07
5.07,4,12.8,20,4,0,0,1,0,25.85
5.34,1,81.4,16,4,0,0,0,1,4.12
5.34,2,76.7,2,4,0,0,0,2,4.62
5.44,3,44.3,16,5,1,0,0,1,7.86
19.25,2,19.2,5,0,0,2,2,1,75.21
11.82,4,10.1,17,6,1,1,2,2,81.05
7.69,4,9.5,10,4,0,0,2,1,59.45
6.38,3,37.0,19,0,0,1,0,0,11.43
6.52,3,11.1,21,3,0,3,2,2,35.76
10.13,3,42.9,11,2,0,0,0,1,14.28
6.34,1,55.9,12,5,1,0,1,3,8.86
11.15,1,50.5,15,3,0,0,1,2,16.55
8.18,3,44.8,7,6,1,0,0,2,11.85
19.34,3,27.0,21,3,0,0,1,3,46.99
6.11,4,22.6,11,1,0,0,0,0,17.69
12.29,3,20.2,7,5,1,1,1,0,46.08
3.26,4,12.6,18,3,0,0,1,2,17.34
4.43,2,28.9,8,3,0,3,1,3,10.06
17.93,3,17.3,7,1,0,0,1,0,74.1
10.89,2,40.3,15,5,1,0,1,3,18.5
8.9,3,14.7,17,6,1,0,2,1,47.53
22.08,3,8.8,15,3,0,2,2,1,166.95
6.43,2,25.7,16,1,0,0,2,3,16.43
12.28,2,35.3,6,6,1,0,1,1,28.49
12.78,3,15.3,12,0,0,1,2,2,55.79
15.81,3,19.9,10,2,0,0,1,1,55.0
3.0,2,57.0,22,4,0,1,0,0,3.38
6.41,1,73.0,3,3,0,0,0,1,5.37
8.1,1,40.1,9,6,1,1,1,1,17.73
15.66,3,20.4,21,0,0,0,1,2,52.89
8.69,2,28.7,23,2,0,0,2,2,21.5
12.8,1,33.5,19,6,1,0,2,1,35.04
2.81,1,53.7,4,6,1,0,1,1,5.02
5.52,1,68.7,14,6,1,1,0,0,5.18
14.01,3,19.9,11,0,0,0,1,0,52.36
5.98,4,15.7,18,1,0,1,1,0,25.94
6.73,4,23.8,3,6,1,0,0,1,18.22
15.52,3,18.1,7,0,0,0,1,0,58.91
3.77,1,71.6,13,6,1,0,0,0,3.46
4.38,3,23.0,7,3,0,0,1,1,14.11
2.59,4,12.9,17,3,0,0,1,1,13.78
15.87,4,11.0,19,5,1,1,1,1,95.4
11.7,3,21.3,17,4,0,0,1,1,37.02
11.53,2,60.1,12,4,0,0,0,0,12.04
5.43,3,30.0,20,3,0,2,0,1,10.85
2.45,2,73.2,6,0,0,0,0,2,2.03
1.95,1,77.1,8,6,1,0,0,1,1.5
14.07,1,26.2,13,6,1,3,2,1,49.3
9.24,2,31.8,4,5,1,0,1,1,23.42
10.27,3,46.0,5,5,1,1,0,3,14.47
7.88,2,21.2,11,6,1,0,2,0,28.82
4.04,3,25.3,21,6,1,0,1,3,10.89
5.59,3,40.0,20,3,0,1,0,0,8.91
3.39,2,28.8,12,0,0,2,1,3,7.93
3.1,4,12.6,6,3,0,0,1,2,16.5
11.16,4,12.4,7,2,0,0,1,2,61.26
2.09,3,19.1,10,0,0,0,1,1,8.33
3.41,3,43.0,8,1,0,3,0,3,4.97
5.79,1,28.7,5,6,1,2,2,2,13.5
7.11,3,49.6,17,1,0,0,0,2,9.04
2.57,1,46.1,15,6,1,1,1,2,3.75
2.05,4,12.4,9,6,1,0,2,0,12.16
8.63,4,11.8,18,4,0,0,1,2,44.59
7.62,2,33.9,18,2,0,0,1,1,16.96
13.93,1,35.5,13,1,0,0,2,1,36.65
7.18,1,27.8,5,6,1,1,2,2,17.18
9.14,2,31.5,21,3,0,0,1,0,22.5
4.19,3,23.7,17,1,0,1,1,3,11.43
4.31,2,24.6,8,3,0,2,1,0,13.17
2.77,1,50.6,16,2,0,0,1,2,4.26
4.22,2,37.5,11,5,1,1,1,2,8.4
5.53,1,84.9,16,5,1,0,0,2,3.98
13.17,3,9.6,12,5,1,2,2,1,90.39
3.8,1,70.5,13,6,1,1,0,1,3.79
19.82,3,49.1,17,4,0,0,0,3,25.28
9.6,3,13.7,16,5,1,2,1,2,42.83
8.5,1,80.8,5,1,0,0,0,1,6.62
6.85,1,47.4,4,4,0,0,1,1,12.28
6.08,1,49.3,9,5,1,1,1,3,8.9
4.64,1,89.3,11,5,1,0,0,2,3.17
2.49,3,15.3,9,2,0,2,1,0,11.36
3.89,2,29.6,16,0,0,1,1,1,10.07
15.85,1,49.4,7,5,1,0,1,2,23.49
9.27,3,15.1,17,2,0,0,2,2,43.87
15.77,3,20.4,18,2,0,0,1,1,55.08
4.56,1,81.2,6,6,1,0,0,1,4.03
3.32,1,45.6,16,2,0,0,1,1,6.65
6.81,1,71.4,22,0,0,1,0,1,5.87
3.99,2,62.6,7,0,0,0,0,1,4.19
7.67,3,12.5,20,2,0,0,2,0,44.3
2.12,1,48.0,15,0,0,0,1,1,4.28
1.39,1,79.7,15,3,0,0,0,1,1.5
8.31,1,36.5,3,2,0,3,1,1,18.89
16.09,1,43.8,18,5,1,0,1,0,29.28
8.53,1,73.0,12,1,0,0,0,0,7.53
9.22,4,13.8,17,3,0,1,1,1,44.19
6.98,2,66.7,18,2,0,0,0,1,6.75
7.38,2,31.3,14,1,0,0,1,0,19.81
2.4,3,21.8,8,6,1,3,1,3,7.23
4.09,1,45.3,6,5,1,0,1,1,8.11
13.09,2,24.6,7,1,0,0,2,2,34.55
3.13,4,25.4,20,4,0,1,0,1,7.64
5.46,1,54.8,6,6,1,0,1,3,7.27
12.95,4,12.8,10,4,0,0,1,2,62.97
7.26,2,26.6,9,6,1,1,1,0,21.78
7.48,4,10.0,19,1,0,3,1,2,48.07
5.48,1,80.2,12,2,0,0,0,1,4.87
10.0,1,53.3,23,2,0,0,1,2,13.36
11.38,2,73.1,17,2,0,0,0,3,9.13
3.95,4,20.9,19,2,0,2,0,3,12.7
2.57,3,16.3,5,1,0,0,2,1,11.51
1.63,2,34.6,8,5,1,0,1,3,3.02
8.96,2,34.2,6,0,0,0,1,0,20.77
8.38,1,42.4,12,6,1,0,2,3,15.28
22.9,2,29.9,17,0,0,2,1,2,53.27
7.01,1,57.9,7,5,1,0,1,3,9.1
6.27,2,63.7,6,5,1,0,0,1,6.6
7.82,2,74.0,16,6,1,0,0,3,7.12
8.07,3,21.4,8,2,0,0,1,2,23.96
5.98,3,20.4,13,4,0,0,1,1,21.01
4.03,1,44.0,3,1,0,0,1,1,8.47
6.78,1,73.8,17,0,0,0,0,1,6.02
6.63,3,18.7,14,5,1,1,1,2,23.26
6.57,2,33.1,16,1,0,0,1,1,18.4
10.59,3,10.1,9,4,0,3,2,1,75.55
6.71,2,28.4,9,5,1,1,1,0,17.52
2.62,3,44.6,18,1,0,0,0,1,4.31
4.48,1,38.9,17,4,0,0,2,2,8.56
5.93,2,36.2,15,5,1,0,1,2,11.72
6.9,1,78.5,16,4,0,0,0,1,5.33
9.07,1,33.5,5,6,1,2,1,1,21.29
6.93,2,63.0,19,3,0,0,0,1,7.61
1.42,1,76.5,18,5,1,0,0,0,1.5
2.85,3,46.0,15,4,0,0,0,1,4.24
9.43,4,28.4,21,3,0,0,0,2,20.7
5.83,1,41.9,7,5,1,1,1,1,10.73
7.29,3,40.3,17,5,1,0,0,0,11.55
5.38,3,48.5,22,4,0,0,0,2,6.92
4.46,2,36.3,9,6,1,0,1,1,10.23
5.51,2,36.0,0,4,0,0,1,1,12.19
7.34,3,45.2,17,1,0,0,0,1,10.68
6.68,2,23.9,0,6,1,0,2,1,22.44
11.34,1,47.6,20,6,1,0,1,1,20.49
2.26,1,48.6,3,3,0,0,1,2,3.61
2.5,4,17.1,16,5,1,0,1,2,9.64
5.79,4,14.5,10,0,0,0,1,1,26.57
9.13,3,20.8,8,0,0,0,1,3,27.04
10.27,2,74.3,20,1,0,0,0,3,8.56
4.58,4,23.8,18,0,0,1,0,2,12.29
0.8,2,46.3,10,0,0,0,1,3,1.5
4.68,1,36.1,9,4,0,2,1,2,8.47
8.4,3,36.5,17,2,0,2,0,2,13.36
6.6,4,10.7,19,2,0,1,2,3,40.34
9.32,4,8.4,17,0,0,2,1,3,75.47
12.84,2,32.5,16,1,0,2,1,3,26.19
6.04,3,20.5,8,1,0,0,1,2,20.64
5.02,1,35.9,19,3,0,3,1,1,11.69
3.67,3,45.9,18,1,0,0,0,1,4.75
2.49,1,51.3,13,1,0,0,1,2,3.31
2.01,1,66.4,13,4,0,3,0,2,1.8
4.29,1,42.5,15,4,0,0,1,0,8.99
11.88,3,18.0,19,5,1,0,1,1,47.5
9.83,4,8.5,18,0,0,3,1,1,79.36
4.87,2,34.9,19,5,1,0,1,2,9.22
19.92,4,18.2,13,1,0,0,1,2,68.39
4.49,1,83.5,16,2,0,0,0,1,3.75
13.52,4,27.4,19,1,0,1,0,3,29.61
15.29,1,43.8,8,6,1,1,1,2,25.24
8.73,3,20.9,12,1,0,2,1,2,26.6
4.27,1,53.7,16,0,0,0,1,2,5.9
5.28,2,41.6,21,2,0,0,1,3,9.14
7.45,2,60.4,0,0,0,1,0,2,7.86
2.54,3,22.2,8,1,0,1,1,3,7.52
3.43,4,6.3,8,2,0,0,2,1,34.81
3.24,3,19.9,9,1,0,0,1,1,12.18
9.11,3,28.4,9,5,1,0,1,2,18.21
12.77,3,21.7,15,0,0,2,1,3,37.07
10.05,2,21.3,20,6,1,2,1,0,32.32
11.62,2,24.0,16,0,0,0,2,1,39.78
4.03,3,20.7,8,4,0,0,1,2,12.57
5.43,4,10.7,19,2,0,0,1,2,33.67
5.69,2,54.7,16,4,0,3,0,2,6.22
8.71,3,33.7,8,5,1,2,0,2,16.94
4.37,2,36.0,10,6,1,0,1,1,9.54
11.22,4,15.6,18,2,0,0,1,2,47.1
15.06,3,20.9,18,3,0,0,1,2,47.89
8.96,1,92.5,15,6,1,0,0,2,6.35
5.28,2,30.1,7,2,0,2,1,2,11.35
3.79,3,19.3,18,6,1,0,1,1,14.82
3.25,1,37.8,9,6,1,1,2,2,6.37
1.43,3,43.4,18,1,0,0,0,1,1.85
5.8,4,8.9,16,2,0,0,1,0,42.35
5.6,3,40.8,8,4,0,1,0,2,9.21
10.83,3,21.3,8,0,0,0,1,1,34.91
4.56,1,34.5,6,0,0,1,2,3,8.4
6.01,3,20.4,8,2,0,1,1,2,18.89
7.89,1,43.4,7,3,0,0,1,0,15.67
8.88,3,48.8,16,0,0,0,0,1,13.55
10.14,1,41.6,15,5,1,1,1,1,20.62
7.43,2,26.4,15,0,0,0,2,3,19.01
2.65,1,25.5,16,6,1,0,2,1,8.51
8.44,1,23.1,19,5,1,2,2,2,24.66
4.35,3,18.7,21,5,1,2,1,1,16.33
13.11,1,75.9,8,5,1,1,0,2,11.32
6.75,3,17.0,15,0,0,0,2,0,31.11
7.7,2,16.0,4,3,0,2,2,1,37.97
23.93,2,17.3,6,4,0,2,2,2,90.34
10.24,2,34.2,16,2,0,0,1,1,25.39
8.35,2,64.0,13,5,1,0,0,1,9.48
6.12,2,65.3,18,3,0,0,0,2,5.68
2.81,1,45.3,11,6,1,1,1,2,4.81
5.85,1,77.4,6,6,1,1,0,2,4.74
3.76,3,15.0,20,2,0,0,2,1,18.27
16.07,3,22.1,5,1,0,0,1,1,57.47
8.41,2,54.0,7,5,1,1,0,0,10.69
12.84,4,29.0,9,2,0,0,0,1,29.73
4.47,3,55.0,23,5,1,0,0,2,5.14
3.95,4,9.9,11,0,0,0,1,1,28.07
9.68,1,51.2,13,3,0,0,1,2,14.21
3.66,1,76.6,18,5,1,0,0,1,3.17
5.04,2,29.7,16,3,0,0,1,0,12.82
16.49,3,51.6,19,4,0,0,0,3,18.96
5.16,1,76.1,13,1,0,0,0,1,4.41
2.39,1,44.2,22,6,1,1,1,1,5.19
1.75,2,35.4,18,6,1,1,1,1,4.17
2.18,2,24.7,11,4,0,1,2,3,6.0
13.26,4,9.2,10,4,0,2,1,2,92.75
4.66,3,47.6,21,1,0,0,0,3,6.23
23.51,3,14.6,17,0,0,0,2,2,103.76
15.15,1,48.6,16,3,0,0,1,1,28.07
18.67,4,12.9,18,2,0,1,1,2,92.37
11.78,1,27.8,14,1,0,0,2,0,37.18
9.39,4,13.4,7,4,0,0,1,0,46.44
3.85,2,29.6,9,6,1,0,1,0,9.79
6.65,1,34.5,14,2,0,2,1,0,14.07
9.93,3,22.4,0,5,1,0,1,1,33.19
11.38,3,14.8,11,1,0,0,2,1,56.34
3.01,1,62.8,18,5,1,3,0,0,3.76
5.91,1,38.4,7,1,0,1,1,0,13.27
6.33,2,27.6,4,0,0,0,2,0,19.05
6.18,2,70.4,19,5,1,0,0,3,5.55
3.3,3,44.5,16,0,0,0,0,2,4.9
17.46,1,38.3,7,3,0,1,1,1,37.76
5.78,2,32.4,18,3,0,0,1,1,13.63
3.47,2,18.7,16,2,0,0,2,2,11.54
17.7,3,42.2,9,3,0,0,0,0,28.73
15.16,1,64.9,10,5,1,2,0,2,15.54
7.26,2,17.3,7,5,1,2,2,2,27.06
1.74,2,68.1,19,1,0,0,0,2,1.55
4.94,2,74.5,13,1,0,0,0,3,4.08
2.05,2,28.8,14,1,0,1,1,0,5.93
8.99,1,76.4,20,5,1,1,0,2,7.3
4.72,1,30.0,0,1,0,1,2,2,11.23
6.55,1,39.3,4,0,0,2,1,2,12.19
16.83,2,30.2,7,1,0,1,1,2,38.88
4.5,1,73.8,1,1,0,0,0,0,4.3
8.77,2,39.8,16,1,0,0,1,2,15.05
10.31,1,29.2,16,4,0,0,2,1,31.87
13.03,3,17.5,8,5,1,0,1,0,55.57
6.27,1,44.2,7,5,1,0,1,1,12.82
5.87,2,31.4,7,2,0,0,1,1,13.64
5.78,2,42.4,22,5,1,0,1,3,8.75
8.28,2,18.9,17,6,1,2,2,1,34.05
14.81,2,33.9,15,2,0,0,1,0,32.75
5.62,2,76.4,9,1,0,0,0,3,4.58
0.86,2,60.9,11,5,1,0,0,0,1.5
10.97,2,62.2,5,1,0,0,0,0,11.76
6.94,3,14.8,23,2,0,2,1,1,30.07
9.0,4,20.3,18,3,0,2,0,0,25.93
2.11,1,89.9,16,4,0,0,0,2,1.5
4.73,4,8.4,15,4,0,0,1,1,36.74
10.46,2,32.3,13,5,1,1,1,2,23.18
2.75,4,11.1,8,3,0,0,1,0,16.28
8.76,2,36.7,8,1,0,0,1,2,14.84
6.52,2,38.1,14,2,0,0,1,2,13.04
4.09,2,25.5,4,6,1,2,2,3,10.92
3.88,1,64.4,4,4,0,1,0,0,3.87
3.32,1,31.0,14,3,0,0,2,2,7.96
6.92,1,66.5,21,6,1,2,0,2,6.81
7.41,1,57.6,21,3,0,0,1,3,10.25
5.28,2,29.2,0,0,0,1,1,1,13.6
3.18,1,92.7,6,5,1,0,0,3,2.08
8.61,4,11.7,15,3,0,0,1,0,50.67
11.08,3,15.8,19,0,0,0,2,1,53.02
9.53,3,12.3,22,0,0,2,2,1,52.51
19.09,2,35.9,19,5,1,0,1,1,42.29
5.95,3,24.4,17,4,0,0,1,1,17.61
14.0,3,51.0,8,6,1,0,0,2,17.51
4.36,2,62.5,4,6,1,0,0,1,4.74
3.91,4,22.7,3,1,0,0,0,1,11.19
7.18,2,30.0,16,1,0,0,1,0,17.54
15.74,3,18.7,2,3,0,0,1,3,55.29
5.54,3,26.8,18,2,0,0,1,1,16.02
2.1,2,35.1,17,6,1,0,1,0,5.63
10.96,1,43.7,5,6,1,0,1,0,21.0
6.35,4,14.2,20,2,0,0,1,1,30.36
7.96,3,20.6,14,0,0,0,1,1,29.05
4.04,2,25.1,20,6,1,0,2,1,13.28
7.14,2,24.6,20,5,1,0,2,1,20.58
2.35,1,46.9,7,3,0,0,1,1,4.33
17.61,4,21.9,10,3,0,2,0,2,50.25
12.12,3,18.6,6,1,0,0,1,0,45.1
6.95,3,36.4,18,2,0,3,0,1,12.12
10.79,1,46.4,13,4,0,0,1,2,17.78
4.37,3,43.2,21,6,1,0,0,0,6.09
11.82,4,6.9,8,6,1,0,2,2,109.16
5.39,2,36.8,17,5,1,0,1,2,9.56
5.15,2,75.3,23,3,0,0,0,3,4.43
3.48,4,12.7,17,3,0,0,1,0,20.88
8.55,2,22.9,4,1,0,0,2,2,23.42
6.77,1,75.6,15,4,0,1,0,2,4.95
14.25,2,34.8,7,4,0,0,1,1,30.11
3.2,2,58.6,1,4,0,0,0,0,4.13
8.57,2,36.1,9,5,1,0,1,1,17.6
12.78,3,48.2,8,4,0,0,0,2,16.04
23.81,1,45.0,18,6,1,0,1,0,48.07
7.49,2,36.5,10,2,0,0,1,2,14.37
5.33,1,79.7,17,5,1,0,0,1,4.41
7.38,1,25.2,0,6,1,3,2,1,24.3
13.62,1,43.2,0,0,0,1,1,1,27.95
13.62,1,83.3,1,6,1,0,0,1,11.12
6.2,3,27.9,8,4,0,0,1,2,14.5
13.49,3,14.2,10,0,0,1,2,0,70.42
6.57,2,21.3,15,0,0,0,2,3,22.5
10.72,2,31.6,23,6,1,0,1,1,26.24
9.16,3,23.4,10,1,0,0,1,2,24.9
5.19,1,30.0,3,4,0,0,2,1,15.1
3.57,1,79.8,7,2,0,0,0,1,3.13
12.97,2,30.3,20,1,0,1,1,1,33.82
15.01,4,28.5,17,6,1,0,0,2,32.66
8.45,4,14.4,18,1,0,0,1,3,33.04
6.57,1,33.6,6,6,1,0,2,3,12.93
2.92,1,46.7,6,0,0,0,1,1,5.3
12.79,3,22.9,6,3,0,0,1,0,40.9
7.89,2,68.0,19,2,0,1,0,3,7.0
5.66,1,69.6,8,5,1,1,0,0,5.52
10.89,1,94.6,16,4,0,0,0,3,7.64
2.54,3,13.9,13,4,0,1,2,0,13.58
3.36,1,59.8,14,2,0,0,1,3,4.7
4.26,1,73.2,7,4,0,0,0,0,4.12
8.99,3,22.7,16,3,0,0,1,0,29.17
7.43,2,18.4,2,5,1,0,2,2,27.53
9.61,2,61.3,23,3,0,1,0,2,9.69
12.3,3,49.9,1,4,0,0,0,1,16.2
9.81,2,36.7,3,1,0,0,1,2,18.49
17.82,2,72.3,9,5,1,0,0,2,13.44
12.28,2,34.0,19,5,1,1,1,2,25.3
6.19,3,17.1,8,4,0,1,2,3,24.22
4.71,1,44.2,12,4,0,0,1,1,9.57
6.3,2,33.4,0,2,0,0,1,1,16.54
10.0,2,31.0,5,3,0,1,1,2,22.91
5.04,1,89.2,15,5,1,0,0,2,3.52
10.16,2,25.2,7,1,0,0,2,0,31.98
9.51,4,25.2,17,2,0,0,0,1,23.34
3.53,4,9.1,18,2,0,0,2,3,24.81
12.16,4,28.1,19,1,0,0,0,0,25.23
8.28,1,24.6,6,1,0,1,2,1,27.15
17.34,2,36.6,12,2,0,0,1,1,38.98
6.59,3,48.3,21,4,0,0,0,2,7.66
5.5,1,94.2,18,6,1,0,0,3,3.43
3.22,1,78.9,6,1,0,0,0,1,2.96
3.19,4,25.4,13,5,1,2,0,2,7.57
11.35,1,51.6,21,0,0,0,1,2,16.74
16.37,3,19.3,12,1,0,0,1,2,57.15
6.25,2,36.7,19,5,1,0,1,2,11.67
6.0,2,56.3,13,2,0,1,0,1,6.4
6.96,2,54.6,6,0,0,3,0,2,7.71
12.62,2,43.7,7,2,0,0,1,3,20.56
3.55,4,8.2,3,3,0,1,2,1,27.99
7.69,3,22.8,7,3,0,0,1,1,25.42
11.49,2,64.1,20,4,0,0,0,3,10.83
8.93,2,31.6,16,1,0,0,1,0,22.45
0.8,2,27.0,18,6,1,2,1,2,2.08
9.83,1,54.6,16,6,1,1,1,3,12.71
8.98,3,24.5,10,2,0,0,1,1,27.7
13.99,2,19.4,8,0,0,2,2,1,57.61
15.65,2,31.5,21,5,1,0,1,0,39.81
13.6,2,60.6,13,1,0,0,0,1,15.73
6.98,3,42.9,13,4,0,0,0,1,9.98
2.03,1,41.2,23,2,0,3,1,2,3.33
5.97,3,20.5,10,5,1,0,1,0,19.94
6.85,2,21.3,19,5,1,1,2,1,24.49
16.26,3,36.4,19,2,0,2,0,2,26.03
4.07,4,28.8,8,3,0,0,0,2,8.33
2.6,2,28.2,5,4,0,0,2,2,6.56
5.06,4,32.0,22,5,1,0,0,3,8.83
4.22,3,13.3,11,2,0,1,2,2,19.86
2.42,4,12.9,0,3,0,0,1,0,12.97
6.33,2,35.7,13,6,1,0,1,1,14.92
7.01,2,65.0,16,6,1,0,0,0,6.91
2.31,4,11.4,18,3,0,0,1,1,13.93
5.48,2,23.0,21,0,0,0,2,2,16.66
4.04,2,29.5,21,5,1,1,1,0,10.96
1.57,2,31.3,21,4,0,0,1,1,4.01
7.15,2,32.7,1,4,0,0,1,0,16.73
7.58,1,51.3,17,6,1,0,1,1,13.48
4.04,4,11.0,8,2,0,1,1,3,25.53
12.09,1,78.1,7,6,1,0,0,1,10.75
6.75,4,8.5,18,0,0,1,2,2,51.39
4.17,3,45.7,11,1,0,0,0,1,6.48
2.2,4,26.7,21,2,0,0,0,2,4.94
7.82,1,81.8,2,3,0,1,0,2,6.03
8.97,2,21.4,18,1,0,1,2,0,31.39
4.88,1,78.5,6,1,0,1,0,2,3.82
7.28,2,22.0,7,5,1,0,2,1,25.73
15.65,1,50.5,12,2,0,0,1,3,23.9
11.04,3,19.2,11,5,1,0,1,1,35.94
1.18,1,56.7,13,0,0,0,1,3,1.5
4.14,2,71.9,21,4,0,0,0,2,3.46
6.15,1,34.3,16,0,0,0,2,1,15.57
6.99,2,24.6,9,2,0,0,2,1,23.75
7.38,3,18.6,7,4,0,0,1,0,26.68
8.64,1,47.2,11,1,0,0,2,3,13.58
6.27,2,26.0,12,6,1,3,1,1,17.74
6.74,2,44.4,15,6,1,0,1,3,11.0
11.36,4,15.7,8,3,0,0,1,3,41.57
7.91,2,25.5,18,5,1,3,1,1,23.06
3.0,2,33.8,5,0,0,0,1,1,7.34
7.12,2,32.4,14,5,1,0,1,1,18.66
6.16,1,28.3,16,5,1,1,2,3,15.6
1.56,1,56.6,8,6,1,0,1,3,2.13
7.34,3,17.5,19,4,0,1,1,1,30.56
3.29,3,12.8,16,0,0,2,1,2,15.39
11.46,3,13.8,16,4,0,0,1,1,52.88
8.57,1,92.8,13,3,0,0,0,3,6.06
2.88,3,20.0,20,5,1,0,1,3,9.24
11.17,3,18.4,17,2,0,0,1,1,43.53
14.12,1,52.9,10,6,1,0,1,3,20.58
5.7,4,20.5,8,2,0,0,1,3,18.12
6.13,2,22.3,4,4,0,1,2,1,21.26
10.55,2,62.2,7,4,0,0,0,1,11.29
13.54,1,36.5,23,2,0,0,2,3,26.7
1.92,4,10.6,11,1,0,2,1,3,12.4
3.13,2,19.9,20,6,1,1,2,1,13.82
5.13,1,32.2,7,1,0,0,2,1,14.08
5.49,1,68.9,11,6,1,1,0,1,5.22
10.38,1,43.8,22,1,0,0,1,1,20.96
13.57,2,43.1,5,6,1,0,1,3,23.26
14.14,3,41.7,15,3,0,0,0,1,22.17
1.89,2,27.1,21,4,0,0,2,2,4.6
3.89,2,31.0,22,0,0,0,1,1,9.83
2.79,4,26.9,19,0,0,0,0,0,6.66
4.53,3,42.9,19,4,0,0,0,1,6.75
3.88,1,44.1,16,2,0,0,1,0,7.19
8.55,3,54.5,8,4,0,0,0,3,10.3
9.15,4,26.6,17,1,0,1,0,1,23.25
6.69,1,35.6,23,1,0,0,2,2,13.88
6.31,1,47.6,14,0,0,0,1,1,12.43
5.27,1,39.7,8,4,0,3,1,2,9.26
5.66,2,47.1,15,0,0,2,0,1,7.43
15.55,4,25.4,17,2,0,0,0,0,38.13
9.94,1,54.2,8,5,1,0,1,2,12.59
5.39,1,48.3,17,5,1,1,1,2,8.28
6.24,2,61.2,15,5,1,0,0,0,7.25
8.67,2,64.9,16,3,0,0,0,2,7.92
2.88,2,29.5,9,6,1,0,2,2,7.02
7.27,1,29.4,7,3,0,0,2,1,23.24
9.63,1,40.7,16,2,0,3,1,2,16.61
8.93,1,45.7,15,1,0,1,1,2,14.99
3.94,3,47.2,10,1,0,0,0,2,5.6
4.44,3,38.2,9,1,0,1,0,1,7.28
1.41,4,10.8,10,0,0,0,2,2,7.64
10.21,2,31.9,13,6,1,0,1,1,25.7
19.22,1,42.5,22,5,1,0,1,1,39.46
3.57,2,36.8,18,0,0,0,1,1,7.62
12.25,3,24.7,19,3,0,0,1,2,35.5
18.28,2,60.6,13,1,0,1,0,2,20.43
4.94,4,9.4,14,1,0,0,1,0,38.17
6.24,1,51.6,8,6,1,1,1,2,8.76
7.76,3,41.4,17,5,1,0,0,0,12.1
8.76,2,43.8,11,6,1,0,1,3,14.59
8.01,3,19.7,18,2,0,1,1,2,27.99
5.19,3,25.3,11,3,0,0,1,2,13.92
9.54,3,15.2,6,5,1,0,1,1,44.67
5.27,1,84.8,7,0,0,0,0,3,3.77
8.33,4,18.9,19,3,0,0,1,3,30.02
6.55,2,35.6,8,5,1,0,1,1,14.75
1.73,2,33.5,8,1,0,0,1,0,4.31
13.26,3,47.7,21,1,0,0,0,2,16.33
4.52,3,50.1,16,0,0,0,0,1,6.41
14.0,2,19.3,6,6,1,1,2,2,48.76
11.97,2,32.3,7,0,0,2,1,3,24.78
7.62,1,87.0,9,3,0,0,0,2,5.71
9.03,2,27.8,15,4,0,1,1,1,23.87
9.66,3,35.7,18,1,0,2,0,1,16.47
5.89,1,58.2,9,1,0,0,1,3,6.93
6.07,3,14.8,20,4,0,0,2,0,30.56
9.4,1,38.1,6,3,0,0,2,3,19.33
6.59,3,36.8,8,2,0,1,0,0,11.4
5.2,2,63.1,22,2,0,0,0,1,5.56
3.98,2,37.5,6,1,0,0,1,2,6.99
8.47,4,31.4,20,2,0,0,0,1,17.29
4.42,3,39.5,17,6,1,1,0,2,6.88
10.84,1,43.4,4,3,0,0,1,1,22.09
11.36,1,85.6,13,2,0,0,0,2,7.77
8.99,1,21.7,13,0,0,2,2,1,32.21
10.09,3,15.0,21,3,0,2,1,2,43.2
9.0,2,39.3,11,4,0,1,1,3,14.91
10.5,2,25.9,12,1,0,2,1,1,32.07
10.24,1,40.6,6,3,0,1,1,0,21.61
8.21,4,9.8,16,2,0,1,1,1,47.48
12.06,4,20.8,8,3,0,2,0,1,33.6
6.02,4,10.9,4,5,1,1,1,0,36.92
4.06,1,50.6,23,4,0,0,1,2,6.46
3.93,1,50.4,8,5,1,0,1,1,7.39
5.49,4,33.4,6,3,0,0,0,2,8.53
1.54,4,15.6,17,4,0,0,1,1,6.66
7.58,3,24.3,19,4,0,1,1,3,20.92
9.74,2,37.6,4,3,0,0,1,2,16.69
11.27,1,25.0,5,1,0,1,2,1,38.43
2.02,3,12.9,5,6,1,2,2,2,10.2
4.01,1,89.8,3,1,0,0,0,3,3.08
10.66,2,38.7,16,2,0,0,1,2,18.21
5.91,1,52.5,15,5,1,0,1,2,8.42
9.61,1,76.3,16,3,0,0,0,1,8.82
2.78,2,65.2,13,5,1,0,0,1,3.36
13.91,2,32.7,19,5,1,0,1,2,30.43
2.62,2,32.3,14,3,0,1,1,2,5.5
7.45,3,25.9,21,0,0,0,1,3,17.64
7.56,1,56.5,13,1,0,0,1,3,9.44
4.85,4,10.6,18,4,0,0,1,1,31.4
8.81,3,7.8,11,0,0,0,2,1,76.01
8.95,1,46.4,11,3,0,0,1,0,18.0
8.4,4,20.5,19,0,0,0,1,1,28.05
4.8,1,32.8,6,1,0,0,2,1,13.03
4.21,3,16.5,15,3,0,1,1,0,19.06
5.13,2,26.4,17,5,1,3,1,0,14.9
3.84,2,35.0,18,5,1,0,1,1,9.07
12.37,2,36.6,15,1,0,1,1,3,20.95
5.42,4,25.5,12,0,0,0,0,1,12.87
7.32,3,19.8,8,2,0,1,1,1,25.67
10.63,2,63.1,20,6,1,0,0,1,11.97
3.72,2,28.2,10,4,0,0,2,1,12.19
2.54,4,12.8,18,4,0,0,1,2,12.43
3.85,2,62.1,1,6,1,1,0,2,3.95
7.8,1,44.9,8,6,1,0,1,1,15.18
7.49,3,13.3,10,2,0,2,2,3,37.01
8.39,3,16.6,17,2,0,0,2,1,38.16
6.25,3,47.8,9,2,0,0,0,2,8.33
0.84,1,54.6,2,1,0,0,1,2,1.5
6.13,1,30.6,7,3,0,1,2,1,16.19
11.44,2,33.6,8,2,0,0,1,0,26.32
13.09,2,31.1,7,1,0,0,2,3,30.22
7.04,1,28.8,8,5,1,1,2,1,22.99
7.51,4,12.2,18,0,0,0,1,2,41.24
9.51,2,28.9,11,0,0,0,2,3,21.1
12.89,4,24.8,11,2,0,0,0,2,31.25
6.67,1,32.5,22,0,0,0,2,2,14.07
9.43,4,13.4,12,2,0,0,1,1,48.7
4.66,4,8.4,21,0,0,1,1,2,34.85
2.82,3,11.7,9,0,0,2,2,2,15.34
4.98,4,14.2,11,3,0,1,2,1,25.83
14.53,3,25.4,11,6,1,0,1,2,38.33
9.54,4,25.8,14,3,0,0,0,1,22.85
3.01,1,44.7,15,0,0,1,1,2,4.98
9.8,3,13.9,8,3,0,3,2,2,49.03
3.18,3,19.0,18,2,0,0,1,1,13.0
8.32,1,35.7,13,4,0,0,2,1,20.96
3.62,2,20.0,0,2,0,1,2,2,13.29
2.89,2,35.7,15,3,0,0,1,2,5.86
15.87,4,8.6,18,1,0,2,1,0,115.97
5.41,1,81.4,8,6,1,0,0,1,4.73
9.44,2,33.0,2,0,0,0,1,0,22.65
6.84,4,22.9,18,3,0,0,0,1,19.91
3.36,1,32.2,22,5,1,2,1,1,8.26
5.78,1,48.7,4,5,1,0,1,1,11.34
3.38,1,34.1,21,6,1,3,1,1,8.14
22.16,1,85.6,10,6,1,0,0,2,16.08
10.41,1,30.8,21,3,0,0,2,1,28.57
6.76,1,46.4,16,3,0,0,1,1,12.21
9.16,3,22.0,20,5,1,0,1,1,30.08
10.03,1,57.2,18,6,1,0,1,2,12.72
10.05,1,55.7,1,2,0,0,1,3,13.55
9.81,3,43.5,4,6,1,0,0,1,14.47
9.39,1,39.0,14,0,0,2,1,3,17.9
7.09,1,75.2,6,4,0,3,0,3,5.95
15.2,2,23.9,12,5,1,0,2,2,44.72
7.36,2,22.7,22,5,1,0,2,0,25.88
6.88,1,85.4,9,5,1,1,0,3,5.45
7.4,1,38.2,13,6,1,0,2,3,13.76
7.71,1,32.6,10,6,1,0,2,3,15.0
2.03,2,39.6,16,3,0,0,1,3,3.35
3.82,2,56.1,7,6,1,1,0,1,4.58
6.25,3,19.2,8,1,0,0,1,1,23.16
1.96,1,51.2,19,5,1,0,1,2,2.62
6.75,4,29.6,19,0,0,0,0,2,13.39
7.65,4,22.7,18,6,1,2,0,3,20.44
2.73,3,41.3,18,6,1,1,0,1,5.04
4.45,1,86.1,12,4,0,0,0,2,3.2
13.39,4,14.8,17,5,1,1,1,3,59.28
9.21,3,18.6,10,1,0,0,1,1,36.68
8.91,1,49.2,5,5,1,0,1,1,16.9
12.49,1,49.1,11,6,1,0,1,1,23.29
3.87,2,20.4,7,4,0,0,2,0,14.96
2.74,4,7.3,10,4,0,2,2,1,25.43
11.56,2,25.6,9,5,1,0,2,1,36.39
6.36,1,44.7,15,6,1,0,1,0,11.7
3.81,2,28.5,10,0,0,0,1,1,10.67
2.02,3,13.2,17,2,0,2,2,1,12.21
7.45,1,37.6,13,1,0,0,2,3,14.18
5.92,2,32.8,21,5,1,1,1,2,12.05
5.31,3,24.6,5,3,0,0,1,3,15.66
1.1,3,21.5,17,4,0,0,1,1,3.63
15.09,4,9.1,17,1,0,1,1,0,100.31
2.38,2,52.5,22,0,0,2,0,1,3.04
5.64,2,59.8,10,1,0,0,0,0,6.18
5.06,2,44.9,9,3,0,0,1,3,7.83
9.37,1,43.2,7,3,0,1,1,1,16.83
2.04,3,19.7,8,0,0,0,1,0,7.26
8.74,2,67.4,13,1,0,0,0,2,8.45
7.47,1,34.7,19,5,1,0,2,2,16.27
4.31,2,32.2,9,2,0,0,1,0,10.53
8.56,1,26.0,7,2,0,0,2,2,23.27
6.75,1,44.6,9,5,1,0,1,1,13.2
17.08,3,44.0,5,4,0,0,0,1,24.78
5.92,1,40.5,21,5,1,1,1,0,10.61
3.47,2,30.7,20,6,1,0,1,2,7.61
8.79,3,18.6,9,4,0,1,1,1,34.31
5.47,4,21.8,8,1,0,2,0,1,14.91
6.66,2,56.8,20,5,1,2,0,3,7.36
2.75,2,63.9,0,6,1,0,0,1,3.08
9.45,1,48.2,15,4,0,0,1,0,16.25
4.93,4,36.0,21,3,0,0,0,3,8.33
7.81,1,46.2,13,0,0,0,1,1,15.3
19.44,1,32.3,0,4,0,1,2,1,51.88
5.71,2,32.7,8,5,1,0,1,2,11.06
10.19,4,20.2,21,2,0,3,0,1,29.89
5.95,1,91.5,0,5,1,0,0,2,4.0
4.35,4,14.0,11,3,0,0,1,1,21.39
13.65,1,76.4,18,6,1,0,0,1,12.65
1.58,2,66.8,19,2,0,0,0,2,1.5
11.68,2,37.8,12,4,0,0,1,2,20.18
1.42,3,47.2,8,5,1,0,0,2,1.85
11.01,3,36.4,15,4,0,3,0,0,18.67
6.73,1,23.3,8,6,1,3,2,2,19.76
3.48,3,28.4,8,3,0,0,1,2,8.49
5.14,3,17.2,18,2,0,0,2,2,18.56
9.88,2,70.4,7,0,0,0,0,3,8.36
18.43,1,80.5,0,0,0,0,0,1,15.42
2.1,2,32.5,10,6,1,0,1,2,4.54
3.63,4,10.0,13,3,0,0,1,2,22.18
2.58,2,22.4,17,5,1,0,2,1,9.05
5.92,2,41.0,18,4,0,0,1,2,10.71
11.18,3,16.8,16,5,1,1,1,1,44.38
2.32,1,54.9,16,3,0,0,1,2,3.07
6.62,2,31.0,17,2,0,0,2,2,15.19
10.98,3,15.5,8,0,0,1,2,2,50.82
5.09,4,22.9,10,4,0,3,0,1,13.47
7.51,1,39.8,16,2,0,1,1,1,16.46
13.09,1,48.1,4,0,0,0,1,1,24.0
3.18,3,15.4,9,0,0,1,2,0,13.75
1.72,4,8.6,11,1,0,3,2,2,13.07
8.06,1,63.7,14,4,0,2,0,2,8.16
8.19,1,35.7,13,3,0,0,2,2,17.29
4.87,4,9.1,17,1,0,0,2,3,33.25
4.27,4,26.9,12,0,0,1,0,1,9.78
6.81,3,20.2,20,4,0,0,1,2,22.64
3.14,4,12.5,10,6,1,0,1,1,16.34
3.14,3,24.4,14,6,1,0,1,0,9.72
9.84,1,44.0,0,4,0,0,1,0,19.08
2.99,3,51.4,9,1,0,0,0,2,3.52
1.81,4,9.8,20,2,0,0,2,2,11.79
4.27,4,28.8,9,2,0,1,0,2,9.41
4.94,2,33.4,8,6,1,0,1,1,12.18
8.74,2,58.6,14,3,0,0,0,0,10.01
4.51,3,16.7,5,4,0,1,1,0,17.41
14.32,2,42.4,14,5,1,0,1,3,23.44
7.02,4,7.0,9,1,0,0,2,0,60.97
3.88,2,30.4,10,0,0,0,2,2,8.26
8.52,4,13.7,18,2,0,0,1,0,40.75
14.18,2,26.2,16,1,0,3,1,1,42.77
9.69,2,34.1,12,3,0,1,1,1,20.24
2.22,2,33.3,15,3,0,0,1,1,5.71
5.22,2,28.6,18,5,1,0,1,1,13.29
7.74,4,24.1,18,4,0,0,0,0,20.15
9.46,2,35.9,7,3,0,0,1,3,19.81
5.95,4,25.9,9,3,0,0,0,0,14.98
5.44,1,63.0,10,5,1,2,0,2,5.34
17.01,2,27.8,7,5,1,0,2,2,41.41
9.77,1,74.3,0,2,0,0,0,0,9.28
8.54,2,39.0,7,2,0,0,1,0,17.34
4.64,3,24.0,18,3,0,0,1,2,12.81
3.11,2,24.4,14,6,1,0,2,1,11.05
8.63,2,35.2,10,5,1,0,1,1,20.53
10.38,3,44.2,16,6,1,1,0,2,13.03
6.64,2,29.0,18,4,0,0,2,2,16.43
9.79,4,14.8,10,2,0,0,1,2,41.27
9.93,1,45.9,12,2,0,0,1,0,18.57
10.77,2,63.1,4,5,1,1,0,2,10.66
2.19,2,66.1,15,6,1,0,0,1,2.22
5.31,4,21.4,10,3,0,1,0,0,15.34
8.93,3,14.7,11,4,0,0,1,0,41.2
6.87,2,57.5,11,6,1,1,0,1,7.28
9.95,3,50.1,16,6,1,0,0,2,12.24
8.54,1,76.2,15,3,0,0,0,1,7.04
1.17,3,13.8,11,0,0,3,1,0,5.86
12.22,3,39.8,0,0,0,0,0,0,19.36
4.9,3,10.2,16,6,1,0,2,0,32.71
3.73,2,64.5,20,5,1,0,0,1,4.08
12.0,3,14.6,18,4,0,2,2,2,52.16
9.52,1,31.5,23,0,0,0,2,2,21.95
12.94,1,53.2,6,5,1,0,1,2,16.53
7.79,4,26.8,8,4,0,0,0,1,17.14
5.27,2,58.5,14,0,0,0,0,0,5.09
7.27,3,51.5,8,1,0,0,0,2,8.96
3.29,2,43.8,2,2,0,0,1,2,5.58
2.53,2,65.3,11,5,1,0,0,2,2.56
4.41,1,94.3,9,6,1,0,0,3,3.18
15.09,3,36.1,8,3,0,2,0,2,26.58
4.71,2,37.1,22,4,0,0,1,2,9.09
1.84,4,27.9,8,0,0,0,0,2,3.93
6.05,1,66.1,6,6,1,2,0,2,6.02
4.67,1,86.7,6,1,0,0,0,2,3.31
12.35,3,17.4,18,0,0,0,1,1,51.43
14.5,1,93.6,17,1,0,0,0,3,10.36
5.12,2,36.8,6,3,0,1,1,3,9.26
7.79,4,14.4,8,2,0,1,1,1,37.78
8.17,1,45.6,18,6,1,1,1,2,12.86
6.47,3,23.5,9,2,0,0,1,2,17.24
5.77,2,15.9,23,1,0,3,2,0,28.03
3.56,3,45.5,14,5,1,0,0,0,5.09
1.61,3,21.0,7,6,1,1,1,2,5.17
3.55,3,46.2,19,0,0,0,0,0,4.82
6.33,1,34.0,9,2,0,0,2,2,12.93
2.33,2,74.6,9,0,0,0,0,3,1.83
7.55,2,37.4,9,4,0,0,1,2,13.48
6.95,3,24.6,18,0,0,0,1,2,17.69
4.67,2,41.4,7,5,1,0,1,2,7.55
5.62,2,35.7,10,4,0,0,1,0,12.98
2.64,1,43.1,1,4,0,0,1,0,5.1
10.66,3,15.3,19,2,0,0,2,2,46.11
10.56,4,21.7,10,4,0,0,0,2,30.17
2.99,3,31.0,8,0,0,2,0,1,5.85
3.05,2,25.3,15,6,1,0,2,2,8.34
3.58,3,46.8,17,3,0,0,0,0,5.23
9.18,3,10.7,19,5,1,0,2,1,57.67
8.16,4,14.3,10,0,0,1,1,1,40.92
11.92,4,24.6,19,1,0,0,0,0,29.35
12.67,1,88.4,12,6,1,0,0,2,9.6
2.17,3,20.3,5,1,0,1,1,2,5.87
8.99,3,17.5,19,0,0,0,2,2,36.15
12.39,2,60.9,14,1,0,0,0,1,14.1
5.39,2,63.8,15,3,0,0,0,2,5.26
6.57,3,19.0,21,1,0,0,2,3,24.47
5.98,1,50.4,14,2,0,0,1,1,10.47
6.14,1,79.7,0,6,1,0,0,1,5.04
10.64,2,36.9,20,6,1,1,1,2,21.44
16.66,3,13.1,9,6,1,0,2,2,80.33
14.05,3,23.0,13,3,0,0,1,1,47.98
4.82,2,39.1,8,6,1,0,1,3,8.2
7.8,3,49.4,9,2,0,0,0,1,10.59
3.95,1,47.7,17,2,0,0,1,2,5.43
4.23,1,65.2,11,6,1,2,0,2,4.11
6.4,1,45.8,16,3,0,0,1,1,13.3
4.15,2,29.5,19,5,1,0,1,0,10.9
4.57,4,13.1,10,2,0,2,1,2,22.9
7.69,1,74.5,15,1,0,0,0,1,6.96
8.92,4,10.5,18,0,0,0,1,0,57.42
8.79,3,24.3,17,3,0,0,1,3,24.2
8.84,4,11.4,14,6,1,0,1,1,50.77
2.78,2,64.1,10,0,0,0,0,1,3.13
4.01,3,20.6,11,3,0,0,1,1,14.8
6.82,2,32.3,11,3,0,0,1,1,16.51
12.08,2,32.5,10,2,0,1,1,1,27.99
21.72,2,36.5,17,0,0,0,1,2,39.0
7.99,1,29.6,6,5,1,1,2,1,23.5
10.07,2,32.5,22,6,1,0,1,2,21.04
2.56,4,10.8,18,1,0,1,1,2,15.72
9.91,2,59.1,9,0,0,0,0,0,11.44
18.56,1,90.0,2,3,0,0,0,2,13.41
4.0,3,50.4,17,1,0,0,0,2,4.67
4.67,4,5.5,17,2,0,2,1,1,53.89
10.83,2,38.4,22,1,0,0,1,2,18.36
6.77,2,38.7,8,1,0,0,1,1,15.61
1.5,1,76.5,5,0,0,0,0,0,1.5
4.85,4,10.8,21,3,0,0,1,2,27.29
14.47,4,14.3,8,3,0,0,1,3,63.41
5.59,4,15.2,17,3,0,0,1,2,23.88
5.59,1,45.1,4,4,0,0,1,1,9.65
10.44,4,12.9,18,2,0,1,1,2,49.31
8.15,1,55.5,6,0,0,0,1,2,11.8
5.4,3,22.4,17,3,0,0,1,1,17.8
4.47,1,50.2,14,1,0,0,1,2,6.44
27.41,4,13.5,22,4,0,0,2,2,135.41
13.15,1,44.4,2,2,0,0,1,1,24.11
8.83,3,15.4,9,3,0,1,2,2,42.52
9.16,1,29.9,4,4,0,0,2,2,22.41
6.17,2,33.4,20,6,1,0,1,2,12.19
8.1,3,18.8,15,2,0,1,1,2,28.86
5.77,2,21.7,14,5,1,3,2,2,18.89
3.76,1,52.9,6,5,1,0,1,2,5.01
8.28,3,16.9,13,1,0,2,1,2,35.36
5.47,2,25.8,11,6,1,0,2,1,17.84
8.53,1,34.6,9,4,0,0,2,2,17.26
9.46,4,21.4,18,0,0,2,0,1,29.22
8.79,1,26.1,4,6,1,2,2,1,27.06
3.55,2,25.3,16,2,0,0,2,3,8.79
5.1,3,40.4,19,4,0,0,0,0,7.54
5.53,3,18.1,20,4,0,1,1,3,17.95
11.5,4,26.1,18,2,0,0,0,1,26.53
11.16,2,66.8,9,4,0,0,0,1,11.37
4.17,2,30.4,15,4,0,3,1,2,9.36
2.74,2,34.6,6,2,0,0,1,1,6.16
22.29,1,54.6,6,6,1,0,1,2,28.66
8.6,2,41.3,16,1,0,0,1,2,14.35
2.48,2,38.3,19,5,1,0,1,2,4.42
4.62,3,50.3,4,0,0,0,0,2,5.71
11.77,1,56.2,6,2,0,0,1,3,14.02
19.34,1,52.9,15,3,0,0,1,2,29.32
17.59,4,25.9,8,4,0,1,0,1,39.91
8.39,1,84.8,16,6,1,0,0,2,6.02
6.68,4,11.3,8,0,0,1,1,1,39.67
3.33,1,32.8,6,0,0,0,2,2,7.77
7.02,1,88.2,14,2,0,0,0,2,5.22
3.64,2,54.9,19,3,0,3,0,2,3.93
5.14,2,37.9,17,3,0,0,1,2,8.57
10.82,4,6.3,19,1,0,0,2,1,117.63
5.75,2,29.3,8,3,0,1,1,2,12.77
5.52,4,16.2,20,5,1,0,1,2,22.12
6.46,3,39.9,10,2,0,0,0,0,10.33
24.11,3,37.4,19,0,0,1,0,1,38.99
3.08,2,72.3,12,0,0,0,0,3,2.75
7.88,4,26.8,8,3,0,0,0,1,19.46
16.73,3,17.8,8,4,0,1,1,1,66.84
6.45,3,11.9,15,6,1,3,2,2,33.03
13.01,2,31.9,5,5,1,0,1,1,32.62
2.6,2,38.9,21,6,1,0,1,2,4.76
5.87,4,10.3,8,1,0,1,1,1,37.8
3.9,3,20.2,9,3,0,0,1,1,14.19
6.41,2,37.6,8,5,1,0,1,3,11.94
6.49,3,45.2,0,2,0,0,0,1,8.45
6.91,3,24.4,17,1,0,0,1,0,20.27
10.76,2,38.5,15,5,1,0,1,2,19.2
1.06,4,9.9,18,3,0,1,2,2,6.74
4.48,1,49.8,2,1,0,0,1,1,7.73
7.57,2,38.7,21,4,0,0,1,3,13.14
1.57,3,41.6,9,2,0,0,0,0,2.3
9.53,2,28.8,21,3,0,0,1,1,25.79
4.43,2,24.4,6,0,0,0,2,1,15.98
5.94,4,12.0,18,2,0,0,1,0,32.98
11.04,1,36.5,15,4,0,3,1,1,26.41
13.34,2,25.2,10,5,1,1,2,3,31.73
9.7,1,57.0,5,4,0,0,1,2,13.03
3.02,1,28.5,15,0,0,1,2,1,8.33
9.42,1,47.8,1,6,1,0,1,1,18.71
9.78,2,37.8,13,2,0,1,1,2,16.15
8.71,1,45.3,15,3,0,1,1,1,16.24
14.55,3,46.4,17,0,0,0,0,1,19.9
7.01,2,28.0,23,6,1,0,2,1,19.69
14.24,4,11.3,8,3,0,0,1,2,75.65
14.19,3,47.1,9,1,0,0,0,0,19.41
9.94,4,16.7,10,3,0,0,1,2,36.74
7.95,4,12.8,17,1,0,0,2,2,39.14
8.74,4,15.7,21,3,0,0,1,2,35.54
16.29,2,34.5,22,1,0,0,1,2,29.08
12.07,3,8.9,21,2,0,1,2,1,97.78
3.28,3,49.4,20,6,1,0,0,2,4.23
8.43,1,91.9,23,4,0,0,0,3,5.49
3.77,4,24.4,10,2,0,0,0,1,9.75
4.34,2,38.7,21,0,0,0,1,3,7.96
5.27,3,44.6,18,2,0,0,0,3,7.27
2.42,2,29.5,7,2,0,3,1,3,5.64
3.61,2,19.2,2,4,0,0,2,1,14.84
14.99,1,52.5,8,5,1,0,1,3,19.12
4.33,4,10.5,18,2,0,0,1,1,26.37
10.8,2,20.4,16,0,0,1,2,1,45.32
7.39,3,43.3,8,2,0,0,0,0,10.47
9.19,4,15.7,18,2,0,1,1,1,41.94
9.41,2,56.6,6,2,0,0,0,0,11.68
3.5,1,37.7,19,6,1,2,1,1,7.63
10.76,3,21.9,18,2,0,0,1,2,31.13
2.79,1,69.7,22,4,0,0,0,0,3.0
4.21,2,20.3,7,6,1,1,2,2,14.41
9.34,1,80.7,20,4,0,0,0,1,7.78
3.34,4,12.3,10,0,0,0,1,0,18.22
1.44,2,28.6,11,5,1,0,1,1,3.95
8.2,1,45.9,12,0,0,0,1,0,14.89
2.1,3,33.9,16,0,0,2,0,2,3.73
9.84,4,8.3,23,5,1,2,1,1,84.58
5.51,3,41.2,15,2,0,0,0,0,8.9
8.13,1,31.7,21,5,1,0,2,1,25.06
8.04,2,64.7,8,3,0,0,0,1,8.7
10.26,4,27.1,11,6,1,0,0,1,24.85
9.49,1,49.8,13,2,0,0,1,1,16.76
3.32,3,24.3,9,3,0,0,1,2,8.74
5.72,2,29.9,22,0,0,3,1,2,12.48
8.12,3,43.1,17,2,0,0,0,1,12.9
14.38,1,82.3,12,5,1,1,0,3,11.54
9.54,2,36.8,18,5,1,0,1,1,21.35
13.7,2,23.6,12,6,1,0,2,2,40.29
8.37,3,53.3,0,5,1,0,0,2,10.45
12.19,3,46.6,14,5,1,0,0,1,15.45
7.74,3,42.2,16,0,0,1,0,1,12.04
11.91,1,23.7,23,4,0,3,2,1,44.02
5.33,1,49.8,2,0,0,0,1,1,9.8
15.3,1,36.5,13,2,0,0,2,1,36.43
8.92,1,55.0,5,4,0,0,1,2,12.27
2.43,3,22.4,7,5,1,0,2,2,7.34
8.28,1,36.1,16,4,0,0,2,2,17.71
9.56,3,21.1,8,3,0,1,1,0,31.94
10.97,4,15.5,18,1,0,0,1,2,46.82
18.25,1,51.9,13,4,0,0,1,3,23.82
4.81,4,25.8,8,1,0,3,0,2,12.82
18.32,4,11.7,13,0,0,0,1,2,107.14
6.68,2,23.1,0,0,0,0,2,3,19.86
4.07,3,14.8,19,4,0,1,2,3,16.94
4.88,1,35.7,0,3,0,0,2,2,10.57
9.24,4,7.6,0,0,0,0,2,2,79.74
3.68,2,36.7,16,1,0,0,1,1,8.75
5.39,2,45.5,22,4,0,2,0,1,7.51
8.16,2,38.0,19,6,1,0,1,2,14.9
15.24,3,20.7,8,4,0,0,1,1,52.51
10.8,1,78.4,7,3,0,0,0,1,9.19
6.85,2,34.9,16,4,0,0,1,1,14.75
9.21,2,38.3,19,2,0,1,1,3,17.84
7.7,3,25.9,10,1,0,0,1,3,19.13
2.99,2,65.3,11,6,1,0,0,1,3.16
16.71,1,32.6,6,5,1,0,2,1,41.23
15.37,1,74.0,7,6,1,3,0,2,12.41
6.37,2,28.5,15,2,0,0,1,1,17.88
4.99,2,53.5,5,2,0,0,0,1,5.86
3.03,3,26.4,8,1,0,0,1,3,7.15
9.55,3,34.6,8,4,0,1,0,0,18.01
9.58,1,42.9,12,4,0,1,1,1,20.22
3.89,1,35.2,2,2,0,0,2,2,8.02
7.75,1,26.0,13,5,1,0,2,0,26.52
10.61,3,21.1,21,1,0,0,1,0,36.54
4.77,1,53.6,1,0,0,0,1,2,6.64
5.9,1,43.7,16,1,0,0,1,0,11.62
5.86,2,66.5,19,5,1,0,0,1,6.28
4.06,3,16.9,9,2,0,0,1,1,17.11
5.97,1,34.9,6,1,0,2,1,1,13.32
2.13,4,28.1,2,1,0,1,0,2,4.39
5.67,1,59.2,16,6,1,0,1,3,6.71
5.73,1,88.1,14,0,0,0,0,2,3.98
6.42,4,14.0,8,3,0,0,1,3,32.21
8.82,4,19.6,19,3,0,0,0,1,27.86
2.86,4,10.5,17,0,0,0,1,1,16.66
3.25,4,12.8,9,1,0,1,1,1,17.44
3.99,4,17.2,18,2,0,1,1,3,15.05
2.65,4,21.9,8,0,0,2,0,1,7.7
9.4,2,41.3,17,3,0,0,1,2,15.29
4.64,2,67.3,6,5,1,1,0,2,4.51
6.54,3,18.2,17,3,0,1,1,0,28.23
3.77,3,53.3,8,0,0,0,0,3,4.5
5.3,4,8.6,15,1,0,2,1,1,39.06
7.97,3,14.5,7,4,0,2,1,1,41.65
8.2,4,21.4,17,2,0,2,0,3,20.73
3.35,1,49.8,4,6,1,0,1,2,4.22
6.34,1,51.9,7,4,0,0,1,2,8.37
3.81,1,72.9,7,2,0,2,0,3,3.75
6.2,3,23.9,2,4,0,0,1,2,18.09
4.39,3,37.8,18,4,0,1,0,0,7.45
17.3,1,93.6,23,2,0,0,0,3,11.59
10.57,3,19.3,18,5,1,1,1,2,32.98
8.41,3,20.1,19,2,0,0,1,1,30.88
5.59,2,65.0,0,3,0,0,0,2,5.87
10.75,3,17.6,6,1,0,1,1,0,41.96
6.46,2,36.3,14,1,0,0,1,2,12.1
16.32,1,45.7,23,3,0,0,1,1,33.38
11.35,3,17.2,16,5,1,1,1,0,48.96
5.28,4,12.4,10,4,0,0,2,1,30.85
15.3,1,46.8,7,5,1,0,1,1,28.27
5.61,1,72.8,7,5,1,1,0,2,4.83
17.85,4,30.3,10,2,0,0,0,2,36.5
15.75,4,17.2,17,0,0,0,1,2,58.91
7.95,3,19.2,1,4,0,2,1,1,30.41
2.19,2,69.5,19,1,0,0,0,3,2.0
7.59,3,42.0,21,2,0,2,0,3,11.88
3.12,4,13.0,20,3,0,0,1,1,17.12
4.48,2,36.3,21,5,1,0,1,1,10.28
4.7,2,30.2,0,4,0,0,1,1,13.25
3.1,1,62.5,23,6,1,0,1,3,3.85
7.61,2,30.2,10,0,0,3,1,3,17.03
4.14,4,10.2,20,4,0,0,1,0,24.58
5.77,1,55.9,7,3,0,0,1,3,7.49
4.72,4,8.8,12,0,0,1,2,0,33.83
8.84,1,77.1,2,4,0,1,0,2,7.16
8.48,1,40.1,2,3,0,3,1,1,17.62
5.49,2,32.6,21,4,0,0,1,1,14.28
9.1,1,51.6,18,6,1,0,1,2,12.11
13.05,1,83.2,14,2,0,0,0,2,10.41
1.26,2,33.2,14,4,0,0,1,1,3.26
4.55,3,59.5,18,5,1,0,0,3,4.55
3.53,4,13.9,10,3,0,0,1,0,15.22
4.3,3,21.0,18,1,0,1,2,1,16.18
1.07,2,41.0,13,3,0,0,1,2,1.77
1.22,2,28.5,16,4,0,0,2,3,2.96
0.8,1,36.4,22,2,0,2,1,2,1.58
4.83,2,37.0,12,1,0,0,1,1,11.32
4.74,1,24.0,11,6,1,2,2,2,14.33
14.09,1,23.5,20,6,1,2,2,2,40.37
7.26,1,51.2,20,5,1,0,1,2,9.98
8.96,3,20.7,23,3,0,0,1,2,28.01
30.0,1,89.8,14,1,0,0,0,2,21.45
1.26,4,9.4,10,2,0,1,1,0,9.1
16.48,1,50.8,8,5,1,0,1,1,29.1
6.48,2,37.7,2,0,0,0,1,2,11.48
5.08,4,25.5,17,1,0,0,0,1,11.46
4.6,2,22.7,8,3,0,0,2,1,17.7
8.1,3,17.3,15,2,0,3,1,2,29.31
5.11,2,35.1,21,6,1,1,1,2,9.52
3.04,2,63.9,22,3,0,0,0,1,3.56
4.71,2,22.3,0,2,0,0,2,2,14.21
8.24,2,34.3,9,3,0,0,1,2,16.54
9.88,3,9.8,19,6,1,2,2,2,66.59
17.42,3,50.5,14,2,0,0,0,2,22.27
7.08,2,53.6,18,6,1,3,0,1,8.63
13.48,3,26.4,19,4,0,0,1,2,33.84
5.9,3,15.1,12,6,1,0,2,0,30.66
6.41,4,17.4,10,3,0,0,1,2,23.58
6.2,1,57.0,12,2,0,0,1,3,7.87
7.58,2,28.7,16,0,0,2,1,2,17.09
10.88,2,61.7,10,6,1,0,0,1,11.86
4.97,3,15.8,18,2,0,3,1,1,21.51
3.66,4,28.5,20,0,0,1,0,3,8.29
11.38,2,66.5,9,5,1,1,0,2,9.31
10.92,2,41.3,22,1,0,0,1,2,17.55
14.67,3,50.0,16,2,0,0,0,2,19.75
4.49,4,11.8,20,1,0,0,1,1,23.56
5.77,2,46.1,5,1,0,3,0,0,7.53
11.62,2,41.5,8,4,0,0,1,3,20.74
4.94,3,28.6,9,5,1,0,1,1,12.57
9.64,4,5.1,9,2,0,3,2,1,114.36
5.92,2,36.1,7,4,0,0,1,2,11.42
8.08,2,65.3,20,5,1,0,0,1,9.28
2.99,1,56.5,11,6,1,0,1,2,4.09
7.02,1,40.4,22,4,0,2,1,2,10.86
0.8,1,85.9,15,6,1,0,0,2,1.5
12.9,3,31.7,6,1,0,2,0,1,27.19
10.37,2,35.3,14,6,1,0,1,0,22.91
3.49,2,53.9,23,3,0,1,0,1,3.96
16.65,2,56.2,15,1,0,0,0,1,18.81
12.46,1,99.3,0,5,1,0,0,3,7.73
3.09,3,21.2,21,5,1,1,1,1,10.31
4.73,2,64.6,8,1,0,0,0,2,4.66
3.22,1,88.4,17,5,1,0,0,2,2.18
8.21,2,32.4,13,0,0,0,1,1,20.99
4.6,4,9.1,9,3,0,0,1,1,31.24
1.51,4,32.1,9,1,0,0,0,3,2.8
6.39,3,22.5,21,3,0,0,1,3,17.53
11.12,3,22.8,20,0,0,0,1,3,32.29
7.11,3,18.2,13,6,1,0,1,1,25.86
9.14,2,63.6,8,3,0,0,0,1,9.72
7.52,1,53.8,5,2,0,1,1,3,9.75
10.13,2,26.6,7,0,0,1,1,0,28.34
7.92,3,49.6,14,3,0,0,0,2,10.82
6.18,3,45.2,9,4,0,0,0,1,8.31
7.06,2,33.2,2,3,0,0,1,2,14.07
14.97,1,64.9,12,6,1,2,0,2,14.1
9.44,4,14.9,18,0,0,0,1,1,42.8
3.49,4,15.6,20,4,0,0,1,1,15.78
6.99,3,22.7,15,5,1,0,1,2,19.95
8.13,4,9.3,17,3,0,0,1,0,55.79
6.05,3,14.4,10,6,1,0,2,0,31.63
1.52,1,94.7,13,3,0,0,0,3,1.5
3.73,3,20.8,17,0,0,0,1,2,12.9
5.12,2,31.8,17,4,0,0,1,2,10.9
17.72,1,36.8,11,4,0,0,2,2,35.66
8.85,1,57.1,14,3,0,0,1,3,11.85
2.13,3,17.1,21,5,1,0,1,0,9.06
6.29,2,27.4,16,6,1,0,2,1,19.23
13.68,3,17.2,16,2,0,0,2,2,49.35
4.56,3,15.1,18,0,0,1,1,1,21.39
11.87,1,33.0,6,0,0,0,2,1,34.58
2.19,1,45.8,14,1,0,1,1,1,4.38
0.8,2,36.0,22,4,0,0,1,2,1.5
12.87,3,19.6,10,4,0,0,2,1,52.14
4.95,3,35.0,9,1,0,3,0,1,8.55
1.58,2,30.0,15,3,0,2,1,2,3.69
5.2,2,27.7,8,3,0,0,1,1,13.7
7.47,3,14.7,14,0,0,0,2,1,38.56
8.67,2,79.0,7,3,0,0,0,3,6.37
0.8,3,13.0,15,2,0,2,1,2,4.46
4.32,2,31.0,15,2,0,2,1,2,9.8
6.91,4,24.7,11,2,0,1,0,0,18.09
8.66,4,27.2,10,1,0,0,0,0,20.71
3.46,2,54.9,8,5,1,1,0,0,4.49
5.86,2,66.0,9,6,1,0,0,2,5.29
4.55,2,25.8,13,2,0,0,2,2,12.29
7.62,2,23.4,8,1,0,1,2,2,21.83
12.61,4,5.0,18,0,0,2,2,1,151.57
5.39,1,43.8,17,0,0,0,1,0,10.94
2.49,2,36.3,8,5,1,0,1,2,4.47
4.17,2,29.2,5,2,0,0,2,3,10.43
16.55,2,17.3,0,1,0,3,2,1,74.98
3.74,2,67.7,15,2,0,0,0,2,3.58
2.86,1,83.6,8,5,1,0,0,2,2.27
5.18,1,44.9,0,5,1,0,2,3,8.73
6.29,3,17.0,10,3,0,0,1,0,26.93
4.73,4,7.5,22,1,0,0,2,3,39.95
2.2,2,42.0,17,1,0,0,1,3,4.01
8.07,3,20.3,19,1,0,1,1,3,25.47
7.63,3,20.6,7,1,0,0,1,3,25.35
9.91,1,51.1,4,3,0,0,1,2,13.9
7.53,1,44.9,0,6,1,0,1,0,13.87
15.79,1,53.3,22,2,0,0,1,2,20.74
10.36,1,75.5,9,0,0,0,0,0,8.86
9.19,2,37.0,12,5,1,0,1,2,17.83
12.87,2,31.4,11,4,0,1,1,1,30.31
7.26,3,22.1,17,4,0,0,1,0,24.64
5.94,3,42.6,9,1,0,0,0,1,9.34
8.01,1,29.7,14,1,0,1,2,2,16.85
1.45,2,33.9,23,0,0,0,1,0,3.7
7.27,1,74.3,12,4,0,0,0,0,7.02
6.29,3,42.1,14,1,0,0,0,1,9.57
8.53,1,32.5,13,5,1,2,1,0,21.74
11.89,2,35.4,18,5,1,0,1,3,23.56
9.34,2,34.2,8,6,1,1,1,2,18.28
4.18,1,29.8,7,3,0,2,2,2,9.79
10.8,3,22.4,18,4,0,0,1,0,36.4
15.92,4,11.9,11,3,0,0,1,2,81.09
12.06,2,30.8,21,0,0,0,1,2,25.55
2.66,2,66.0,16,0,0,0,0,2,2.7
9.29,1,56.0,15,6,1,0,1,3,11.67
2.96,1,36.8,4,4,0,0,2,2,6.02
5.58,2,32.0,17,5,1,1,1,1,13.59
8.38,3,16.4,17,2,0,2,1,2,31.88
7.75,2,22.9,16,4,0,0,2,1,27.32
11.93,3,45.5,8,3,0,1,0,3,16.51
15.97,4,12.4,21,2,0,0,1,2,80.47
8.88,2,37.5,9,6,1,0,1,2,17.58
5.31,1,50.3,7,3,0,0,1,2,7.16
1.52,1,44.0,23,3,0,0,1,1,3.44
13.63,1,56.4,18,3,0,2,0,0,16.79
6.31,1,36.6,11,1,0,2,1,1,14.51
6.51,2,32.3,21,2,0,0,1,1,16.55
6.84,2,39.9,5,1,0,0,1,1,13.07
8.64,1,86.0,5,1,0,0,0,2,5.99
8.79,3,12.0,17,3,0,0,2,0,51.4
5.63,3,23.2,7,0,0,0,2,3,16.39
6.27,1,78.6,21,5,1,0,0,0,5.77
4.5,4,14.0,19,4,0,0,2,0,23.7
4.17,2,74.9,9,0,0,0,0,3,3.71
4.16,2,38.9,20,3,0,0,1,3,7.42
6.23,1,47.0,2,4,0,0,1,1,11.02
3.64,1,46.6,14,5,1,0,1,0,6.87
0.8,3,18.1,21,4,0,2,1,1,3.17
5.25,2,39.7,19,5,1,0,1,2,9.3
2.78,4,12.6,10,3,0,0,1,1,14.52
7.12,1,49.2,7,1,0,0,1,1,12.36
4.48,2,34.0,8,4,0,0,1,2,9.87
8.71,2,24.6,13,5,1,0,2,3,23.57
2.98,3,25.4,15,4,0,0,1,3,7.78
1.77,4,6.7,2,4,0,1,1,2,16.71
6.28,3,18.9,11,4,0,1,1,1,21.79
5.11,2,64.6,19,2,0,1,0,2,5.29
2.61,2,76.2,12,1,0,0,0,3,2.16
10.36,1,30.2,7,2,0,1,2,0,31.44
3.36,2,73.7,22,2,0,0,0,3,2.73
4.04,2,59.2,8,5,1,0,0,1,4.75
11.49,4,10.5,18,3,0,0,1,1,65.54
9.0,1,31.7,7,1,0,0,2,1,26.62
3.1,3,22.8,11,0,0,0,2,3,9.54
5.41,1,36.5,13,6,1,0,2,1,14.07
2.88,2,17.8,13,1,0,0,2,1,12.73
11.02,2,51.3,13,0,0,2,0,2,12.66
11.02,2,37.6,8,5,1,0,1,3,19.51
17.27,3,12.4,13,5,1,0,2,0,93.49
20.99,1,51.1,13,4,0,0,1,2,28.04
4.45,2,22.6,8,5,1,1,2,3,13.66
10.02,1,95.6,23,0,0,0,0,3,6.65
1.56,1,61.4,19,6,1,0,1,3,1.77
7.45,3,22.5,20,0,0,0,2,3,22.47
8.56,2,60.9,17,5,1,0,0,1,9.58
3.49,3,12.9,7,6,1,1,2,1,19.85
4.27,3,51.7,15,6,1,1,0,3,5.5
11.06,2,63.3,19,0,0,1,0,2,10.51
8.68,2,37.0,2,4,0,0,1,1,19.77
16.05,1,88.1,13,4,0,0,0,2,11.49
15.02,3,37.4,11,2,0,3,0,1,26.01
1.93,4,27.3,8,0,0,0,0,2,4.58
4.75,2,31.9,10,1,0,0,1,1,11.3
3.23,3,15.8,23,3,0,1,1,2,13.94
10.26,4,7.5,17,2,0,0,2,3,90.67
7.89,3,15.0,9,0,0,0,2,2,33.47
3.39,2,31.3,15,2,0,0,1,2,7.56
3.77,1,49.6,8,5,1,0,1,1,7.01
13.18,1,67.6,16,5,1,1,0,0,12.17
5.1,2,36.0,20,5,1,0,1,2,9.4
1.34,1,85.9,14,0,0,0,0,2,1.5
3.18,3,21.6,17,0,0,1,1,1,11.17
17.91,3,16.5,12,2,0,2,1,3,65.02
11.68,2,30.0,14,0,0,1,1,2,25.52
2.74,1,29.8,17,6,1,1,2,2,6.25
7.45,2,37.5,19,0,0,0,1,1,16.32
11.28,2,54.5,16,3,0,2,0,3,14.01
1.91,1,94.6,23,1,0,0,0,3,1.5
11.99,4,5.7,19,4,0,2,2,2,131.45
8.64,1,39.7,18,3,0,0,1,0,18.51
4.1,4,22.3,19,4,0,0,0,0,11.6
9.45,2,60.1,9,4,0,0,0,1,11.26
7.96,3,18.6,11,1,0,1,1,0,31.43
8.28,1,80.8,15,6,1,0,0,1,7.23
7.29,3,12.1,12,3,0,2,1,1,38.33
3.68,3,20.7,19,0,0,0,1,1,13.37
4.16,1,93.2,1,1,0,0,0,3,2.73
5.74,3,48.8,8,0,0,1,0,2,7.37
6.86,4,24.9,20,0,0,0,0,0,15.94
9.77,1,54.6,3,5,1,0,1,2,14.3
18.15,4,19.2,8,0,0,1,0,0,59.14
7.66,4,7.8,10,0,0,1,2,3,65.15
9.67,3,18.5,18,3,0,0,1,2,35.23
10.95,1,45.3,14,4,0,1,1,2,17.21
10.07,1,47.0,22,4,0,0,1,1,19.57
3.58,3,39.6,8,3,0,0,0,1,5.92
13.87,3,18.6,20,4,0,0,2,2,43.54
12.68,1,36.1,9,5,1,0,2,2,24.34
7.23,3,22.2,8,1,0,0,1,0,25.0
3.73,1,47.8,13,0,0,0,1,1,6.44
6.79,3,41.2,4,0,0,0,0,1,10.29
2.11,3,22.3,10,6,1,0,1,0,7.38
14.88,2,60.5,10,5,1,0,0,1,16.35
4.42,1,74.7,7,0,0,0,0,1,3.77
5.56,3,21.6,19,2,0,0,1,2,15.7
14.3,4,13.1,10,1,0,0,1,2,69.64
13.36,1,94.2,23,2,0,0,0,3,9.61
8.14,3,18.5,20,3,0,0,1,1,34.13
16.12,2,79.8,7,2,0,0,0,3,13.96
3.5,1,43.3,13,4,0,2,1,3,5.81
8.15,3,45.9,15,4,0,0,0,1,12.26
3.52,3,19.2,19,1,0,0,2,2,12.56
12.25,4,14.6,20,2,0,0,1,2,50.8
12.01,3,15.5,16,2,0,0,2,1,54.49
16.75,1,46.8,2,0,0,0,1,1,31.67
6.67,1,70.5,13,1,0,1,0,1,6.51
19.32,3,24.8,20,0,0,0,1,2,49.48
3.32,3,19.4,17,1,0,0,1,2,11.03
6.45,1,44.6,20,6,1,0,1,1,13.18
3.41,4,19.8,17,1,0,0,1,2,11.07
7.5,1,44.4,2,2,0,0,1,0,14.67
3.62,3,50.2,22,5,1,0,0,0,5.11
12.26,3,16.6,21,0,0,1,2,2,57.42
8.8,1,52.2,6,3,0,1,1,3,11.56
3.13,1,33.9,6,0,0,2,1,1,7.51
10.69,2,62.2,14,3,0,0,0,1,12.45
15.49,2,28.6,18,4,0,0,1,1,42.2
9.3,2,33.8,10,1,0,0,1,1,21.14
2.5,1,40.6,6,6,1,1,1,1,5.34
6.08,2,61.8,13,0,0,0,0,1,6.38
9.98,4,12.2,10,1,0,0,1,2,48.27
5.72,4,9.7,10,5,1,0,1,1,38.13
3.29,1,47.5,16,0,0,0,1,3,5.14
13.05,1,70.6,20,4,0,1,0,1,12.13
5.57,4,25.8,14,0,0,0,0,1,13.75
15.5,2,34.7,17,4,0,0,1,3,34.14
4.76,3,17.5,16,1,0,1,1,1,18.19
5.37,3,19.7,14,6,1,1,1,2,17.34
4.52,2,26.0,9,2,0,2,1,1,13.24
6.01,3,12.3,10,5,1,0,2,0,35.33
8.72,1,94.9,9,6,1,0,0,3,6.05
3.41,4,28.6,21,3,0,0,0,1,7.59
2.98,3,45.8,19,1,0,0,0,2,4.23
1.88,3,44.0,15,5,1,1,0,3,2.51
1.7,3,12.5,20,5,1,0,2,2,8.5
2.52,1,87.7,20,2,0,0,0,2,1.91
4.74,3,15.1,21,1,0,0,2,2,22.07
7.42,3,32.3,8,1,0,2,0,1,14.12
8.44,4,14.2,17,0,0,0,1,2,40.72
7.22,2,58.0,16,4,0,0,0,1,7.37
14.52,1,57.2,17,6,1,2,0,0,17.69
17.1,2,73.4,8,4,0,0,0,3,15.44
5.59,3,16.4,17,0,0,1,1,0,23.83
3.45,4,10.7,11,0,0,1,1,1,23.43
19.99,4,19.4,19,1,0,2,0,0,63.83
12.8,3,16.1,18,4,0,0,2,3,53.9
12.28,2,23.8,8,6,1,3,1,0,36.5
4.62,4,12.2,7,1,0,0,2,2,24.52
10.84,2,66.5,17,6,1,0,0,2,9.75
7.25,1,71.9,14,6,1,0,0,0,5.8
6.37,1,33.1,14,2,0,0,2,2,14.6
6.36,4,12.0,18,2,0,3,1,3,33.99
8.95,1,28.0,19,6,1,1,2,2,23.72
14.78,2,62.7,8,0,0,0,0,1,15.7
20.9,1,88.0,14,4,0,0,0,2,13.79
5.15,2,24.7,19,2,0,0,2,0,17.37
7.5,1,51.5,20,6,1,0,1,3,10.72
6.27,3,16.2,9,4,0,0,2,1,28.02
8.61,3,43.0,5,6,1,0,0,1,12.86
5.8,4,24.0,8,4,0,1,0,1,15.39
19.0,3,17.8,21,3,0,0,1,0,74.41
4.27,1,27.9,12,2,0,0,2,0,13.35
5.15,4,8.2,11,2,0,0,2,2,39.56
4.66,1,84.5,0,1,0,0,0,2,3.49
6.08,3,44.9,3,6,1,1,0,3,8.17
2.66,4,8.9,17,1,0,1,1,1,17.73
4.72,3,14.8,15,6,1,0,2,1,22.07
8.56,2,26.2,15,5,1,0,2,3,22.27
8.52,2,56.3,6,4,0,0,0,0,9.25
7.75,4,11.1,10,6,1,0,1,2,41.45
14.07,3,19.8,19,0,0,1,1,0,52.52
8.76,3,20.8,7,1,0,0,1,3,26.63
13.81,2,35.8,20,1,0,0,1,1,32.68
20.91,2,50.6,6,5,1,2,0,2,26.69
10.99,1,59.1,7,5,1,0,1,3,12.56
2.67,3,19.3,12,4,0,1,1,2,9.78
7.93,2,71.8,21,5,1,0,0,2,6.94
7.26,3,22.0,9,2,0,0,2,3,20.84
15.48,1,86.9,16,1,0,0,0,2,11.83
6.22,4,12.5,15,0,0,1,1,2,31.34
3.89,3,21.2,7,4,0,1,1,1,11.89
4.9,4,26.1,8,2,0,0,0,1,11.32
2.74,3,20.2,21,3,0,0,1,2,8.47
0.8,1,24.4,7,0,0,1,2,0,2.6
19.05,2,22.5,17,5,1,3,2,3,56.11
6.74,2,27.8,22,6,1,1,1,0,18.06
2.94,3,23.9,6,2,0,0,1,2,8.37
16.26,4,9.3,11,4,0,2,1,0,112.87
17.8,4,22.7,8,6,1,0,0,0,48.18
7.41,4,14.9,8,3,0,0,1,2,33.63
2.56,2,36.5,6,5,1,0,1,1,5.78
4.98,3,15.8,16,5,1,3,1,0,21.1
5.81,4,18.5,18,0,0,2,0,1,20.71
6.88,2,31.1,17,1,0,0,1,1,18.73
3.21,4,34.1,21,1,0,0,0,3,6.05
11.51,3,20.5,7,0,0,0,1,2,37.69
1.24,4,16.5,9,1,0,1,1,2,4.9
12.57,3,24.9,10,4,0,0,1,3,33.03
14.08,2,20.1,8,0,0,2,2,2,50.06
5.3,2,32.5,6,0,0,0,1,1,12.57
6.41,2,27.4,13,6,1,1,2,3,16.18
15.07,1,42.9,19,5,1,0,1,0,28.16
9.77,1,34.6,22,1,0,0,2,1,24.56
5.42,2,20.9,6,5,1,0,2,1,20.02
5.83,4,11.1,19,0,0,0,1,1,34.15
8.98,4,11.2,19,3,0,0,1,0,53.03
18.1,3,26.8,10,0,0,0,1,1,56.69
5.95,1,50.3,6,1,0,0,1,2,8.37
5.31,2,62.6,23,1,0,0,0,1,5.64
6.85,3,24.4,16,1,0,0,1,1,19.03
6.88,2,39.1,23,1,0,1,1,3,11.69
8.07,3,17.7,13,6,1,0,2,1,32.83
6.42,3,12.4,11,4,0,0,2,2,35.32
13.0,2,55.9,8,6,1,1,0,1,15.71
3.69,1,44.5,23,1,0,1,1,1,6.75
8.6,4,11.4,8,3,0,0,2,2,51.15
8.8,2,23.2,1,0,0,0,2,0,31.71
3.92,2,21.5,13,2,0,1,2,3,13.21
8.55,4,25.7,10,2,0,0,0,1,21.26
8.94,4,27.2,8,4,0,0,0,3,22.12
0.8,2,69.3,16,2,0,0,0,2,1.5
3.45,3,17.4,10,1,0,0,2,3,13.26
15.77,3,19.4,11,2,0,0,1,0,59.2
4.56,4,15.0,1,6,1,0,1,2,18.32
2.93,2,27.3,15,3,0,0,2,3,7.59
1.64,1,92.9,6,5,1,0,0,3,1.5
3.23,4,11.2,8,1,0,0,1,0,18.1
6.25,2,33.1,17,2,0,0,1,0,16.58
2.78,4,13.5,9,1,0,1,1,2,12.96
9.84,3,18.5,7,4,0,0,1,0,36.66
3.87,2,56.9,15,3,0,0,0,0,4.47
8.11,4,14.5,8,0,0,0,1,2,32.77
14.52,1,53.8,8,5,1,0,1,2,21.39
14.01,3,37.0,16,1,0,2,0,2,21.85
8.03,3,14.9,18,3,0,0,2,0,38.93
3.08,2,34.7,18,4,0,0,1,2,6.19
6.52,1,47.3,13,4,0,0,1,1,12.23
8.18,3,47.0,12,3,0,0,0,2,10.07
23.07,4,19.8,18,2,0,2,0,1,78.92
1.62,3,12.6,7,3,0,0,2,1,8.51
6.54,1,45.6,7,6,1,1,1,2,10.05
9.64,4,11.4,17,2,0,0,1,2,52.39
7.18,3,19.6,11,2,0,0,1,0,27.82
7.66,4,20.6,17,3,0,2,0,2,22.18
4.03,3,15.8,8,4,0,0,2,2,16.79
11.39,3,41.7,9,0,0,0,0,1,18.89
6.88,2,64.3,20,0,0,0,0,2,6.54
7.65,3,16.0,11,3,0,0,2,0,34.44
12.08,1,80.1,15,1,0,1,0,3,9.96
5.52,3,17.0,6,3,0,0,2,1,24.19
13.59,1,49.9,7,0,0,0,1,2,21.64
2.71,2,31.1,2,5,1,1,1,0,6.34
7.91,3,50.2,11,3,0,0,0,2,8.55
3.86,2,26.6,23,5,1,2,1,2,9.56
3.19,1,53.1,20,5,1,0,1,3,4.56
17.98,1,72.4,16,6,1,1,0,1,16.96
2.82,3,13.4,19,5,1,0,2,2,13.64
6.96,2,26.3,15,4,0,1,1,0,21.11
2.66,3,14.6,10,0,0,0,2,0,12.7
13.12,2,44.1,7,0,0,0,1,3,20.55
5.18,3,38.4,16,0,0,0,0,1,8.81
12.05,1,36.7,7,4,0,0,2,3,24.05
9.45,4,10.0,11,0,0,0,1,0,64.95
21.19,2,31.6,19,1,0,0,1,2,45.09
2.27,3,18.1,6,0,0,3,1,2,8.8
3.43,3,26.6,6,3,0,0,1,3,8.49
11.68,4,24.6,8,1,0,1,0,1,31.1
8.14,1,44.3,14,2,0,0,1,0,15.71
5.78,2,39.5,8,0,0,0,1,1,12.67
19.02,2,26.2,13,6,1,0,2,2,49.97
6.67,3,43.8,9,2,0,0,0,0,9.5
3.96,3,41.6,13,2,0,0,0,0,6.52
12.13,3,25.4,9,4,0,1,1,2,32.1
6.81,2,30.0,23,3,0,3,1,2,14.95
7.13,4,25.2,13,5,1,0,0,1,17.3
9.91,1,85.1,18,3,0,0,0,2,7.66
10.14,3,17.1,17,2,0,0,1,0,41.28
3.4,2,71.7,13,4,0,0,0,2,2.77
5.57,3,21.0,8,1,0,0,1,1,18.73
2.49,1,39.3,13,6,1,3,1,1,5.11
8.21,4,10.1,17,0,0,1,2,2,56.29
17.8,1,39.7,12,5,1,3,1,3,30.0
3.5,1,46.0,5,1,0,0,1,0,6.68
2.14,2,21.3,0,0,0,0,2,0,7.69
4.4,2,22.3,9,2,0,0,2,1,15.78
5.75,1,95.4,7,4,0,0,0,3,4.02
10.19,3,47.1,20,6,1,1,0,3,13.92
5.38,3,15.5,7,4,0,2,2,3,24.21
8.29,1,48.0,11,5,1,0,1,1,15.11
4.84,2,32.0,17,5,1,0,1,1,12.31
5.95,3,11.0,19,3,0,0,2,1,35.24
3.87,2,39.2,12,5,1,0,1,3,7.1
3.07,1,47.6,7,3,0,0,1,1,5.55
10.4,3,49.7,8,1,0,0,0,2,12.62
5.06,3,10.3,11,5,1,0,2,1,32.04
8.65,3,17.6,10,3,0,1,1,1,36.06
3.83,4,27.8,10,0,0,1,0,1,9.35
6.7,1,47.9,6,4,0,0,1,1,11.19
1.26,3,23.7,21,4,0,0,1,1,4.01
5.3,4,22.9,1,2,0,0,0,1,14.08
4.11,1,88.7,12,2,0,0,0,2,2.46
12.82,2,36.1,23,5,1,0,1,2,25.38
2.74,4,11.1,16,5,1,1,1,1,15.97
6.1,2,30.9,10,1,0,0,1,1,14.0
8.15,1,75.3,7,6,1,0,0,0,7.54
11.81,1,34.2,22,2,0,0,2,1,28.32
10.9,2,32.7,0,0,0,0,1,2,22.0
6.41,3,42.1,17,6,1,0,0,1,10.15
6.97,2,31.8,20,3,0,0,1,0,16.43
12.81,1,36.1,1,3,0,0,2,1,33.75
6.33,3,22.1,17,1,0,0,1,2,19.51
7.42,1,23.6,23,3,0,3,2,1,28.19
13.05,3,46.5,16,4,0,0,0,1,18.83
22.83,2,28.5,11,3,0,0,2,3,56.96
7.81,4,10.4,20,2,0,0,1,1,48.47
9.09,3,17.0,14,4,0,0,2,1,37.76
10.71,1,31.9,18,2,0,0,2,0,27.75
12.98,1,49.2,15,6,1,0,1,2,18.97
11.98,3,25.6,2,2,0,0,1,1,35.3
4.59,4,25.5,8,1,0,0,0,0,11.64
8.12,2,31.0,5,6,1,0,1,1,21.23
12.03,2,38.2,6,1,0,0,1,1,23.99
14.53,1,38.1,0,4,0,3,1,0,30.97
6.11,3,20.7,11,6,1,0,1,1,20.55
8.0,1,26.8,7,3,0,3,2,1,25.47
8.55,2,61.5,19,5,1,0,0,1,9.3
6.83,1,46.3,18,5,1,0,1,1,12.35
7.88,2,25.1,15,0,0,2,1,1,22.56
1.2,1,32.2,13,3,0,0,2,2,2.52
30.0,3,12.4,8,4,0,0,2,2,137.63
5.95,2,37.8,12,0,0,0,1,1,14.02
6.24,1,45.5,16,2,0,0,1,2,9.79
1.97,2,19.9,18,2,0,3,2,0,7.54
1.71,1,88.5,5,0,0,0,0,2,1.5
8.91,3,13.9,17,2,0,3,1,1,44.72
12.06,2,62.4,18,3,0,0,0,1,12.59
10.82,2,26.1,14,1,0,0,2,2,27.78
3.82,4,15.9,8,5,1,0,1,2,14.79
10.46,3,18.5,14,6,1,0,1,1,43.56
6.18,1,55.9,13,3,0,0,1,3,8.2
5.27,1,38.7,12,2,0,0,2,3,10.16
2.54,4,6.3,12,1,0,0,2,1,25.39
4.15,2,58.5,6,3,0,1,0,2,4.32
9.03,1,46.5,7,5,1,1,1,2,13.96
8.07,1,43.9,5,2,0,0,1,1,17.17
7.38,2,51.3,8,3,0,1,0,0,9.68
1.14,4,13.9,8,2,0,1,1,3,5.3
7.42,2,25.4,8,4,0,0,2,3,20.34
4.55,2,32.0,8,0,0,0,1,1,11.62
8.1,3,48.2,17,2,0,0,0,1,12.01
13.2,3,15.1,19,5,1,1,2,1,67.62
5.0,3,19.1,9,3,0,0,2,2,18.22
7.1,3,20.8,9,6,1,0,1,2,22.57
18.96,2,63.1,19,5,1,0,0,1,19.82
7.86,4,14.9,16,2,0,0,1,1,35.3
6.58,3,44.7,9,2,0,0,0,1,9.94
3.87,1,53.9,17,5,1,0,1,2,5.3
10.62,2,67.2,10,3,0,0,0,2,9.42
3.42,2,31.6,15,3,0,0,1,1,8.59
13.53,1,71.5,23,1,0,0,0,0,13.11
9.77,3,22.2,9,6,1,0,1,1,32.06
4.65,3,41.1,21,5,1,1,0,1,6.98
3.96,2,27.1,9,5,1,0,2,2,10.71
4.02,1,28.3,14,2,0,0,2,0,12.63
1.74,1,95.2,12,4,0,0,0,3,1.5
8.78,4,17.4,18,0,0,1,1,3,33.05
1.28,2,40.0,4,5,1,0,1,2,2.38
6.32,2,40.2,16,2,0,0,1,2,11.66
6.07,2,52.1,18,3,0,1,0,1,6.98
5.42,2,40.5,12,1,0,0,1,2,9.18
8.75,3,45.6,5,2,0,0,0,2,12.53
4.66,3,45.1,8,4,0,0,0,1,6.86
7.43,3,24.6,17,3,0,0,1,3,20.17
13.53,3,20.5,20,4,0,0,1,2,47.61
9.36,4,28.5,11,4,0,0,0,3,21.89
5.12,2,58.4,14,5,1,1,0,1,5.56
6.7,3,20.5,8,0,0,0,1,0,24.05
5.42,4,10.9,11,0,0,0,1,1,31.9
6.02,2,64.1,10,5,1,0,0,2,5.98
7.57,2,35.1,16,2,0,0,1,3,15.78
2.45,2,21.2,23,0,0,0,2,2,7.66
2.04,3,25.7,19,2,0,0,1,1,5.83
3.65,1,37.6,7,2,0,3,1,0,7.05
8.99,1,48.1,15,5,1,0,1,0,16.81
9.71,2,31.0,4,6,1,0,1,0,24.54
10.55,3,11.6,8,3,0,0,2,2,59.43
3.75,3,37.5,7,6,1,2,0,2,6.03
7.07,2,18.1,9,3,0,2,2,1,28.61
5.22,2,56.5,17,1,0,1,0,1,6.41
6.17,2,63.0,13,6,1,0,0,1,6.04
5.16,4,13.7,21,0,0,2,1,0,24.25
7.83,2,63.6,8,5,1,0,0,1,8.47
4.29,3,19.9,10,1,0,0,1,3,15.76
12.69,3,22.5,9,5,1,0,1,2,37.28
12.75,3,17.1,8,4,0,1,1,1,50.55
8.83,3,37.4,23,2,0,1,0,0,14.7
11.85,3,21.4,10,6,1,1,1,1,41.15
2.38,3,48.4,21,2,0,1,0,3,3.05
13.1,3,14.2,10,3,0,0,2,2,58.12
8.34,3,20.7,8,4,0,1,1,1,26.21
4.46,4,11.2,6,2,0,0,2,0,27.39
4.17,4,8.5,19,2,0,0,2,1,35.93
15.63,1,49.4,1,4,0,0,1,1,27.6
10.65,2,15.5,22,4,0,2,2,1,50.4
6.07,4,11.3,11,2,0,2,1,1,32.9
2.36,1,55.6,8,4,0,0,1,2,3.19
13.48,2,33.4,16,0,0,0,1,0,31.19
3.09,4,16.5,6,4,0,0,1,2,12.0
5.28,1,53.5,4,1,0,0,1,2,6.88
6.07,4,8.5,19,1,0,0,1,1,42.93
4.13,3,22.8,11,2,0,0,1,3,11.69
5.9,2,34.1,13,2,0,0,1,0,15.21
6.64,4,26.9,7,3,0,0,0,2,15.9
5.82,1,46.3,4,4,0,0,1,1,11.18
8.06,4,15.1,10,6,1,0,1,2,32.92
15.95,1,53.7,13,1,0,0,1,2,21.3
2.45,3,42.9,18,3,0,1,0,2,3.6
7.33,3,18.3,13,2,0,0,1,1,28.58
3.12,1,71.7,18,6,1,1,0,1,3.06
2.27,1,75.8,6,5,1,0,0,1,1.77
11.35,1,54.7,4,5,1,0,1,2,15.22
7.71,1,38.4,7,0,0,3,1,1,18.69
2.16,4,31.6,18,4,0,0,0,2,3.93
5.9,3,43.8,18,3,0,0,0,1,8.51
3.65,2,30.3,6,0,0,1,1,1,9.33
6.03,2,29.9,1,6,1,0,1,0,16.5
9.91,1,67.8,17,6,1,0,0,0,10.96
9.34,2,60.4,19,6,1,0,0,1,10.84
5.19,1,90.0,18,5,1,0,0,3,3.49
11.65,3,12.5,8,2,0,0,2,1,68.48
14.13,2,31.9,15,1,0,0,1,0,36.88
10.01,2,23.6,18,3,0,0,2,1,33.94
4.64,3,17.9,8,3,0,1,1,0,17.73
6.15,1,21.0,14,2,0,2,2,1,23.54
15.67,2,36.3,9,2,0,0,1,1,36.1
5.44,4,12.9,8,1,0,0,1,0,29.24
9.36,1,41.2,22,1,0,1,1,2,14.57
4.09,4,29.6,21,1,0,0,0,3,8.67
11.7,2,73.1,12,0,0,0,0,3,10.58
3.78,2,71.2,6,0,0,0,0,2,3.49
6.32,2,27.9,17,2,0,1,1,1,17.08
9.17,1,45.7,8,6,1,0,1,2,14.55
17.47,1,43.0,7,6,1,3,1,2,30.07
7.62,4,7.7,10,3,0,1,2,1,66.48
5.65,1,33.2,14,0,0,0,2,2,12.21
5.39,1,34.1,5,2,0,1,2,2,11.49
11.41,1,43.7,15,5,1,0,1,1,23.08
8.74,3,22.7,0,5,1,0,1,0,27.01
9.8,4,17.3,20,0,0,0,1,2,38.61
15.05,4,16.5,21,1,0,1,1,2,59.9
6.91,2,34.8,17,5,1,1,1,2,14.03
8.38,3,20.4,12,2,0,0,1,2,26.2
5.34,2,62.2,8,5,1,0,0,1,5.82
3.98,4,14.9,18,1,0,0,1,2,17.62
4.51,3,23.2,21,4,0,0,1,0,14.81
0.9,1,36.9,7,5,1,3,1,1,1.94
9.11,1,68.9,12,3,0,1,0,1,8.65
8.57,3,48.8,9,1,0,1,0,3,10.56
9.0,4,13.0,10,3,0,1,1,2,43.39
3.81,4,27.2,11,2,0,0,0,1,9.14
4.57,2,36.2,22,6,1,0,1,1,10.16
4.47,2,26.5,8,6,1,0,2,2,12.15
12.34,1,50.8,13,4,0,0,1,2,17.95
7.46,1,42.9,22,3,0,1,1,0,15.0
6.87,1,47.7,12,6,1,0,1,1,13.5
10.32,2,31.4,19,5,1,1,1,1,24.69
4.48,3,26.0,3,0,0,1,1,3,11.8
8.26,1,27.7,22,5,1,1,2,1,27.04
18.74,1,45.2,7,5,1,0,1,0,35.18
13.45,2,36.9,23,2,0,0,1,1,31.75
8.19,3,19.5,7,4,0,0,1,0,30.87
7.03,4,14.4,12,0,0,1,1,2,28.69
8.95,2,31.0,9,6,1,1,1,2,19.75
14.49,2,35.4,11,0,0,0,1,1,34.26
13.92,3,47.5,8,5,1,0,0,1,20.01
15.86,1,70.6,22,4,0,1,0,1,17.18
7.71,4,16.5,9,1,0,0,1,2,30.18
1.27,3,13.0,16,4,0,3,2,1,6.89
18.01,1,27.1,6,4,0,0,2,0,55.17
3.98,1,39.1,19,6,1,2,1,2,7.39
10.23,1,95.3,14,6,1,0,0,3,7.25
1.29,2,28.6,23,4,0,0,2,2,3.04
6.78,4,14.3,11,3,0,0,1,2,30.02
5.44,2,58.3,7,1,0,2,0,3,6.16
15.88,1,29.3,10,6,1,0,2,0,48.66
8.25,3,20.1,17,6,1,0,1,2,24.99
6.74,2,20.1,16,2,0,0,2,2,20.55
8.79,2,50.4,18,0,0,2,0,2,11.11
0.8,1,29.1,4,5,1,0,2,2,1.75
4.41,1,48.0,15,3,0,0,1,2,6.68
4.87,2,60.9,21,1,0,0,0,2,5.34
9.6,3,20.7,6,4,0,0,1,2,31.58
3.4,1,41.3,5,5,1,0,1,0,7.06
7.51,3,47.3,17,6,1,0,0,2,10.05
6.35,2,30.3,9,5,1,1,1,1,17.04
4.57,1,43.1,16,3,0,0,1,1,9.07
4.77,1,55.8,14,3,0,0,1,2,6.65
6.31,2,37.2,23,6,1,0,1,1,13.72
1.6,1,51.3,20,6,1,0,1,2,2.2
10.4,4,27.6,17,0,0,0,0,1,23.63
3.96,2,68.1,8,2,0,1,0,3,3.57
5.66,2,32.1,8,1,0,0,1,1,13.89
15.55,2,53.3,20,5,1,1,0,1,18.13
10.51,1,43.5,15,5,1,0,1,0,21.69
2.98,4,12.3,18,1,0,0,1,2,14.73
0.8,2,19.7,12,1,0,2,2,1,2.9
9.01,2,72.7,5,6,1,0,0,2,7.65
5.8,3,19.6,9,4,0,0,1,2,19.37
7.54,4,11.9,7,4,0,0,1,0,45.54
10.31,3,19.8,18,3,0,1,1,1,36.66
11.24,1,82.0,17,5,1,0,0,0,8.75
5.11,2,25.8,5,2,0,3,1,2,12.99
6.25,1,44.2,16,0,0,0,2,3,11.13
8.4,4,30.7,20,5,1,0,0,3,18.19
8.73,2,21.1,17,6,1,0,2,1,30.98
7.49,2,29.2,13,0,0,0,1,0,19.33
14.59,3,13.5,9,2,0,0,2,2,71.91
8.67,2,28.9,20,1,0,0,2,2,20.19
10.22,2,59.5,11,2,0,1,0,1,11.34
7.87,4,14.0,19,0,0,0,1,2,33.61
3.38,3,40.3,18,4,0,1,0,1,5.54
4.4,2,57.4,19,2,0,1,0,1,5.24
2.89,2,31.4,23,3,0,0,1,2,6.52
11.96,2,59.9,18,4,0,0,0,1,12.16
2.15,2,38.2,2,3,0,0,1,1,5.05
6.09,3,23.9,8,3,0,0,1,1,20.13
5.29,4,12.5,2,6,1,1,1,1,29.33
5.2,2,29.3,7,2,0,0,1,0,13.87
5.5,2,26.5,4,3,0,0,2,2,14.34
16.14,3,14.9,13,5,1,1,2,2,65.35
1.51,3,22.8,1,1,0,0,1,2,4.09
13.58,2,62.7,12,2,0,0,0,0,15.09
5.79,4,11.4,20,0,0,0,1,1,33.51
10.83,2,33.9,18,1,0,0,1,1,26.86
7.0,3,45.6,21,4,0,1,0,3,8.69
3.11,1,53.2,8,2,0,0,1,2,4.5
14.31,1,72.3,14,0,0,0,0,0,12.88
13.08,3,15.4,9,0,0,3,1,0,59.43
3.28,3,19.4,13,2,0,0,2,3,11.26
9.41,2,20.7,14,1,0,0,2,0,38.08
4.54,2,27.1,2,5,1,0,2,3,12.06
2.23,3,58.4,8,0,0,0,0,3,2.11
3.97,3,42.9,17,2,0,1,0,1,5.68
13.84,4,30.9,18,2,0,0,0,2,30.3
10.98,2,37.4,15,5,1,0,1,2,20.71
5.54,3,43.3,8,3,0,1,0,2,7.98
13.88,3,12.3,11,2,0,0,2,1,77.59
12.53,1,83.3,5,6,1,0,0,2,9.48
3.97,3,18.9,22,0,0,0,1,1,15.82
15.78,4,9.7,20,3,0,0,2,1,113.66
5.26,1,34.0,4,0,0,0,2,2,11.0
5.72,4,11.8,7,1,0,0,1,1,29.54
1.54,1,40.1,15,1,0,1,1,0,3.35
4.48,1,51.4,8,0,0,0,1,3,6.12
6.12,1,43.5,21,6,1,0,1,0,11.19
8.0,1,55.0,18,6,1,0,1,3,10.32
3.12,4,7.9,9,4,0,0,1,1,26.01
4.09,3,18.9,0,4,0,1,1,0,16.72
15.97,3,21.0,18,4,0,0,1,0,49.6
12.06,4,29.5,11,0,0,0,0,1,25.98
13.32,1,86.1,16,2,0,0,0,2,9.99
6.44,4,13.4,9,3,0,0,1,3,32.87
8.14,1,49.6,7,2,0,0,1,2,12.97
9.53,1,49.3,17,5,1,0,1,1,17.06
15.84,3,15.0,12,0,0,1,2,1,78.36
2.19,2,23.0,8,5,1,0,2,0,7.77
4.78,3,47.4,6,6,1,0,0,2,5.35
7.71,1,44.3,15,5,1,1,1,0,15.09
7.02,3,19.7,17,2,0,0,1,0,27.7
4.06,1,33.0,9,6,1,0,2,2,8.06
9.06,3,16.4,17,5,1,0,2,1,44.1
4.9,4,11.3,7,1,0,0,1,1,29.19
6.72,2,59.4,10,3,0,0,0,1,7.06
8.82,4,18.2,18,0,0,0,1,1,31.91
5.05,2,62.0,16,3,0,0,0,0,5.64
10.46,2,37.1,8,6,1,0,1,2,20.98
11.56,1,86.7,6,4,0,0,0,2,9.03
4.16,1,28.5,2,4,0,0,2,1,13.1
4.88,2,37.0,19,6,1,0,1,2,8.73
3.45,2,32.9,4,1,0,0,1,1,7.92
6.63,1,35.8,6,0,0,0,2,3,13.64
8.0,4,5.7,8,4,0,1,2,1,96.46
5.36,2,33.5,12,3,0,0,1,2,10.74
7.87,3,18.9,18,6,1,1,1,1,28.71
4.8,3,15.6,8,3,0,2,1,1,21.85
4.9,2,23.2,14,1,0,1,2,2,13.63
8.24,1,45.8,5,5,1,0,1,1,15.32
5.11,1,84.1,12,4,0,0,0,2,3.93
6.41,4,27.0,7,2,0,0,0,0,16.01
8.42,4,10.0,8,4,0,2,1,1,60.47
7.8,4,14.2,10,1,0,0,1,1,38.65
4.84,4,35.7,18,4,0,0,0,3,7.6
12.22,1,51.4,18,6,1,0,1,2,18.1
2.1,2,53.9,11,0,0,1,0,1,2.35
0.8,4,6.3,6,1,0,0,2,1,8.42
9.28,1,49.5,9,6,1,0,1,2,12.96
7.71,3,21.3,13,6,1,0,1,2,24.05
3.13,3,20.0,20,6,1,1,1,2,10.82
7.13,2,71.7,22,2,0,0,0,2,5.97
4.42,3,19.8,16,3,0,1,1,3,15.29
8.89,2,20.1,10,6,1,1,2,1,33.03
0.8,2,68.5,17,4,0,1,0,3,1.5
5.67,3,23.9,9,6,1,0,1,2,15.62
4.7,2,68.8,16,5,1,0,0,2,4.11
10.48,2,42.5,8,3,0,0,1,3,18.13
1.59,4,9.4,8,6,1,0,2,1,11.43
6.85,2,45.0,4,1,0,0,1,2,10.19
9.22,2,32.2,11,3,0,0,1,2,18.59
17.48,3,53.2,16,5,1,0,0,3,18.98
4.89,3,16.9,18,5,1,0,1,1,20.32
8.08,1,32.8,18,5,1,0,2,1,21.44
1.68,1,31.2,23,5,1,1,2,1,4.44
6.64,1,57.2,5,0,0,0,1,3,9.12
12.73,3,22.2,13,5,1,0,2,2,41.2
17.58,2,29.4,14,1,0,0,1,0,49.26
8.53,4,10.1,18,1,0,0,2,2,53.63
2.09,4,26.5,8,4,0,0,0,1,4.51
13.87,2,70.3,4,6,1,0,0,2,11.77
2.1,2,34.4,9,1,0,0,1,1,5.32
2.92,2,35.6,23,0,0,0,1,1,7.72
14.53,3,19.3,20,4,0,0,1,2,52.47
6.35,2,62.7,11,0,0,0,0,0,6.78
4.54,4,11.3,20,2,0,0,1,1,27.24
9.95,2,64.4,2,4,0,1,0,2,9.54
7.36,4,30.5,9,1,0,1,0,3,15.26
12.09,4,28.3,17,1,0,0,0,3,25.11
7.56,2,26.3,8,1,0,0,2,3,17.81
7.67,3,39.7,8,2,0,3,0,3,11.54
11.85,4,24.6,19,0,0,1,0,2,29.07
6.3,2,39.0,16,1,0,0,1,2,10.55
3.66,1,49.3,23,5,1,0,1,1,6.79
10.27,2,35.7,6,3,0,0,1,1,22.27
5.55,1,46.7,10,5,1,0,1,1,11.13
7.93,2,63.7,9,6,1,0,0,2,8.14
1.39,2,33.6,20,1,0,0,1,1,3.48
6.14,3,42.9,8,4,0,1,0,1,9.27
4.75,1,80.5,10,4,0,1,0,2,3.88
1.35,2,22.9,6,3,0,0,2,2,3.91
6.26,1,51.3,18,6,1,0,1,1,12.32
6.39,1,40.2,8,6,1,1,1,1,12.6
8.27,2,75.1,4,2,0,0,0,3,6.84
12.61,1,44.4,11,4,0,1,1,2,20.03
11.48,4,20.5,10,2,0,0,1,2,40.28
4.97,1,64.6,7,2,0,2,0,2,4.61
7.45,1,26.5,6,3,0,0,2,0,25.36
8.97,4,32.5,20,4,0,0,0,2,16.4
5.06,1,43.9,4,5,1,0,1,1,10.4
2.26,3,17.2,5,6,1,1,1,0,9.3
5.85,4,12.9,8,1,0,0,2,2,27.68
12.91,1,46.3,22,5,1,0,1,1,25.78
2.17,1,79.7,5,5,1,0,0,1,1.61
3.4,2,20.2,19,5,1,1,2,2,10.85
3.93,3,53.8,20,6,1,0,0,2,4.5
3.43,3,17.6,10,2,0,0,1,1,12.84
9.97,4,27.0,9,2,0,0,0,2,21.93
4.41,2,24.6,17,4,0,0,2,2,12.38
10.12,3,10.0,17,4,0,0,2,0,70.89
6.85,2,32.5,18,5,1,0,1,0,17.6
1.78,3,26.5,19,3,0,0,1,2,4.53
5.13,3,47.9,8,0,0,1,0,2,5.66
11.67,1,80.3,17,5,1,0,0,1,10.06
7.32,1,49.3,6,5,1,0,1,2,10.1
5.38,2,58.3,13,6,1,1,0,2,5.82
12.99,2,77.6,16,6,1,0,0,2,10.9
3.17,3,46.4,7,0,0,1,0,2,4.54
4.52,2,63.9,4,6,1,0,0,0,4.95
11.06,1,48.1,7,0,0,0,1,1,19.74
9.85,3,47.2,11,2,0,0,0,1,14.54
2.98,2,24.8,20,3,0,0,2,2,7.98
8.79,1,66.1,14,6,1,3,0,2,8.02
4.36,3,17.4,18,0,0,1,1,2,16.76
1.29,2,67.3,7,5,1,1,0,3,1.5
5.45,2,37.3,5,4,0,0,1,2,10.12
18.2,2,63.6,8,6,1,0,0,1,19.96
11.79,1,71.6,9,5,1,0,0,0,10.74
6.48,3,42.7,14,6,1,0,0,0,9.7
2.07,4,6.3,20,2,0,0,1,1,22.14
1.33,3,21.6,11,2,0,0,1,1,4.77
6.86,2,28.3,13,5,1,1,1,1,18.03
8.46,3,14.8,0,6,1,0,2,2,36.57
10.04,2,66.7,2,4,0,0,0,1,10.98
9.38,2,47.6,5,3,0,2,0,1,12.44
9.85,3,19.5,17,3,0,0,1,0,36.21
7.86,4,26.6,13,0,0,0,0,1,17.79
12.84,1,78.2,7,4,0,0,0,0,10.26
4.74,3,26.0,15,1,0,0,1,2,11.87
6.8,4,14.3,14,3,0,3,1,1,31.67
1.78,3,41.5,5,0,0,0,0,1,2.58
4.68,1,25.2,16,2,0,2,2,2,11.62
11.61,2,43.0,18,3,0,0,1,3,18.98
9.67,3,19.4,9,1,0,0,2,2,31.99
0.92,2,37.7,17,2,0,0,1,2,1.68
18.96,3,25.9,8,2,0,0,1,2,43.09
7.33,1,28.1,18,6,1,1,2,1,23.53
7.41,3,21.5,20,4,0,0,1,2,22.74
4.48,1,35.1,12,4,0,0,2,2,9.76
5.15,3,18.7,8,5,1,0,1,1,19.11
7.28,3,21.8,11,3,0,0,1,1,24.87
9.35,2,39.1,8,1,0,0,1,3,15.48
8.08,2,52.6,0,4,0,2,0,3,9.2
4.72,3,25.6,16,0,0,0,1,2,11.54
3.62,2,63.5,2,2,0,0,0,1,3.76
3.45,3,18.0,8,0,0,3,1,2,11.64
12.12,3,17.8,17,2,0,0,2,2,48.9
11.3,2,34.9,17,0,0,1,1,2,20.59
8.86,2,34.2,4,2,0,0,1,0,20.32
12.07,2,37.6,16,4,0,0,1,3,22.14
6.17,2,30.8,21,0,0,0,1,1,16.73
10.76,2,31.3,4,3,0,0,1,1,27.3
9.13,4,33.2,11,3,0,0,0,1,18.61
10.92,4,10.0,17,1,0,0,1,1,76.36
3.21,2,34.7,17,1,0,0,1,0,7.57
0.8,1,52.8,8,6,1,0,1,3,1.5
7.79,3,14.7,7,5,1,2,1,2,35.04
5.33,3,37.9,18,1,0,0,0,0,8.59
1.09,1,47.6,22,0,0,0,1,2,1.59
13.22,3,41.3,18,2,0,0,0,0,20.13
11.32,3,23.6,22,5,1,0,1,2,31.6
8.2,1,52.9,15,1,0,0,1,2,10.67
3.78,4,16.3,21,4,0,0,1,3,14.93
1.72,4,14.2,17,3,0,0,1,1,8.02
1.08,3,22.0,20,3,0,0,1,2,2.95
4.65,3,36.5,7,4,0,0,0,0,8.66
9.93,2,27.1,19,3,0,0,2,3,25.43
5.37,1,39.9,7,0,0,3,1,2,9.58
8.92,3,22.7,1,6,1,0,1,1,30.48
9.18,2,61.9,13,4,0,0,0,0,9.6
9.85,1,49.7,9,6,1,0,1,2,14.72
1.47,1,54.3,2,0,0,0,1,2,1.97
4.02,2,59.8,23,5,1,0,0,0,4.44
8.83,1,29.1,17,6,1,0,2,1,27.08
14.83,2,39.7,20,3,0,0,1,1,30.51
12.55,1,55.1,23,4,0,0,1,3,18.24
7.95,4,33.6,11,4,0,0,0,3,16.03
13.3,3,17.9,8,5,1,1,2,2,53.27
7.92,1,76.4,7,5,1,0,0,0,7.37
2.13,2,73.6,13,5,1,0,0,3,1.71
9.75,1,44.3,15,4,0,0,1,0,19.22
12.79,1,78.3,12,3,0,1,0,3,10.58
17.43,2,31.2,10,3,0,0,1,1,44.89
4.57,1,54.1,7,3,0,0,1,2,5.89
2.97,4,11.7,12,1,0,0,1,0,19.0
10.77,2,57.9,5,1,0,1,0,1,11.95
8.52,1,44.1,19,6,1,0,1,1,15.43
8.08,2,53.4,3,2,0,1,0,0,10.07
13.4,2,34.7,10,6,1,0,1,1,29.22
10.75,1,34.3,5,4,0,0,2,2,22.52
8.99,2,41.9,18,6,1,0,1,2,14.98
4.96,3,19.5,9,3,0,0,1,1,19.06
10.26,1,75.1,6,4,0,0,0,0,9.67
2.88,4,26.8,14,5,1,0,0,1,6.71
7.9,2,66.3,21,0,0,0,0,2,7.13
6.53,2,30.2,20,0,0,0,1,1,17.09
2.05,4,27.0,8,3,0,0,0,1,4.48
8.54,3,22.0,17,1,0,0,1,0,27.5
4.57,1,87.9,1,6,1,0,0,2,3.27
8.41,1,36.6,6,2,0,0,2,2,18.09
3.47,1,41.2,13,6,1,1,1,1,6.59
10.81,3,20.7,8,1,0,0,1,2,32.91
16.13,4,9.3,18,4,0,0,2,3,104.88
2.88,4,13.0,21,1,0,0,2,2,14.81
3.47,1,27.4,0,3,0,2,2,2,8.99
2.53,2,27.0,8,5,1,2,1,3,6.14
5.83,4,14.0,12,5,1,0,1,1,28.98
8.34,1,59.0,15,1,0,0,1,2,9.67
9.9,3,26.4,21,0,0,0,1,2,25.91
7.81,3,21.1,20,3,0,0,1,2,22.86
9.73,1,81.6,16,6,1,0,0,1,7.87
6.39,2,25.9,8,3,0,0,2,2,17.78
4.54,1,29.9,18,6,1,0,2,1,11.45
3.53,4,19.5,8,3,0,2,0,0,11.21
5.97,1,97.9,22,1,0,0,0,3,3.89
3.59,2,72.8,0,0,0,0,0,3,3.16
8.19,1,52.9,15,1,0,0,1,2,11.64
3.63,1,76.6,5,4,0,0,0,1,3.4
4.87,1,44.3,11,5,1,0,1,1,9.59
12.08,1,54.9,16,2,0,2,0,0,12.85
12.74,3,16.0,17,2,0,1,1,0,52.39
12.51,2,37.1,18,5,1,0,1,2,22.89
6.45,2,30.0,15,2,0,0,1,0,15.45
4.66,1,49.1,8,5,1,0,1,0,7.92
8.93,2,18.9,20,4,0,1,2,1,38.69
3.68,3,21.5,19,4,0,0,1,1,12.71
10.18,1,35.3,7,4,0,0,2,1,25.61
4.39,4,7.6,19,0,0,0,2,1,39.61
5.81,1,94.8,22,3,0,0,0,3,3.62
10.31,1,99.4,16,5,1,0,0,3,6.81
1.65,2,32.9,9,6,1,0,1,0,4.0
4.51,4,27.2,15,4,0,0,0,3,10.91
8.3,2,35.3,10,2,0,0,1,1,19.96
9.35,2,38.5,17,5,1,0,1,1,19.72
8.49,1,84.4,14,6,1,0,0,2,7.02
5.77,2,30.5,21,6,1,2,1,2,13.23
10.9,2,61.5,16,2,0,0,0,0,12.15
3.45,2,68.6,8,5,1,0,0,2,3.19
3.35,1,52.9,17,5,1,0,1,2,4.99
8.25,4,21.1,9,1,0,3,0,3,23.71
3.18,1,48.4,9,6,1,1,1,3,4.69
16.44,3,25.3,11,3,0,0,1,3,45.43
4.6,3,44.3,0,4,0,0,0,1,6.71
10.79,1,86.7,22,3,0,0,0,2,7.78
2.8,2,37.8,14,4,0,1,1,3,5.38
14.53,2,25.9,18,2,0,2,1,0,41.69
6.72,2,35.6,8,3,0,0,1,2,14.08
4.52,1,21.9,18,3,0,3,2,0,16.29
5.52,1,94.2,15,4,0,0,0,3,3.65
4.05,4,22.5,11,4,0,0,0,0,11.51
5.8,2,31.9,22,6,1,1,1,2,12.74
2.92,2,40.8,13,3,0,0,1,2,4.89
4.61,3,15.9,16,5,1,1,1,1,18.98
10.67,3,17.5,0,4,0,2,1,2,37.34
7.56,3,22.7,9,3,0,0,1,1,24.93
3.4,3,18.4,20,1,0,0,1,1,13.14
5.93,4,13.8,18,3,0,0,1,1,30.21
12.82,1,39.4,14,0,0,0,2,2,23.1
4.96,2,56.1,20,3,0,1,0,1,6.14
3.16,2,42.4,13,6,1,0,1,3,5.47
9.15,1,44.8,15,6,1,1,1,1,19.13
1.15,1,27.9,10,5,1,2,2,2,2.9
5.6,3,16.3,16,1,0,1,2,1,25.68
13.45,3,20.3,9,1,0,1,1,2,42.87
5.82,2,39.6,10,5,1,0,1,1,12.51
11.27,2,38.1,22,6,1,0,1,2,19.53
3.13,2,29.6,6,6,1,3,1,2,7.0
5.68,1,78.2,5,2,0,0,0,1,5.24
5.35,3,39.4,2,5,1,1,0,0,8.69
8.87,3,16.9,9,2,0,0,2,2,34.85
6.95,2,74.1,11,6,1,0,0,3,5.81
14.46,3,41.1,5,0,0,0,0,0,22.78
4.79,2,17.2,14,4,0,1,2,2,19.04
6.9,1,85.5,15,4,0,0,0,2,4.75
5.48,3,46.7,18,1,0,0,0,1,7.2
6.6,1,33.7,22,1,0,0,2,1,17.71
6.24,2,35.9,16,2,0,0,1,2,11.65
3.66,2,38.7,6,6,1,0,1,2,6.27
10.34,2,36.5,5,1,0,0,1,3,19.15
4.3,3,15.3,18,3,0,1,2,3,17.79
4.1,3,34.2,16,3,0,3,0,1,7.47
2.14,2,58.0,7,0,0,0,0,0,2.08
4.7,3,25.0,8,6,1,0,1,0,14.82
4.26,4,18.4,18,3,0,0,1,3,14.93
1.36,2,73.5,15,0,0,0,0,3,1.5
5.79,1,51.9,15,2,0,0,1,2,7.98
14.1,3,8.9,8,3,0,0,2,3,109.89
2.44,1,81.8,16,0,0,0,0,1,1.87
6.53,1,86.9,18,6,1,0,0,2,4.48
5.7,3,48.8,20,4,0,0,0,2,7.04
9.57,2,40.4,17,0,0,0,1,2,17.61
9.97,1,80.1,15,5,1,1,0,2,7.67
19.9,1,50.2,17,6,1,1,1,2,32.01
7.72,1,27.0,13,3,0,0,2,1,25.58
3.9,3,53.9,8,0,0,0,0,3,4.56
4.61,2,33.7,20,5,1,0,1,1,11.34
4.92,2,34.2,14,2,0,0,1,2,10.48
4.38,1,54.5,15,1,0,0,1,2,6.44
16.04,3,23.3,23,4,0,0,1,2,46.37
9.7,1,81.4,23,2,0,0,0,1,8.17
1.98,1,52.6,15,4,0,0,1,2,2.63
8.83,1,33.6,2,4,0,0,2,2,18.89
3.22,2,28.3,11,5,1,1,1,1,8.89
9.91,4,8.4,21,0,0,1,2,2,73.51
12.28,3,15.2,9,6,1,2,1,1,55.62
5.77,1,44.7,23,1,0,0,1,2,9.09
4.58,3,18.5,5,0,0,0,1,1,16.25
14.66,3,45.3,15,0,0,0,0,2,18.31
4.2,3,49.4,13,3,0,0,0,2,5.69
3.92,4,9.6,8,0,0,2,1,3,25.62
3.49,4,8.2,21,1,0,0,2,1,27.33
6.33,2,68.6,16,2,0,0,0,2,5.78
7.71,4,7.7,8,5,1,0,2,1,68.92
11.35,3,10.8,10,0,0,1,2,2,69.82
9.06,2,37.8,17,1,0,0,1,3,16.9
8.97,2,38.8,9,0,0,1,1,3,17.28
13.33,2,43.7,20,5,1,0,1,3,20.2
3.38,2,24.5,7,4,0,2,1,1,10.11
2.34,1,83.2,8,5,1,0,0,2,1.62
9.31,1,45.0,7,0,0,0,1,1,16.9
6.16,1,87.4,5,3,0,0,0,2,4.68
11.38,2,25.2,9,4,0,0,2,1,38.21
6.51,1,83.9,23,1,0,0,0,2,4.97
4.48,2,34.7,5,5,1,0,1,0,10.67
9.39,3,21.7,8,0,0,1,1,3,27.48
7.0,1,34.4,8,6,1,2,1,1,14.75
6.51,1,30.4,16,4,0,0,2,2,14.86
21.94,3,22.0,18,4,0,0,1,2,56.43
12.76,2,62.5,18,2,0,0,0,1,14.05
10.07,2,35.5,0,4,0,0,1,2,19.31
7.13,1,34.8,16,5,1,1,2,2,14.02
6.77,1,51.8,16,1,0,0,1,2,8.69
5.5,3,23.3,13,6,1,0,1,3,15.02
7.56,3,22.2,10,0,0,0,1,1,25.86
4.86,4,15.5,18,5,1,0,1,1,20.13
2.9,2,31.8,10,4,0,0,1,0,7.17
6.47,1,78.7,8,6,1,0,0,1,5.46
7.93,2,38.0,9,1,0,0,1,3,14.47
11.39,4,16.0,12,2,0,0,1,1,49.29
3.93,3,11.0,8,0,0,2,2,1,23.52
6.81,1,31.8,15,3,0,0,2,2,15.23
9.02,3,37.8,20,4,0,1,0,0,15.15
8.9,2,35.3,15,4,0,0,1,1,20.88
15.6,2,42.0,12,2,0,0,1,2,25.29
5.57,3,16.2,18,1,0,0,1,1,23.17
3.71,3,47.5,18,2,0,0,0,2,4.97
7.07,3,41.4,10,1,0,0,0,0,10.43
5.75,2,28.3,15,0,0,0,1,1,16.18
5.14,4,15.1,17,4,0,0,1,2,20.89
4.71,2,62.8,8,3,0,0,0,1,4.92
7.94,3,21.1,10,2,0,0,1,2,24.62
4.3,1,92.6,5,5,1,0,0,3,3.17
10.07,1,58.7,23,3,0,0,1,3,12.55
9.8,4,6.2,5,3,0,1,1,2,102.47
8.36,2,33.4,7,4,0,1,1,1,19.15
3.38,4,9.4,13,4,0,2,1,2,19.79
7.74,3,39.0,19,6,1,0,0,1,11.36
11.81,4,31.1,10,6,1,0,0,3,22.88
10.48,4,14.9,18,5,1,1,1,2,41.67
9.66,4,8.3,17,3,0,0,2,1,67.31
6.75,2,34.6,16,0,0,0,1,1,15.67
6.57,2,25.5,19,5,1,0,2,1,22.73
12.88,4,11.4,0,3,0,0,2,1,77.71
7.87,4,12.6,21,1,0,1,2,2,40.51
7.93,4,9.9,19,5,1,0,2,1,57.53
25.43,2,30.1,21,6,1,0,1,1,64.11
5.5,4,10.5,18,1,0,3,2,2,35.66
1.26,3,26.1,20,1,0,0,1,1,3.72
6.0,3,18.4,8,1,0,0,1,0,23.17
6.21,4,6.2,9,2,0,2,2,1,64.34
7.8,3,40.4,9,6,1,0,0,0,12.48
8.86,3,18.1,6,0,0,0,2,2,35.61
1.46,4,10.5,17,2,0,0,1,3,8.45
8.96,2,65.8,6,2,0,0,0,2,7.88
6.44,2,24.8,3,1,0,0,2,2,19.65
5.65,3,24.4,18,0,0,0,1,2,15.37
2.04,2,31.8,20,6,1,0,1,0,4.75
14.36,4,26.1,18,0,0,0,0,1,32.66
5.1,4,11.0,19,3,0,0,2,2,29.93
9.74,1,54.8,15,5,1,0,1,2,14.15
3.89,3,48.8,20,2,0,0,0,2,4.59
8.0,1,98.5,13,5,1,0,0,3,4.82
5.71,1,41.4,23,5,1,0,1,1,11.46
9.57,2,24.1,5,0,0,0,2,2,25.32
5.59,1,49.0,18,6,1,0,1,3,8.15
3.78,2,40.9,16,4,0,0,1,3,6.51
6.61,2,23.2,15,5,1,0,2,0,22.09
6.41,2,21.1,17,2,0,0,2,1,20.81
7.7,2,31.7,19,5,1,1,1,2,16.77
11.19,4,8.0,19,0,0,0,1,0,98.3
3.23,3,44.0,7,4,0,3,0,3,4.54
10.88,2,25.9,7,5,1,3,1,2,28.8
2.9,1,34.1,0,4,0,0,2,0,7.4
9.37,2,31.9,6,4,0,0,1,1,22.98
9.53,4,11.5,8,1,0,1,1,1,58.07
4.93,3,21.8,17,6,1,1,1,1,16.51
4.02,2,30.0,12,6,1,1,1,1,11.62
3.89,2,27.2,18,6,1,0,2,3,10.23
6.98,1,81.1,13,3,0,0,0,1,5.08
9.88,1,53.0,14,5,1,0,1,3,14.1
6.1,1,50.3,6,5,1,0,1,2,8.23
1.14,3,18.8,18,3,0,0,2,3,4.09
4.73,4,12.3,18,0,0,0,1,1,27.94
4.63,4,22.2,9,6,1,0,0,1,12.41
8.82,3,17.9,9,0,0,1,1,2,34.25
9.08,1,49.6,8,5,1,0,1,0,16.86
7.29,1,78.8,19,6,1,0,0,1,5.67
10.89,1,94.3,18,5,1,0,0,3,7.25
11.34,1,76.4,16,3,0,0,0,0,10.27
4.91,3,52.4,8,4,0,0,0,2,5.61
3.83,2,36.2,7,0,0,0,1,3,6.95
6.36,1,46.3,3,5,1,1,1,2,8.98
7.28,3,19.9,2,1,0,0,1,1,25.77
4.75,2,70.3,7,6,1,0,0,2,4.37
28.77,1,31.3,5,1,0,0,2,2,65.09
13.9,2,21.6,14,3,0,1,2,0,51.51
4.48,2,33.1,10,0,0,0,1,1,10.4
3.32,3,48.5,12,0,0,0,0,2,4.1
4.25,3,22.1,15,5,1,1,1,2,12.88
11.45,1,45.1,16,5,1,0,1,1,23.13
11.6,1,60.3,16,6,1,0,1,3,13.85
14.0,3,26.2,8,4,0,1,1,2,36.53
3.76,3,46.9,18,0,0,0,0,1,5.23
8.8,4,15.8,21,3,0,1,1,1,37.44
3.99,4,26.0,9,0,0,1,0,2,10.16
15.63,4,10.8,0,5,1,0,2,2,93.47
3.84,3,13.2,20,0,0,0,2,1,21.76
2.83,2,27.1,21,1,0,0,2,2,7.39
3.2,3,47.2,3,3,0,0,0,1,4.4
6.63,1,43.9,0,2,0,0,1,1,13.16
9.8,3,20.9,19,3,0,0,1,2,32.85
9.45,3,44.1,9,3,0,1,0,2,13.15
3.29,2,33.0,21,5,1,3,1,2,6.42
5.26,2,34.1,8,2,0,0,1,1,12.23
4.84,2,21.2,19,6,1,0,2,2,16.32
2.98,2,58.4,4,5,1,0,0,0,3.73
4.77,3,18.7,8,2,0,0,1,1,17.62
13.67,2,28.1,22,1,0,0,2,3,36.25
2.71,2,23.7,8,4,0,2,1,0,8.84
7.57,3,19.4,6,3,0,0,1,2,26.37
13.84,3,52.4,19,3,0,0,0,3,15.36
13.46,2,27.9,6,3,0,0,2,3,30.71
16.03,1,93.0,5,3,0,0,0,3,12.28
7.99,4,14.0,9,1,0,0,2,3,36.74
8.67,2,25.1,16,3,0,2,1,1,24.59
4.82,2,26.1,17,2,0,0,2,1,15.21
2.66,2,36.2,20,2,0,0,1,0,5.97
6.1,1,30.6,14,0,0,0,2,1,16.06
12.22,4,13.6,11,1,0,0,1,2,58.69
1.13,3,15.1,10,0,0,0,2,1,5.59
4.96,2,67.9,19,3,0,0,0,1,4.93
9.14,2,34.1,17,6,1,0,1,2,19.12
6.68,2,18.5,20,1,0,0,2,0,27.07
13.05,3,34.7,22,6,1,3,0,0,24.8
11.54,3,25.4,9,1,0,0,1,2,27.89
2.43,1,44.2,14,4,0,1,1,2,3.84
7.01,2,23.6,16,4,0,2,1,1,22.29
4.11,1,49.6,7,6,1,0,1,2,5.71
4.08,2,58.9,3,0,0,1,0,1,4.74
2.57,4,28.3,20,0,0,1,0,1,5.49
7.7,1,80.5,14,2,0,0,0,0,6.45
13.2,4,11.6,15,6,1,1,1,1,70.0
8.09,1,70.1,14,2,0,0,0,0,8.26
2.45,2,30.9,18,5,1,0,1,1,5.96
6.46,1,51.1,7,6,1,0,1,2,9.22
8.94,3,16.0,16,5,1,2,1,1,37.6
6.18,2,35.5,12,6,1,0,1,1,14.97
8.01,3,18.8,20,5,1,3,1,1,32.15
4.33,2,66.0,13,2,0,0,0,1,4.51
5.75,3,12.9,21,1,0,0,2,3,31.48
5.54,3,47.9,10,3,0,0,0,3,7.07
14.53,2,25.5,22,0,0,2,1,1,40.71
3.34,4,30.4,20,2,0,0,0,3,7.13
1.26,2,30.8,15,6,1,0,1,1,3.21
14.03,3,18.6,10,1,0,1,1,2,48.88
7.15,4,24.7,10,4,0,3,0,2,17.86
2.87,4,26.8,18,3,0,0,0,1,7.05
10.98,3,46.9,15,4,0,0,0,1,16.03
9.25,1,47.7,11,5,1,0,1,1,18.71
15.82,1,43.1,16,6,1,1,1,2,24.94
7.48,4,26.1,17,4,0,1,0,3,17.67
21.98,1,66.1,1,6,1,1,0,0,22.46
6.21,1,52.6,5,3,0,0,1,2,8.78
9.26,2,19.2,5,1,0,0,2,0,38.37
10.01,2,42.4,8,6,1,0,1,3,15.98
29.16,3,17.3,11,4,0,1,1,3,105.6
5.08,1,34.6,18,1,0,2,1,2,9.24
4.98,2,69.0,10,4,0,0,0,2,4.32
10.13,3,13.8,0,2,0,0,2,2,44.99
2.7,1,74.0,13,6,1,0,0,0,2.66
4.1,3,25.8,23,5,1,1,1,3,11.19
6.11,3,10.4,10,3,0,0,2,0,40.08
15.55,1,50.1,22,0,0,0,1,1,30.11
10.13,4,27.0,5,3,0,0,0,1,21.37
6.98,1,45.8,7,4,0,0,1,1,12.83
4.79,3,15.1,17,4,0,3,1,0,22.0
18.96,3,15.9,13,5,1,1,2,2,83.81
6.43,3,21.3,18,6,1,0,1,0,23.07
4.09,3,21.1,19,2,0,0,1,2,13.34
20.95,1,36.3,8,2,0,2,1,1,47.52
2.79,1,51.1,17,3,0,0,1,2,3.88
13.43,1,44.6,15,0,0,1,1,1,28.27
6.73,3,45.5,19,5,1,0,0,2,9.01
10.12,4,10.4,11,3,0,1,1,1,64.2
9.12,1,28.0,3,0,0,0,2,2,21.97
10.04,1,48.9,15,1,0,0,1,1,18.96
22.0,2,57.8,22,4,0,1,0,1,24.48
20.16,3,39.8,0,1,0,0,0,0,33.14
4.24,3,24.1,8,3,0,0,1,1,12.95
8.92,4,9.1,9,0,0,0,1,0,67.54
1.87,4,13.9,18,0,0,0,1,1,8.88
10.65,4,32.2,9,1,0,0,0,2,19.98
12.07,4,13.6,8,2,0,0,1,2,57.35
1.28,4,8.7,16,2,0,0,2,2,9.59
6.58,2,70.1,3,5,1,0,0,2,6.0
10.11,1,57.1,7,1,0,2,0,0,11.82
8.21,4,13.9,11,2,0,0,1,1,41.04
2.83,4,11.1,10,0,0,0,1,2,15.71
3.06,4,6.8,10,3,0,0,2,1,32.46
6.12,1,49.2,6,2,0,0,1,1,10.79
5.08,2,37.4,10,5,1,1,1,3,9.59
5.39,2,23.7,18,0,0,0,2,1,19.05
2.55,1,54.2,11,5,1,0,1,3,3.14
6.8,1,50.0,15,6,1,0,1,3,9.6
15.62,2,24.4,7,3,0,0,2,3,47.24
2.92,1,30.6,4,0,0,1,2,2,6.86
5.81,1,53.5,20,6,1,1,1,3,8.68
9.48,3,14.2,9,6,1,0,2,3,42.67
2.12,3,44.0,10,6,1,0,0,1,2.93
6.84,4,29.5,20,4,0,0,0,3,14.64
11.86,1,87.1,17,6,1,1,0,3,8.34
3.38,3,23.4,18,3,0,0,1,1,10.47
7.24,4,12.9,17,4,0,0,1,1,35.87
11.38,2,29.4,5,6,1,2,1,2,25.61
21.37,1,33.2,22,2,0,0,2,1,58.35
7.02,2,61.2,20,5,1,0,0,1,8.08
4.16,3,22.1,8,2,0,1,1,1,14.22
1.65,3,21.1,18,0,0,0,1,1,5.31
4.18,2,31.4,11,1,0,0,1,1,10.62
2.45,3,19.5,17,0,0,0,1,1,8.7
16.32,2,27.6,7,6,1,2,1,2,37.04
11.0,1,57.0,14,5,1,0,1,2,15.01
3.06,1,22.3,6,5,1,2,2,1,11.18
4.0,1,27.9,14,5,1,1,2,1,11.76
6.95,3,24.1,8,4,0,0,1,2,20.24
11.81,3,44.4,12,5,1,0,0,2,15.58
8.93,3,15.7,17,3,0,0,2,3,36.1
8.44,4,14.9,20,1,0,0,1,1,42.54
7.52,2,19.4,7,0,0,1,2,1,31.69
3.17,2,56.3,20,4,0,1,0,0,3.96
7.0,4,6.0,10,4,0,0,2,0,81.18
6.51,4,11.3,19,2,0,3,1,1,38.39
2.42,1,34.9,13,0,0,3,1,1,5.28
16.1,4,25.9,19,0,0,0,0,0,38.83
4.54,2,33.4,16,5,1,0,1,1,10.01
2.47,1,90.2,13,6,1,0,0,2,1.68
5.04,2,62.7,9,5,1,1,0,2,5.53
5.67,1,46.8,22,4,0,0,1,0,10.77
6.39,3,53.4,18,0,0,0,0,3,7.38
5.61,1,71.5,10,5,1,1,0,1,5.36
6.61,1,49.5,7,6,1,0,1,0,12.55
7.3,2,18.9,18,2,0,3,2,1,32.21
7.07,1,74.0,23,1,0,0,0,0,6.45
8.4,2,20.3,9,4,0,3,2,2,31.01
8.7,4,8.1,21,2,0,0,1,1,68.36
8.82,3,12.8,6,2,0,1,2,2,44.62
10.11,2,59.8,22,3,0,0,0,1,10.97
4.22,4,22.1,18,1,0,1,0,1,12.37
4.32,3,10.0,10,2,0,2,2,3,30.52
11.84,3,24.9,9,3,0,0,1,1,34.76
5.14,3,26.8,16,3,0,1,1,3,12.91
6.17,2,24.6,15,0,0,2,1,1,18.05
5.84,2,24.3,21,5,1,0,2,3,15.97
20.94,3,51.1,18,2,0,0,0,3,25.42
3.76,1,41.0,14,4,0,2,1,2,6.6
3.71,4,11.3,21,0,0,0,1,3,19.31
6.62,1,47.4,15,1,0,1,1,2,10.4
5.94,2,34.5,19,5,1,0,1,2,11.66
3.04,2,25.0,19,4,0,1,2,2,8.72
6.3,3,52.1,21,4,0,0,0,2,8.09
6.73,2,40.8,4,3,0,0,1,2,11.55
4.81,1,47.1,15,2,0,1,1,3,7.98
6.07,2,35.3,12,3,0,0,1,2,11.95
4.0,2,42.9,13,3,0,0,1,3,6.59
3.04,2,24.6,12,2,0,2,1,1,9.11
5.11,3,26.7,19,2,0,0,1,3,12.17
3.37,3,20.3,9,6,1,0,1,1,12.11
2.64,2,29.0,12,2,0,0,1,0,7.01
1.6,3,38.8,8,3,0,0,0,0,2.33
7.6,2,18.5,8,5,1,3,2,1,29.56
5.01,3,20.2,16,6,1,1,1,2,15.36
11.88,2,36.7,6,2,0,0,1,1,26.5
5.27,3,19.9,7,2,0,0,1,1,17.5
7.58,1,62.2,14,4,0,2,0,2,7.5
4.39,2,25.1,2,3,0,0,2,1,14.48
6.5,1,73.9,6,2,0,0,0,0,5.26
1.61,2,29.6,19,3,0,0,1,1,4.33
5.07,4,8.9,19,1,0,0,2,0,39.5
3.77,3,15.3,10,0,0,3,1,1,16.85
11.2,3,16.4,10,4,0,1,1,2,41.29
7.3,2,34.8,21,6,1,0,1,1,17.25
10.33,2,20.1,1,4,0,0,2,0,40.32
12.61,2,65.5,15,6,1,0,0,1,13.02
4.81,3,47.7,15,3,0,0,0,2,6.72
7.11,4,11.7,18,2,0,0,1,1,39.67
3.16,2,68.7,22,6,1,0,0,1,3.18
8.25,3,21.1,10,3,0,1,1,2,24.8
8.94,2,25.1,12,5,1,3,1,0,25.58
7.93,4,15.5,17,0,0,0,1,3,30.51
4.8,2,32.4,22,4,0,0,1,0,11.95
16.93,3,47.8,20,4,0,1,0,2,22.02
6.72,3,40.7,17,0,0,0,0,0,10.45
27.27,4,14.6,19,3,0,0,1,2,105.41
3.17,1,46.7,5,4,0,0,1,1,6.21
9.43,2,34.3,10,2,0,0,1,0,23.17
11.39,4,16.2,0,3,0,0,1,3,47.4
3.22,3,14.8,7,2,0,2,1,1,14.38
5.67,2,22.8,16,6,1,0,2,1,19.55
2.43,1,95.1,20,5,1,0,0,3,1.5
12.88,4,22.4,16,5,1,0,0,0,32.7
6.26,3,45.6,17,5,1,0,0,1,8.85
3.78,2,20.8,5,1,0,0,2,1,15.17
11.47,4,16.6,17,0,0,1,1,3,47.37
6.61,2,40.0,12,5,1,0,1,2,11.8
10.6,2,48.5,16,4,0,2,0,2,14.07
8.55,4,24.6,9,0,0,1,0,1,23.34
3.45,2,29.6,15,0,0,1,1,1,9.15
4.7,3,21.8,11,2,0,0,1,2,14.07
3.85,3,20.8,14,6,1,0,1,1,12.98
3.03,1,52.1,7,4,0,0,1,2,4.21
1.99,3,12.1,11,1,0,0,2,3,11.1
18.8,3,46.3,10,0,0,0,0,3,25.54
7.84,2,53.3,17,2,0,3,0,1,10.5
8.52,1,46.3,17,5,1,1,1,2,12.7
12.19,2,33.3,20,2,0,0,1,1,26.98
4.67,2,18.5,16,5,1,2,2,3,17.19
2.56,1,33.5,9,6,1,0,2,2,5.92
10.08,3,41.2,18,4,0,0,0,1,16.54
2.87,2,36.1,13,3,0,0,1,2,5.78
9.95,2,62.2,7,3,0,0,0,1,11.04
2.29,2,35.7,18,6,1,0,1,2,4.22
2.73,2,25.2,6,1,0,0,2,2,7.24
4.38,2,33.2,7,6,1,0,1,1,9.5
9.74,3,50.5,18,5,1,0,0,2,12.51
15.7,3,44.7,18,2,0,0,0,0,21.26
8.51,4,26.5,18,3,0,0,0,1,19.66
4.49,4,10.0,9,6,1,0,1,0,27.41
11.12,4,14.2,20,0,0,0,1,2,47.02
2.23,4,11.2,17,1,0,0,1,1,13.41
3.58,1,53.2,19,5,1,0,1,2,4.95
7.0,2,31.3,17,0,0,0,1,2,14.75
10.27,3,47.8,15,3,0,0,0,2,13.33
5.85,1,58.4,6,2,0,2,0,0,6.68
5.47,3,17.1,17,3,0,0,2,2,21.97
5.67,3,52.8,17,1,0,0,0,2,7.16
12.13,2,58.6,9,5,1,0,0,1,13.47
4.02,3,42.0,17,1,0,0,0,1,6.19
3.42,1,37.6,14,0,0,2,1,2,5.87
5.62,2,23.5,14,0,0,0,2,1,19.86
13.08,2,36.0,10,1,0,0,1,1,27.61
4.33,2,35.3,6,6,1,0,1,2,9.11
5.66,3,12.8,8,6,1,0,2,2,31.09
2.21,3,10.4,18,0,0,2,2,2,12.56
5.81,2,60.3,8,6,1,0,0,0,6.16
7.62,2,31.9,0,4,0,0,1,1,18.65
2.87,1,51.3,23,5,1,0,1,2,3.82
12.14,3,12.5,8,1,0,0,2,2,65.05
7.56,2,40.5,16,5,1,0,1,2,11.71
4.77,2,64.1,21,0,0,0,0,1,4.75
7.6,2,63.4,15,6,1,0,0,1,7.41
8.8,2,30.2,18,5,1,0,1,1,24.76
1.78,1,89.0,22,3,0,0,0,2,1.5
7.77,2,61.2,19,2,0,1,0,2,7.88
12.82,1,51.7,14,6,1,0,1,1,20.94
3.99,4,11.9,10,4,0,0,1,1,23.97
4.83,4,25.2,13,4,0,0,0,0,11.85
5.35,4,22.6,19,2,0,0,0,0,15.08
10.33,3,29.5,19,2,0,2,0,0,22.02
3.22,4,31.7,19,5,1,0,0,2,6.33
8.57,2,24.9,15,5,1,0,2,2,23.3
5.41,1,40.8,12,3,0,3,1,1,11.55
16.11,1,44.8,9,5,1,0,1,1,31.75
5.61,1,37.9,0,2,0,1,1,0,12.28
1.11,3,23.3,18,4,0,0,1,3,2.77
9.5,3,18.4,9,3,0,0,1,2,33.92
8.32,3,43.5,9,2,0,0,0,1,12.85
7.37,4,24.5,19,3,0,1,0,0,19.6
12.63,4,31.8,3,3,0,0,0,2,24.1
1.98,2,58.6,21,5,1,0,0,1,2.32
3.61,1,80.9,0,5,1,0,0,2,2.64
6.48,3,19.3,21,0,0,0,1,1,21.96
7.14,3,47.3,12,2,0,0,0,3,9.83
5.92,1,54.6,5,5,1,0,1,2,8.29
2.23,2,33.2,17,0,0,0,1,1,5.21
4.86,3,18.8,20,5,1,0,1,0,18.54
15.48,2,65.5,12,4,0,0,0,1,14.72
3.12,3,44.4,17,6,1,0,0,1,4.48
6.39,2,23.1,23,3,0,0,2,2,17.55
8.59,1,44.8,8,4,0,0,1,1,15.33
10.17,4,9.7,19,3,0,0,1,1,68.29
9.47,2,34.5,9,2,0,0,1,1,23.88
4.64,1,76.4,11,6,1,0,0,0,4.13
3.6,3,24.8,9,1,0,1,1,2,9.76
16.18,2,57.0,12,2,0,0,0,0,18.14
10.73,1,53.4,0,3,0,0,1,2,15.83
6.76,3,14.6,9,1,0,3,1,1,31.09
13.84,2,34.1,12,1,0,0,1,1,31.43
2.2,2,32.3,16,2,0,0,1,1,6.06
2.58,3,16.1,16,4,0,2,1,1,10.87
1.14,2,36.1,15,2,0,0,1,1,2.43
7.1,3,20.4,9,3,0,2,1,3,24.62
7.3,2,57.9,21,6,1,0,0,1,7.5
2.41,3,16.0,11,4,0,1,1,1,10.59
10.51,3,18.4,8,3,0,0,1,1,42.99
1.54,2,30.5,14,5,1,2,1,2,3.37
8.02,3,25.1,18,5,1,0,1,1,23.07
9.09,2,64.9,0,6,1,0,0,1,9.92
7.05,2,55.0,9,4,0,1,0,1,8.42
2.17,4,15.5,19,0,0,0,1,0,9.67
12.55,2,20.1,13,4,0,1,2,1,51.73
4.74,3,23.6,11,0,0,0,1,3,12.19
4.75,3,7.8,21,3,0,1,2,1,40.71
4.17,1,55.9,5,2,0,0,1,2,5.36
9.66,3,12.6,16,3,0,2,2,2,47.04
4.6,4,13.0,10,2,0,0,1,2,23.51
2.92,1,76.6,4,5,1,0,0,0,3.02
11.21,4,7.5,8,0,0,0,2,1,101.37
6.3,1,35.3,16,2,0,1,2,3,13.09
11.43,2,33.5,1,3,0,1,1,2,23.52
6.58,1,32.4,15,3,0,0,2,2,14.2
3.99,3,44.7,22,3,0,0,0,2,5.12
1.73,1,49.9,18,6,1,0,1,1,2.97
7.11,2,30.8,10,4,0,0,1,2,14.98
5.35,2,32.9,6,3,0,0,1,2,10.21
9.89,2,34.1,12,4,0,0,1,2,20.91
4.46,3,46.2,11,1,0,0,0,2,5.84
8.16,4,26.4,22,0,0,0,0,1,20.25
6.42,2,33.3,23,1,0,0,1,1,15.6
3.76,3,12.3,11,1,0,0,2,2,18.58
4.69,2,61.7,7,4,0,0,0,1,5.51
2.54,2,36.3,20,4,0,0,1,1,5.9
16.8,1,46.7,18,6,1,1,1,2,25.66
8.06,2,35.1,13,0,0,0,1,1,19.62
2.41,4,10.8,10,0,0,0,1,3,15.03
16.33,1,23.2,12,5,1,2,2,1,54.63
3.09,4,15.9,20,0,0,0,1,2,11.69
4.42,1,26.1,7,6,1,2,2,2,11.84
5.6,1,35.6,18,3,0,3,1,1,12.51
6.52,1,57.4,0,3,0,0,1,3,8.96
9.74,2,24.0,21,6,1,2,1,0,31.45
1.43,1,77.7,13,0,0,0,0,1,1.5
6.58,4,27.6,8,4,0,0,0,1,15.36
5.42,1,44.9,0,1,0,0,1,1,9.82
7.19,1,55.3,14,0,0,0,1,3,9.75
5.26,3,19.5,8,5,1,0,1,0,19.47
4.83,1,39.4,16,0,0,3,1,1,9.64
6.0,4,14.0,9,1,0,0,1,2,25.63
15.83,1,41.3,5,2,0,1,1,1,32.96
4.89,3,15.8,13,0,0,2,1,2,18.89
12.23,2,29.9,15,0,0,0,1,1,32.16
7.01,2,30.0,12,3,0,0,1,0,18.4
6.82,1,30.9,12,1,0,1,2,2,16.71
7.23,1,29.2,15,5,1,0,2,2,18.84
8.57,1,40.3,14,0,0,1,1,0,18.39
5.13,1,83.4,6,5,1,0,0,2,3.77
11.77,1,47.2,7,0,0,0,1,0,21.37
8.58,3,14.1,6,2,0,0,2,1,45.61
2.7,4,28.6,17,1,0,0,0,2,5.36
1.12,1,52.9,14,0,0,0,1,3,1.5
15.56,3,16.6,11,2,0,1,1,0,70.07
7.36,4,13.1,18,0,0,0,1,2,32.62
2.47,4,15.0,9,4,0,0,1,2,10.79
4.88,2,33.0,15,2,0,0,1,1,11.57
10.73,2,32.1,4,5,1,0,1,1,26.02
5.78,2,25.2,18,6,1,0,2,3,14.75
6.1,4,12.6,17,4,0,0,1,0,32.74
9.62,2,31.4,18,6,1,0,1,0,22.78
7.78,4,10.2,20,0,0,0,1,2,46.07
8.95,4,6.8,18,2,0,2,2,1,84.38
9.57,2,28.8,19,1,0,2,1,1,24.46
4.06,1,46.1,10,6,1,0,1,1,7.41
4.31,2,26.0,10,6,1,0,2,2,10.61
3.75,1,47.1,21,5,1,0,1,1,6.51
4.47,3,44.2,21,3,0,0,0,1,6.09
5.96,2,33.1,14,0,0,0,2,3,12.38
6.23,3,44.8,10,2,0,0,0,2,8.69
13.61,3,44.7,19,4,0,0,0,1,18.83
7.56,2,69.1,9,2,0,0,0,2,6.84
6.03,1,75.1,7,1,0,0,0,1,5.49
3.22,1,31.2,16,2,0,0,2,0,9.39
5.32,2,63.6,2,4,0,0,0,2,5.04
16.21,3,43.7,10,0,0,0,0,0,23.86
16.07,2,39.1,18,5,1,0,1,3,25.44
5.28,3,21.3,9,4,0,0,1,1,16.6
1.91,2,34.1,21,5,1,1,1,2,3.86
4.85,2,34.6,22,5,1,0,1,3,9.88
13.69,3,22.5,19,4,0,0,1,1,43.39
5.99,1,64.0,23,4,0,3,0,1,6.22
9.63,3,22.4,14,3,0,0,1,2,28.07
6.41,4,10.3,15,5,1,0,2,1,41.46
2.32,3,25.4,19,0,0,0,1,1,7.29
6.55,2,64.2,13,3,0,0,0,0,7.0
10.36,3,28.4,11,5,1,0,1,2,23.83
4.43,1,47.5,16,2,0,0,1,2,6.69
10.2,1,31.0,16,0,0,0,2,1,27.07
6.8,3,35.5,18,0,0,3,0,1,10.54
9.9,1,78.6,17,5,1,0,0,1,8.75
7.84,1,37.4,18,2,0,2,1,1,15.79
3.37,4,6.9,17,2,0,0,2,2,31.57
5.36,1,44.8,13,4,0,0,1,1,9.76
5.25,2,62.0,6,5,1,0,0,1,5.58
4.29,2,23.2,18,5,1,1,2,2,12.19
7.49,1,51.8,1,0,0,0,1,2,10.19
17.82,2,52.4,23,6,1,2,0,2,19.81
11.78,3,17.7,19,1,0,0,2,2,43.92
12.66,2,31.9,17,5,1,2,1,3,28.16
4.13,1,88.0,22,4,0,0,0,2,2.88
12.78,3,14.1,16,0,0,0,2,1,62.44
15.14,4,8.9,3,2,0,3,1,0,118.65
4.04,1,41.4,14,2,0,1,1,1,8.68
8.35,2,20.2,9,1,0,2,2,1,32.32
8.48,4,8.9,10,0,0,0,1,0,60.29
5.6,1,65.9,12,3,0,2,0,2,4.81
7.14,3,15.6,18,4,0,0,2,2,28.11
8.72,2,69.0,13,0,0,1,0,2,8.63
5.83,4,5.4,12,3,0,1,2,0,67.28
11.46,3,37.0,9,2,0,1,0,1,18.58
2.71,2,38.6,14,2,0,0,1,1,5.94
5.24,2,31.2,8,3,0,1,1,2,10.25
9.74,3,16.8,8,3,0,0,2,2,38.11
16.79,2,30.2,18,1,0,1,1,3,40.3
11.87,3,42.1,10,0,0,0,0,0,17.49
7.05,1,85.1,3,2,0,0,0,2,5.17
6.0,4,12.7,10,4,0,0,1,0,30.8
5.42,1,58.3,16,2,0,2,0,1,5.7
5.44,4,12.7,19,0,0,0,1,2,26.31
1.72,2,32.1,22,3,0,0,2,3,3.87
16.41,4,16.8,18,1,0,0,1,2,64.48
6.28,2,30.7,11,6,1,1,1,1,16.92
3.87,1,50.7,9,2,0,0,1,1,7.47
8.28,1,41.2,6,1,0,2,1,2,12.87
4.08,1,59.4,16,3,0,0,1,3,5.37
10.86,4,18.9,13,5,1,0,1,2,38.84
3.95,4,10.5,17,0,0,2,1,2,22.24
9.99,3,25.2,8,2,0,0,1,2,26.35
5.37,3,18.1,9,0,0,0,2,2,19.75
7.66,3,15.5,9,4,0,0,2,3,32.63
10.42,3,14.9,18,0,0,3,2,3,43.65
4.63,2,63.4,7,6,1,1,0,2,4.57
10.28,2,26.4,16,5,1,2,1,1,28.7
1.78,3,17.7,3,3,0,0,1,1,7.64
14.5,2,29.0,14,3,0,0,1,1,36.46
11.28,2,34.1,4,4,0,0,1,1,25.31
6.15,2,33.7,7,6,1,0,1,1,14.32
12.41,3,17.7,6,0,0,1,2,3,45.49
11.7,2,26.7,10,5,1,0,2,2,28.69
6.49,4,12.1,10,3,0,0,1,0,37.44
6.45,4,6.0,19,3,0,0,2,0,68.8
3.57,4,13.2,8,3,0,0,1,3,16.65
6.7,2,63.2,5,3,0,0,0,1,6.17
2.27,2,51.3,15,1,0,2,0,2,2.77
9.92,2,46.6,17,6,1,2,0,1,13.7
10.04,1,43.2,9,2,0,1,1,1,21.51
1.8,2,34.6,15,1,0,0,1,1,4.27
13.73,4,16.5,18,3,0,0,1,1,57.1
4.38,2,25.1,10,6,1,0,2,2,12.01
26.12,1,72.8,14,5,1,1,0,1,23.41
7.43,2,17.4,7,0,0,2,2,1,31.46
13.8,1,63.3,1,1,0,2,0,2,15.14
3.49,2,21.1,23,4,0,0,2,0,11.8
5.37,3,13.8,9,2,0,3,2,3,24.89
4.62,3,19.4,9,0,0,0,1,1,16.23
2.24,2,29.8,22,1,0,1,1,1,5.46
2.71,3,44.5,17,2,0,0,0,0,4.19
6.0,1,50.3,15,6,1,0,1,2,8.45
8.11,3,40.6,17,5,1,0,0,1,12.95
3.24,1,41.4,17,6,1,1,1,0,7.25
5.16,3,24.0,18,1,0,0,1,2,13.21
4.06,2,36.4,4,4,0,1,1,3,8.7
6.25,3,26.4,11,3,0,0,1,3,15.08
9.49,4,9.5,9,4,0,1,1,2,58.19
6.91,2,17.5,4,3,0,3,2,0,29.29
4.49,3,23.0,11,2,0,0,1,3,13.1
11.48,2,64.1,16,1,0,3,0,3,10.93
7.96,1,29.6,7,1,0,0,2,0,22.78
7.03,4,11.1,9,4,0,1,1,0,43.63
3.27,1,41.2,16,0,0,0,1,1,7.21
10.81,2,28.7,15,2,0,0,1,1,30.61
8.43,1,51.0,20,5,1,0,1,1,16.75
8.68,4,12.5,18,3,0,0,1,1,47.93
5.65,4,12.1,22,6,1,0,1,2,31.54
5.05,1,50.2,15,2,0,0,1,2,6.89
16.46,1,45.5,17,6,1,3,1,3,25.21
5.0,3,44.6,19,5,1,0,0,1,7.35
2.84,3,46.9,19,4,0,0,0,2,3.71
7.24,2,23.2,17,5,1,1,2,2,21.81
6.45,1,57.9,13,1,0,2,0,1,6.96
11.77,3,48.1,9,3,0,1,0,3,15.85
5.92,3,22.8,20,3,0,0,1,0,19.48
9.32,2,73.9,18,5,1,0,0,3,7.7
14.25,3,52.8,19,3,0,0,0,3,18.8
8.15,2,59.3,6,3,0,0,0,0,8.49
3.38,3,15.5,9,2,0,0,1,1,14.85
1.74,2,35.4,11,2,0,1,1,2,3.51
8.28,1,77.3,19,5,1,0,0,1,7.16
5.22,1,49.3,20,6,1,1,1,3,6.97
7.53,1,87.5,9,6,1,0,0,2,5.21
6.48,3,24.3,17,4,0,0,1,0,20.62
2.79,1,52.7,4,5,1,1,1,3,3.83
5.9,2,53.5,11,5,1,1,0,0,7.2
3.25,2,27.4,13,6,1,0,2,2,8.42
4.77,3,15.8,18,1,0,1,2,2,20.66
10.79,1,44.7,20,5,1,0,1,0,19.1
6.79,2,71.8,10,5,1,0,0,2,6.47
9.01,1,58.7,14,1,0,0,1,3,10.76
7.11,1,36.2,16,2,0,0,2,1,17.96
5.45,4,11.5,9,4,0,1,1,2,31.16
7.54,2,63.2,23,6,1,0,0,1,8.02
1.99,2,45.2,20,0,0,0,1,3,3.03
9.94,1,54.0,9,5,1,0,1,3,12.4
3.8,3,43.2,13,5,1,0,0,1,5.4
8.69,1,36.7,8,5,1,0,2,3,15.96
5.32,1,47.7,13,3,0,0,1,1,9.76
2.79,3,46.5,17,5,1,0,0,1,4.16
4.24,2,58.0,5,1,0,1,0,1,4.95
8.71,3,11.9,20,3,0,0,2,1,52.02
19.43,2,41.1,15,1,0,0,1,3,33.98
6.24,2,39.7,23,5,1,0,1,2,11.57
18.15,3,20.4,1,0,0,1,1,0,55.29
1.99,3,30.4,19,6,1,0,1,2,4.65
5.57,1,54.5,18,5,1,0,1,2,7.51
6.24,2,64.8,6,1,0,0,0,2,6.33
8.97,2,69.0,9,5,1,0,0,2,7.58
4.35,4,22.8,20,0,0,1,0,1,11.75
7.95,3,13.8,13,1,0,0,2,1,40.95
5.74,2,21.7,11,2,0,0,2,0,20.98
12.72,2,35.5,20,3,0,0,1,1,29.26
7.24,1,43.7,5,4,0,0,1,0,13.23
24.91,2,62.5,12,4,0,0,0,1,26.61
5.77,3,15.8,16,1,0,0,1,0,22.95
12.26,2,31.9,16,4,0,0,1,2,26.81
14.46,2,37.5,8,5,1,1,1,3,26.01
0.85,3,50.0,15,3,0,0,0,2,1.5
9.87,4,9.6,17,2,0,2,1,1,66.78
2.76,4,12.1,15,2,0,1,2,2,12.97
5.64,3,39.4,17,0,0,3,0,2,8.16
3.07,4,6.9,8,4,0,2,1,2,29.36
12.84,2,20.2,19,5,1,3,2,1,52.11
4.51,2,43.8,12,3,0,2,0,1,7.09
1.9,1,49.4,23,4,0,0,1,0,3.54
7.34,1,90.2,1,3,0,0,0,2,4.57
13.92,2,38.8,10,6,1,0,1,1,27.16
3.1,2,34.9,7,0,0,0,1,0,7.6
10.61,1,37.2,14,6,1,0,2,2,21.04
1.52,3,20.2,8,5,1,2,1,2,5.22
14.47,3,16.4,18,6,1,3,1,0,59.95
8.24,4,6.3,20,4,0,0,2,1,78.85
2.88,2,25.3,8,6,1,0,2,1,10.2
10.06,1,97.9,7,2,0,0,0,3,6.46
4.68,4,16.7,20,0,0,0,1,1,19.46
3.57,2,65.8,10,5,1,0,0,2,3.57
4.61,1,51.2,11,6,1,2,0,0,5.81
9.49,3,20.5,8,4,0,2,1,3,30.84
3.42,4,28.6,11,2,0,0,0,1,7.43
1.09,3,38.6,8,2,0,0,0,0,1.75
4.77,3,17.9,17,3,0,1,1,1,18.46
13.14,1,45.3,13,2,0,0,1,0,27.68
13.04,2,21.4,18,1,0,0,2,0,50.7
4.61,2,24.6,9,6,1,3,1,1,14.64
4.51,1,40.6,13,4,0,0,2,3,8.54
4.33,1,47.6,8,4,0,0,1,1,8.31
4.2,2,30.4,21,3,0,3,1,2,9.0
4.39,1,53.8,14,2,0,0,1,2,5.71
7.55,2,36.8,7,3,0,0,1,0,16.24
13.32,4,11.7,9,1,0,0,1,1,72.65
3.41,2,44.2,5,3,0,0,1,3,5.55
3.86,3,21.5,1,4,0,0,1,0,12.82
8.07,1,45.3,14,5,1,0,1,1,17.37
9.81,1,51.9,10,5,1,0,1,2,13.44
2.27,2,19.4,22,3,0,2,2,1,9.33
16.09,1,94.1,7,4,0,0,0,3,10.88
5.33,4,14.7,18,0,0,0,1,1,25.19
2.43,4,8.8,9,1,0,0,2,3,17.36
2.19,2,58.4,8,6,1,1,0,2,2.28
2.09,1,60.4,22,1,0,3,0,1,1.99
12.13,2,27.0,18,4,0,2,1,2,28.45
6.82,3,49.7,16,5,1,1,0,3,8.33
12.19,3,22.3,17,0,0,0,1,1,38.0
6.07,1,58.3,23,2,0,0,1,3,7.2
12.0,1,29.2,15,3,0,1,2,2,27.89
5.97,1,77.6,5,6,1,0,0,1,5.24
8.95,2,29.8,4,6,1,0,1,0,23.03
6.32,3,19.4,17,2,0,0,1,1,23.77
5.75,3,27.3,16,6,1,0,1,2,14.9
3.64,2,61.3,18,0,0,0,0,0,3.78
9.67,1,63.8,6,1,0,2,0,2,10.36
3.11,3,20.5,21,2,0,0,1,2,10.5
9.66,2,66.5,14,0,0,0,0,2,9.36
7.01,4,14.0,16,1,0,0,1,3,33.97
9.81,2,57.1,2,5,1,3,0,2,10.68
7.37,2,65.6,22,2,0,0,0,2,6.39
12.74,1,90.2,15,6,1,0,0,2,9.63
8.45,2,41.2,15,5,1,0,1,2,13.62
7.1,3,19.3,21,1,0,2,1,3,24.63
0.98,3,49.0,21,4,0,0,0,2,1.5
13.04,4,30.6,8,6,1,0,0,2,26.77
2.07,3,16.5,21,1,0,0,1,0,7.85
2.6,2,50.4,17,1,0,1,0,0,3.38
10.34,1,94.4,1,6,1,0,0,3,6.95
6.67,4,23.2,8,0,0,0,0,1,17.92
2.14,4,22.0,11,0,0,1,0,1,5.19
4.5,2,30.3,15,3,0,1,1,1,12.01
12.65,2,20.5,17,6,1,0,2,2,43.64
7.24,3,43.5,8,0,0,0,0,0,10.93
6.77,4,29.2,19,4,0,0,0,2,13.9
4.15,3,27.0,19,4,0,0,1,2,10.55
10.55,1,71.1,16,5,1,0,0,0,9.91
6.18,1,29.7,21,1,0,0,2,0,16.73
9.44,4,17.2,19,0,0,2,0,0,34.16
3.87,2,65.8,8,6,1,0,0,1,3.6
19.48,4,15.8,18,6,1,0,1,2,74.44
13.96,2,35.9,22,6,1,0,1,1,30.55
7.19,4,11.0,6,3,0,2,1,2,41.09
8.14,2,24.0,23,0,0,1,2,3,25.34
4.53,2,37.2,1,6,1,1,1,3,7.4
9.88,1,50.3,14,3,0,0,1,2,15.2
1.17,3,28.6,18,1,0,0,1,3,2.74
15.95,1,49.1,18,6,1,0,1,2,23.98
9.55,2,29.8,17,6,1,3,1,2,20.74
3.36,1,52.3,14,5,1,0,1,2,4.61
15.73,1,55.7,16,5,1,0,1,3,20.47
18.55,3,23.0,17,4,0,0,1,2,56.58
8.4,1,48.2,13,0,0,0,1,1,16.4
3.91,1,41.4,15,0,0,1,1,1,8.35
6.84,3,22.6,19,4,0,0,1,1,21.68
9.11,3,46.0,9,4,0,0,0,2,11.63
8.0,1,31.2,14,5,1,0,2,2,17.21
3.37,2,53.2,0,5,1,1,0,1,4.58
9.02,1,39.5,17,5,1,2,1,3,16.98
12.57,2,28.6,7,2,0,0,2,3,29.87
2.83,3,15.8,13,2,0,0,2,2,12.11
3.07,4,12.6,8,2,0,0,1,0,17.83
4.41,2,36.4,1,4,0,0,1,2,7.55
5.83,2,70.0,13,2,0,0,0,3,4.83
10.7,2,34.7,11,0,0,0,1,1,24.48
12.49,3,46.6,11,4,0,0,0,2,16.29
3.8,3,20.7,8,0,0,0,1,1,13.71
7.52,3,23.6,21,4,0,0,2,3,20.87
12.21,2,17.9,0,6,1,2,2,3,47.2
20.1,4,12.0,20,1,0,1,1,1,104.72
7.49,2,59.9,17,0,0,1,0,1,8.4
7.74,4,26.0,7,6,1,0,0,0,19.54
8.43,2,33.1,12,4,0,0,1,1,19.4
5.45,3,26.0,23,3,0,0,1,2,13.24
7.15,4,21.5,16,4,0,3,0,0,20.92
1.43,3,50.3,6,1,0,0,0,1,1.58
4.55,1,45.3,12,4,0,0,1,2,6.83
8.94,2,39.1,12,1,0,0,1,2,14.45
3.65,3,15.5,18,2,0,0,2,3,14.7
10.84,3,47.0,21,0,0,0,0,1,15.44
1.86,1,42.3,5,1,0,0,1,0,3.94
10.61,4,15.7,9,3,0,0,2,2,43.14
10.59,4,8.9,9,0,0,0,1,0,76.18
20.3,1,71.4,23,4,0,0,0,0,19.01
5.32,4,7.3,14,4,0,1,1,2,42.53
6.67,4,6.3,20,1,0,0,2,1,71.11
15.09,1,80.2,11,6,1,0,0,1,12.16
14.02,4,13.0,17,3,0,0,2,1,79.13
11.76,3,48.5,9,1,0,0,0,3,15.06
8.16,1,86.4,20,6,1,0,0,2,6.47
14.86,3,10.4,12,3,0,0,2,1,95.88
24.32,2,15.6,18,5,1,0,2,1,113.65
9.42,2,67.5,8,1,0,0,0,2,8.86
6.87,4,29.4,17,2,0,0,0,0,13.99
10.07,3,6.7,11,2,0,2,2,2,88.62
7.43,1,87.7,1,2,0,0,0,2,4.87
5.61,3,38.4,11,1,0,0,0,0,8.82
10.87,2,60.0,14,6,1,0,0,1,11.56
4.84,3,19.1,7,0,0,0,1,0,18.28
9.31,2,28.2,7,4,0,0,2,3,22.93
2.21,2,64.5,12,0,0,0,0,2,2.22
16.35,3,38.5,10,4,0,1,0,0,28.22
3.99,1,57.5,12,3,0,0,1,3,5.28
2.56,1,38.2,12,2,0,1,1,0,5.84
13.75,1,42.9,6,2,0,0,1,0,29.08
15.2,2,29.3,7,4,0,0,1,0,39.94
8.06,1,81.1,19,2,0,1,0,2,6.83
6.29,1,85.6,7,0,0,1,0,3,4.82
5.4,2,58.8,17,1,0,0,0,0,5.53
7.8,3,52.2,11,2,0,0,0,3,8.36
6.5,2,26.6,22,5,1,0,2,1,18.86
6.02,2,72.1,4,6,1,0,0,2,5.09
3.71,2,24.0,19,6,1,2,2,3,10.1
3.0,4,12.9,13,2,0,0,1,0,17.54
7.03,2,20.4,0,5,1,3,2,2,23.38
7.66,4,24.4,8,3,0,0,0,2,19.06
4.14,3,46.1,11,1,0,0,0,1,5.48
4.54,3,46.2,9,4,0,0,0,0,6.4
7.65,4,11.2,10,1,0,1,1,2,41.25
3.64,4,15.5,21,1,0,0,1,0,16.07
12.02,2,26.3,10,4,0,0,2,3,29.51
9.09,3,23.1,11,1,0,0,1,1,30.22
4.12,3,26.3,18,3,0,0,1,3,10.57
8.83,1,50.3,18,5,1,0,1,2,12.35
3.7,2,53.2,5,0,0,1,0,0,4.71
10.62,4,24.6,17,1,0,0,0,1,27.09
3.8,1,53.0,13,0,0,0,1,3,5.6
6.21,2,63.8,6,3,0,0,0,1,6.39
7.29,4,6.8,8,3,0,0,2,1,72.5
15.07,2,26.3,2,6,1,0,2,2,42.74
3.97,1,41.5,10,6,1,2,1,2,6.27
3.86,3,17.4,8,1,0,2,1,2,14.75
2.32,4,11.4,10,2,0,0,1,1,13.32
17.57,2,25.8,15,1,0,2,1,0,50.34
6.81,3,20.7,17,0,0,1,1,3,22.51
12.18,2,63.7,15,3,0,0,0,1,13.2
4.6,3,14.3,17,0,0,0,1,2,19.58
4.88,3,15.3,19,0,0,1,2,1,20.74
6.48,3,22.9,20,6,1,0,1,1,20.34
6.6,2,56.9,19,4,0,0,0,1,7.62
9.86,2,57.8,7,3,0,0,0,0,11.24
6.93,3,18.1,8,3,0,0,1,1,27.15
5.26,2,26.8,13,0,0,0,2,3,13.02
17.76,3,9.4,10,5,1,1,2,0,129.17
3.67,1,34.8,6,3,0,0,2,2,7.59
3.98,3,20.9,9,5,1,1,2,3,14.11
3.71,4,24.9,22,5,1,0,0,0,9.78
10.08,3,45.0,10,1,0,0,0,0,14.5
8.67,2,40.2,11,4,0,0,1,3,14.77
6.04,4,8.7,0,1,0,1,1,2,41.29
3.58,1,38.5,17,6,1,2,1,2,6.1
7.27,3,37.5,11,2,0,1,0,2,12.08
10.9,1,56.8,5,2,0,0,1,3,14.19
15.42,1,74.4,22,5,1,0,0,0,14.4
4.47,2,38.4,18,0,0,0,1,1,9.02
6.03,1,80.5,17,5,1,0,0,1,5.06
8.62,4,7.5,22,2,0,0,2,0,79.01
5.23,4,6.7,11,1,0,0,2,1,50.1
2.6,3,15.9,17,2,0,0,2,1,12.78
6.05,3,13.9,8,0,0,0,1,3,26.18
2.85,2,33.9,17,3,0,0,1,1,6.23
11.43,2,73.9,0,4,0,0,0,3,10.0
5.5,3,22.2,6,0,0,0,1,2,15.93
6.42,4,11.7,11,0,0,0,1,2,36.74
4.05,3,48.5,0,0,0,0,0,1,5.42
6.57,1,47.4,12,1,0,0,1,1,13.47
13.37,1,47.8,14,3,0,0,1,0,24.3
12.14,1,46.0,16,0,0,0,1,1,23.93
3.17,1,92.2,5,3,0,0,0,3,2.3
0.8,1,41.8,7,5,1,2,1,2,1.5
6.07,1,36.8,16,6,1,0,2,2,12.2
5.52,1,45.8,16,6,1,0,1,1,10.15
5.31,1,49.8,1,0,0,0,1,1,9.85
4.66,1,31.2,14,1,0,0,2,2,9.54
3.12,3,26.1,18,0,0,0,1,2,7.53
21.08,1,80.4,4,6,1,0,0,1,17.79
17.57,1,34.2,11,5,1,0,2,2,33.55
5.17,3,19.6,9,2,0,1,1,1,19.72
7.21,3,19.6,21,1,0,1,1,3,23.18
11.54,2,62.0,7,6,1,0,0,1,11.91
7.19,4,29.8,9,0,0,0,0,1,15.88
4.9,4,29.4,20,0,0,0,0,1,10.99
2.63,2,36.8,9,0,0,0,1,3,5.0
6.72,2,68.6,14,2,0,1,0,3,6.22
2.88,1,59.6,2,2,0,3,0,1,3.72
12.86,2,66.8,23,6,1,0,0,1,14.19
6.54,3,19.6,19,0,0,1,1,1,21.45
9.03,1,46.0,16,6,1,0,1,1,17.72
5.42,3,8.3,4,2,0,0,2,0,44.81
10.66,3,19.6,4,0,0,0,1,0,36.61
4.41,1,44.2,14,2,0,0,2,3,7.31
7.93,2,35.9,9,3,0,0,1,2,16.72
5.29,1,52.6,16,5,1,0,1,2,7.2
5.8,2,49.8,15,6,1,3,0,1,7.6
11.46,2,32.2,19,0,0,0,1,1,28.61
4.03,1,76.0,9,5,1,0,0,0,3.6
8.25,1,44.9,15,0,0,3,1,2,13.46
13.72,3,24.3,18,4,0,0,1,2,41.12
11.22,1,78.9,13,4,0,0,0,1,9.58
4.49,4,11.4,19,1,0,0,1,1,26.35
8.91,1,37.9,6,3,0,0,2,3,17.65
1.87,3,35.1,17,3,0,2,0,2,3.11
11.68,2,68.3,21,1,0,0,0,2,10.69
24.28,4,14.3,9,4,0,0,1,0,117.45
7.98,3,22.0,10,6,1,0,1,1,25.7
14.1,1,47.1,5,1,0,0,1,1,26.16
2.54,2,58.3,16,4,0,0,0,1,3.23
3.35,1,74.1,14,6,1,0,0,0,2.94
5.4,3,48.8,2,0,0,0,0,1,7.29
6.04,2,65.4,18,5,1,0,0,1,5.24
8.01,3,16.6,19,1,0,0,2,0,34.77
4.5,4,24.2,20,2,0,0,0,1,12.73
7.25,2,67.3,14,5,1,0,0,1,7.31
11.45,2,15.0,12,4,0,2,2,0,55.72
8.89,2,25.7,20,0,0,0,2,2,22.59
5.29,3,39.9,11,6,1,0,0,0,8.77
10.18,2,41.2,16,2,0,0,1,2,15.94
5.15,2,42.1,16,2,0,0,1,3,8.54
7.02,1,70.3,10,6,1,1,0,0,6.61
11.12,4,6.3,5,3,0,0,1,1,109.75
5.95,2,22.5,1,4,0,0,2,0,20.65
2.85,3,18.2,11,0,0,0,1,1,10.83
6.9,4,13.8,13,4,0,0,1,2,31.55
11.17,3,18.5,19,0,0,0,1,3,34.57
11.75,1,44.1,11,6,1,1,1,2,21.84
3.26,1,48.8,9,5,1,0,1,2,4.93
9.95,2,64.3,12,4,0,0,0,2,10.32
5.73,1,25.9,8,5,1,1,2,0,18.35
14.63,1,30.8,5,2,0,1,2,1,45.87
2.89,2,63.6,6,3,0,0,0,1,3.28
9.84,2,57.6,9,6,1,0,0,0,11.5
5.35,2,32.7,0,5,1,1,1,2,12.18
4.55,1,42.7,8,6,1,1,1,1,8.83
11.4,2,24.6,18,1,0,0,2,0,36.9
12.41,4,28.0,8,4,0,0,0,0,29.5
1.46,2,32.2,6,2,0,3,1,3,3.18
11.51,1,56.6,21,6,1,0,1,3,15.95
6.39,1,54.8,16,1,0,1,1,3,7.93
6.78,3,20.3,4,5,1,0,1,3,20.49
2.78,1,45.5,4,1,0,1,1,2,4.23
9.47,2,59.2,16,1,0,0,0,1,11.13
21.37,2,21.0,14,5,1,0,2,1,74.95
4.73,3,47.6,4,2,0,0,0,1,6.77
13.08,1,89.0,8,5,1,0,0,2,8.96
6.64,3,21.3,21,0,0,1,1,3,21.7
4.85,4,9.6,15,1,0,1,1,1,33.56
2.4,2,34.1,12,3,0,0,1,1,5.93
14.12,2,35.1,8,6,1,0,1,1,33.27
7.13,1,46.7,6,0,0,0,1,1,14.0
5.02,2,32.2,11,2,0,0,1,0,11.25
5.56,2,64.5,21,1,0,0,0,1,6.08
9.9,3,14.4,3,2,0,0,2,1,48.76
5.01,1,53.6,23,2,0,0,1,2,7.04
3.56,2,56.7,8,1,0,3,0,2,4.01
6.21,3,20.7,11,2,0,0,1,1,21.11
6.1,3,16.6,2,6,1,0,2,2,24.96
6.02,2,51.7,15,6,1,2,0,2,6.73
5.05,1,52.6,13,3,0,0,1,2,6.65
13.33,3,18.8,17,3,0,0,1,0,48.63
25.67,1,81.0,14,4,0,0,0,1,21.56
3.26,2,21.7,11,6,1,0,2,1,12.39
1.27,4,13.1,18,1,0,0,1,1,6.76
5.75,1,69.9,1,1,0,0,0,0,5.24
1.41,1,35.0,14,6,1,0,2,2,3.19
2.23,4,14.6,6,1,0,0,1,1,11.59
4.79,4,6.8,11,4,0,1,2,3,43.3
9.86,1,46.4,18,5,1,0,1,2,14.61
5.71,1,54.4,6,3,0,0,1,3,7.66
0.99,4,8.4,21,3,0,0,1,2,7.42
5.66,2,38.4,20,1,0,0,1,3,9.92
5.93,3,43.9,11,2,0,1,0,3,8.47
5.99,1,30.8,0,0,0,0,2,1,18.13
12.23,2,51.4,18,0,0,2,0,2,14.56
11.09,2,42.3,20,1,0,0,1,3,16.77
6.97,1,91.3,7,1,0,0,0,2,4.86
19.09,3,13.3,21,3,0,0,2,0,97.88
4.78,4,13.1,21,6,1,0,1,2,23.33
6.16,2,20.0,12,3,0,2,2,3,20.98
6.57,4,10.2,18,2,0,2,1,2,38.62
2.38,1,31.1,12,3,0,0,2,2,5.27
6.65,1,49.1,15,0,0,0,1,0,11.75
2.05,1,53.6,9,6,1,0,1,2,2.86
4.3,1,35.9,7,0,0,2,1,0,9.38
7.16,4,30.3,18,3,0,1,0,3,14.53
2.68,1,59.1,0,0,0,0,1,3,3.01
8.11,2,25.9,15,5,1,1,2,3,21.66
3.87,4,16.1,19,0,0,0,1,1,17.74
5.28,3,16.3,8,0,0,0,2,2,23.07
8.94,3,44.0,9,0,0,1,0,2,13.07
6.34,2,35.1,15,4,0,0,1,2,12.4
8.0,3,43.9,8,1,0,0,0,1,11.75
8.63,2,42.2,19,6,1,0,1,3,14.3
6.27,4,14.0,10,2,0,0,1,3,27.43
8.27,1,49.2,15,4,0,0,1,2,12.1
4.26,2,72.3,8,6,1,0,0,2,3.73
8.88,1,86.5,2,2,0,0,0,2,6.48
5.77,2,37.0,7,4,0,0,1,2,11.25
13.52,1,56.0,3,4,0,0,1,2,16.64
7.24,1,61.6,12,2,0,2,0,2,7.5
4.66,4,17.5,15,1,0,0,1,3,18.19
8.97,3,19.3,2,6,1,0,1,2,29.67
13.85,2,44.7,5,3,0,3,0,0,20.44
4.94,2,36.4,13,4,0,0,1,2,9.64
4.42,1,50.5,18,6,1,1,1,2,6.7
0.8,1,77.6,16,6,1,0,0,1,1.5
7.23,2,32.0,5,1,0,1,1,1,17.92
5.42,4,29.5,20,3,0,0,0,3,11.44
8.95,3,15.3,21,6,1,3,1,1,40.78
9.06,3,19.7,9,2,0,0,1,1,35.08
2.46,4,7.5,16,4,0,0,2,3,19.16
11.07,1,46.6,13,3,0,0,1,0,21.16
4.0,4,24.3,21,1,0,1,0,3,10.24
4.96,1,31.5,13,6,1,0,2,1,13.62
8.13,4,11.7,22,3,0,0,1,1,49.95
3.11,3,43.6,8,2,0,0,0,2,4.48
4.45,3,45.3,10,3,0,0,0,2,6.07
2.91,3,53.1,18,0,0,0,0,3,3.12
11.62,3,13.2,18,4,0,0,2,0,68.15
5.23,3,22.1,17,1,0,1,1,2,15.08
2.71,2,36.3,19,5,1,0,1,2,5.11
2.85,4,14.1,17,1,0,0,1,2,12.57
10.55,3,26.9,16,4,0,0,1,3,26.9
3.76,2,20.1,12,4,0,0,2,1,14.55
4.88,1,46.9,12,0,0,0,1,2,7.34
6.82,2,39.7,11,0,0,0,1,2,12.74
5.46,3,39.1,16,1,0,0,0,0,9.09
1.64,3,12.8,11,5,1,3,1,2,8.28
9.51,1,50.1,7,3,0,0,1,1,16.14
5.72,2,59.4,6,5,1,1,0,2,6.12
7.94,4,13.7,21,4,0,1,1,3,35.43
9.92,2,37.4,1,0,0,0,1,2,19.07
1.34,1,43.4,5,0,0,2,1,2,2.3
9.97,2,24.4,12,0,0,2,1,2,26.22
22.95,3,50.5,8,3,0,0,0,2,28.55
8.45,2,33.2,11,6,1,0,1,1,20.71
13.64,3,22.9,6,1,0,1,1,1,45.89
11.39,2,37.6,6,5,1,0,1,2,20.75
9.76,2,60.3,18,6,1,1,0,2,10.61
11.62,4,25.7,18,1,0,0,0,1,30.51
12.75,1,49.2,5,0,0,0,1,0,24.12
13.04,3,16.1,17,3,0,0,2,2,51.98
2.85,2,35.5,16,3,0,0,1,2,5.69
12.03,3,15.6,17,1,0,1,2,1,60.5
5.67,4,7.2,12,4,0,0,2,1,55.16
13.3,3,23.5,8,0,0,0,1,3,35.11
8.88,3,20.2,17,3,0,0,1,1,28.84
2.82,4,31.9,10,4,0,0,0,2,5.0
14.34,4,12.0,8,2,0,1,1,2,69.55
4.02,2,39.5,11,5,1,0,1,2,6.9
5.49,3,38.2,18,0,0,2,0,3,8.84
16.24,2,62.4,12,5,1,0,0,1,15.58
7.27,3,20.3,9,2,0,0,1,2,23.67
5.34,3,12.7,19,1,0,3,1,2,26.37
6.37,4,28.0,20,1,0,0,0,2,14.11
5.27,2,24.3,11,5,1,0,2,2,15.67
10.53,3,22.8,10,1,0,0,1,1,34.84
5.38,2,69.4,16,6,1,0,0,2,4.76
6.5,2,34.0,3,5,1,0,1,1,14.65
9.32,3,22.8,17,3,0,0,1,3,26.61
8.73,3,38.0,18,3,0,2,0,2,12.81
4.24,3,21.1,11,4,0,1,1,1,14.95
10.61,1,40.0,7,2,0,0,1,0,23.77
4.77,1,51.1,1,1,0,0,1,2,6.72
3.3,3,9.6,16,1,0,2,2,2,21.5
1.77,4,14.3,8,3,0,0,1,1,8.3
5.97,1,78.3,12,3,0,0,0,1,4.97
2.07,4,12.4,10,3,0,0,1,2,10.48
3.85,1,48.3,7,0,0,0,1,1,7.72
6.6,1,59.7,13,2,0,0,1,3,8.99
12.59,2,22.6,12,2,0,0,2,2,40.45
5.59,2,79.4,16,0,0,0,0,3,4.45
2.42,3,13.7,8,1,0,2,2,3,12.05
6.23,4,7.3,8,5,1,0,2,1,56.36
12.32,2,20.0,19,6,1,1,2,2,40.5
5.51,3,19.7,17,6,1,0,1,1,21.3
13.81,1,43.8,18,5,1,1,1,0,28.84
6.58,2,45.1,6,4,0,2,0,1,9.28
9.99,3,22.5,8,4,0,0,1,1,32.19
7.6,3,18.3,15,1,0,0,1,1,28.19
13.43,1,57.8,19,4,0,0,1,3,16.45
19.8,4,11.9,20,3,0,1,1,1,109.08
4.93,2,66.2,19,2,0,1,0,2,4.69
7.34,3,18.2,2,5,1,0,1,0,27.4
12.59,3,13.7,19,3,0,0,2,0,64.05
7.76,2,36.7,20,4,0,0,1,3,14.1
1.7,3,21.4,3,4,0,0,1,0,5.74
5.56,3,24.6,11,2,0,0,1,2,14.21
7.72,1,83.5,14,6,1,0,0,2,5.79
15.52,1,70.8,8,5,1,0,0,1,15.04
7.1,1,31.5,13,6,1,2,1,0,17.6
3.68,4,20.0,20,3,0,0,0,1,11.52
7.83,3,14.4,20,2,0,0,2,3,35.69
14.65,2,23.6,21,5,1,0,2,3,42.77
4.44,1,41.5,13,4,0,3,1,2,7.32
4.81,2,31.7,11,6,1,1,1,2,10.03
4.48,1,46.5,17,5,1,0,1,1,8.63
2.67,3,20.3,11,2,0,1,1,2,7.62
6.91,2,67.7,2,2,0,1,0,3,6.11
6.43,4,21.1,17,4,0,2,0,2,19.32
1.85,1,38.8,9,6,1,2,1,2,3.06
3.88,1,33.4,3,2,0,0,2,2,8.24
7.46,1,78.2,1,3,0,0,0,1,6.95
9.86,3,17.9,21,6,1,1,1,3,36.86
11.42,4,6.0,8,4,0,3,2,3,121.59
10.32,2,76.3,12,2,0,0,0,3,8.5
6.66,1,46.2,22,1,0,0,1,1,13.07
2.35,3,17.9,12,3,0,0,2,2,9.22
5.79,3,24.5,5,3,0,0,1,2,16.21
0.91,3,43.5,14,3,0,0,0,1,1.5
7.48,3,25.1,5,5,1,0,1,3,19.74
4.34,2,31.5,5,0,0,3,1,2,9.09
1.31,3,21.0,19,4,0,1,1,2,3.9
8.31,3,38.1,9,0,0,1,0,0,14.42
14.55,3,19.6,17,2,0,0,1,3,49.21
2.1,2,27.7,13,4,0,2,1,2,5.03
8.71,1,43.7,8,5,1,0,2,3,15.14
5.19,3,20.4,13,3,0,0,1,0,16.92
4.01,1,41.4,4,3,0,2,1,2,6.42
4.02,1,87.3,10,5,1,0,0,2,2.91
5.19,1,29.1,14,6,1,0,2,0,14.99
5.17,4,19.0,8,3,0,2,0,0,16.16
6.5,4,27.3,16,3,0,3,0,2,13.25
3.75,1,68.9,3,2,0,2,0,2,3.55
4.29,1,37.4,13,6,1,0,2,3,9.18
9.19,1,48.2,17,6,1,0,1,2,14.42
3.53,4,10.6,11,1,0,0,2,1,23.23
7.77,1,95.7,20,5,1,0,0,3,5.22
5.36,2,27.8,16,4,0,3,1,1,15.19
4.68,1,38.2,22,6,1,2,1,2,8.7
17.17,4,7.0,9,1,0,2,1,2,153.92
2.71,3,17.7,21,5,1,0,1,0,9.77
15.11,3,20.9,15,4,0,1,1,3,49.34
10.68,2,24.3,18,5,1,1,2,2,29.52
4.41,2,28.8,20,3,0,0,1,0,11.78
10.85,2,23.7,14,5,1,0,2,1,36.07
0.8,1,39.2,19,6,1,1,1,2,1.5
4.14,1,41.0,14,0,0,0,2,2,7.27
3.56,4,10.8,15,6,1,2,1,1,24.97
8.37,3,21.5,12,2,0,0,1,2,24.68
9.97,2,64.3,7,4,0,0,0,1,10.0
8.29,1,26.0,14,3,0,3,2,2,23.1
7.19,2,49.7,23,0,0,3,0,1,9.43
11.26,4,21.1,18,3,0,1,0,1,36.07
10.37,1,49.5,18,6,1,1,1,2,15.12
4.34,3,18.2,16,2,0,3,1,1,18.57
4.66,1,35.4,10,6,1,2,1,0,11.15
10.03,2,37.8,7,6,1,0,1,1,22.17
6.46,3,22.8,8,0,0,1,1,2,18.02
6.73,1,28.4,0,5,1,0,2,1,20.66
7.27,3,21.5,17,4,0,0,1,2,19.92
1.76,3,9.6,19,5,1,2,2,0,12.58
4.21,3,16.6,8,4,0,1,1,0,16.75
8.79,3,42.2,5,6,1,1,0,2,12.21
4.19,1,49.1,9,5,1,0,1,2,6.3
5.74,3,54.1,9,4,0,0,0,2,6.48
8.76,1,34.2,12,4,0,0,2,2,17.83
11.62,4,15.0,8,0,0,0,1,2,54.59
12.41,1,49.0,10,2,0,0,1,1,21.92
12.81,1,80.6,20,0,0,1,0,2,10.07
6.08,4,14.2,9,4,0,0,1,1,27.26
5.7,4,14.4,18,2,0,0,1,3,24.92
2.96,1,65.3,16,1,0,2,0,2,3.04
14.6,4,6.4,10,1,0,3,2,2,144.0
5.55,3,23.3,19,6,1,0,1,2,15.43
14.4,1,90.1,15,5,1,0,0,2,11.14
7.9,2,28.1,0,0,0,0,1,0,20.16
11.93,2,70.9,4,4,0,1,0,3,10.65
6.34,2,32.4,18,5,1,0,1,0,16.45
9.27,3,45.1,12,1,0,0,0,2,13.0
12.16,3,22.8,11,1,0,0,1,2,36.7
4.83,1,44.5,7,6,1,0,1,1,9.42
12.85,2,21.9,7,3,0,0,2,0,49.88
3.25,2,53.0,18,3,0,1,0,0,4.19
16.92,2,63.2,19,5,1,1,0,2,16.98
7.29,1,65.7,14,6,1,1,0,0,6.81
4.26,1,64.1,9,5,1,2,0,2,4.31
10.56,2,37.1,21,2,0,1,1,3,18.75
8.12,3,22.7,16,2,0,0,1,2,20.64
1.84,3,42.3,18,4,0,0,0,0,2.68
5.19,4,27.8,0,1,0,1,0,2,11.75
3.36,4,9.8,12,0,0,0,1,2,22.83
3.57,2,44.1,20,0,0,0,1,3,5.72
3.48,4,11.8,10,3,0,0,1,2,18.94
9.01,1,23.3,17,6,1,3,2,1,32.83
11.02,1,47.0,16,6,1,0,1,1,19.92
4.0,2,34.5,7,6,1,0,1,2,7.5
1.47,3,35.7,18,2,0,2,0,2,2.44
0.9,2,31.7,6,4,0,0,1,1,2.09
19.14,2,21.2,17,6,1,0,2,0,75.28
7.33,1,33.8,23,3,0,1,2,2,15.11
10.6,2,39.9,22,3,0,0,1,2,18.35
5.9,3,32.0,18,4,0,1,0,0,12.37
1.21,2,23.7,14,4,0,0,2,2,3.64
8.5,3,41.4,17,5,1,0,0,0,13.34
15.93,3,41.5,17,1,0,1,0,2,24.55
4.41,1,88.5,0,6,1,0,0,2,3.2
1.09,1,40.7,5,4,0,0,1,0,2.09
2.94,2,35.9,15,4,0,1,1,2,6.07
10.9,2,71.6,0,3,0,0,0,2,9.78
8.08,3,23.0,20,3,0,0,1,2,23.31
12.88,2,25.1,13,0,0,3,1,0,37.89
6.7,1,31.1,8,5,1,0,2,0,18.03
9.87,4,13.0,11,0,0,0,1,2,47.66
5.09,3,12.3,19,0,0,0,2,1,30.88
3.11,2,37.1,21,4,0,0,1,2,6.07
9.89,1,87.9,6,1,0,0,0,2,7.03
11.0,3,45.5,18,3,0,0,0,2,15.38
4.48,2,36.1,15,2,0,0,1,1,9.48
15.13,1,32.3,15,6,1,0,2,0,41.7
15.37,2,69.1,18,6,1,0,0,2,14.78
3.49,4,8.5,8,1,0,0,2,2,26.95
3.61,2,29.0,14,5,1,1,1,1,10.53
3.72,3,42.8,9,6,1,0,0,1,5.76
6.16,1,77.2,5,2,0,1,0,2,5.39
5.25,2,59.4,5,5,1,0,0,1,5.57
2.63,1,32.7,6,6,1,3,1,0,6.7
3.8,1,41.9,16,4,0,3,1,2,6.13
1.23,2,27.5,5,5,1,1,1,2,2.93
1.43,1,78.5,15,6,1,0,0,1,1.5
2.26,2,26.9,15,2,0,2,1,1,5.8
18.55,2,27.5,20,5,1,3,1,1,49.69
17.31,2,58.4,16,5,1,0,0,0,19.05
10.22,1,29.9,23,0,0,0,2,1,30.27
4.51,2,72.6,1,5,1,0,0,3,3.88
2.24,4,16.1,17,3,0,0,1,1,9.26
6.62,1,77.3,1,1,0,0,0,1,5.77
8.64,3,39.9,17,0,0,0,0,0,12.63
4.05,4,15.9,10,3,0,0,1,3,17.72
8.37,2,45.5,16,6,1,0,1,3,12.35
2.92,1,68.3,9,5,1,1,0,0,3.0
4.57,2,39.7,7,6,1,0,1,3,7.65
5.67,4,10.5,17,0,0,0,1,0,35.71
17.59,3,18.2,20,1,0,0,1,1,65.58
3.76,3,19.3,7,4,0,0,2,2,11.86
8.62,1,48.9,21,2,0,0,1,1,15.4
3.38,1,26.0,6,4,0,0,2,0,10.18
3.06,2,37.0,17,5,1,0,1,2,5.87
4.04,1,27.0,22,5,1,1,2,2,9.7
6.76,3,27.1,7,6,1,0,1,3,15.37
16.25,2,63.3,11,2,0,0,0,1,16.29
4.45,3,42.2,10,2,0,0,0,1,7.04
11.05,1,38.2,10,6,1,1,1,1,23.64
18.08,2,22.8,18,5,1,1,2,0,70.79
7.77,1,73.0,16,1,0,0,0,0,8.02
12.21,1,49.2,22,1,0,0,1,2,18.94
3.89,1,42.1,7,4,0,0,1,1,8.08
8.48,1,41.9,14,3,0,1,1,1,17.02
9.78,1,93.5,12,3,0,0,0,3,7.33
2.54,4,17.4,21,4,0,1,0,0,8.94
3.63,1,66.6,0,6,1,2,0,2,3.53
5.51,2,55.8,23,2,0,3,0,2,6.07
4.11,2,64.7,13,6,1,1,0,3,3.91
5.92,2,69.4,16,1,0,0,0,2,5.37
2.27,4,29.9,10,4,0,0,0,0,4.52
17.09,3,21.6,19,3,0,0,1,1,61.0
11.7,3,9.9,14,2,0,0,2,0,76.12
30.0,1,29.6,16,3,0,0,2,1,85.23
2.77,3,42.9,16,2,0,0,0,1,4.27
8.68,4,24.7,10,3,0,0,0,0,22.82
4.14,1,26.5,4,5,1,2,2,2,10.78
3.05,4,18.9,18,0,0,0,1,3,9.91
11.33,3,18.0,9,2,0,0,2,2,39.26
6.89,3,21.8,19,2,0,0,1,1,24.66
5.28,2,30.1,16,6,1,1,2,2,13.04
7.91,1,39.5,10,2,0,2,1,3,12.77
3.74,1,50.1,15,0,0,0,1,2,5.34
3.65,3,21.6,16,0,0,0,1,1,12.19
4.24,3,46.4,17,6,1,0,0,1,6.26
12.63,4,13.5,19,3,0,1,1,2,58.89
12.05,2,67.2,7,1,0,0,0,2,11.53
2.67,2,30.3,21,6,1,1,1,1,6.66
16.67,1,26.2,11,5,1,1,2,1,50.67
6.54,2,36.7,19,3,0,0,1,2,11.45
8.59,4,26.1,8,2,0,1,0,3,20.34
4.15,1,68.0,1,2,0,1,0,0,3.98
6.75,1,100.0,15,5,1,0,0,3,4.2
3.03,2,58.9,9,6,1,0,0,1,3.76
3.96,3,43.1,23,3,0,0,0,1,5.98
10.79,2,32.6,5,4,0,0,1,0,24.86
10.94,1,34.5,3,1,0,3,1,0,24.57
8.83,2,62.0,2,0,0,0,0,1,9.9
5.06,4,10.8,8,1,0,0,1,2,28.38
2.64,3,54.6,15,4,0,0,0,3,3.14
13.51,2,35.7,13,3,0,0,1,0,32.71
11.41,2,37.9,10,6,1,0,1,2,19.86
1.63,1,33.5,5,3,0,0,2,1,4.63
11.05,2,29.6,8,2,0,0,2,3,27.77
5.28,2,32.4,7,5,1,0,1,1,13.29
9.97,3,23.0,18,3,0,0,1,1,31.58
2.3,3,16.7,18,4,0,1,1,0,9.89
4.29,4,11.7,18,3,0,1,1,3,22.9
7.06,2,63.7,22,6,1,0,0,2,6.85
17.09,3,22.9,20,3,0,0,1,2,46.82
7.07,4,15.0,13,4,0,0,1,0,29.74
12.34,2,31.2,11,0,0,0,1,0,29.33
7.66,3,20.5,21,1,0,0,1,2,26.13
7.5,2,27.9,16,6,1,0,2,2,21.01
9.11,2,35.9,9,3,0,0,1,1,23.47
6.43,1,33.4,15,1,0,0,2,2,13.8
10.64,2,27.4,23,1,0,0,2,3,26.2
3.19,3,12.0,19,2,0,0,2,0,19.41
6.46,2,24.6,9,0,0,0,2,3,17.58
17.92,2,37.5,22,1,0,0,1,2,35.98
12.64,3,45.9,23,2,0,0,0,0,18.1
8.06,4,31.9,8,4,0,0,0,2,15.98
11.65,3,43.8,20,4,0,0,0,2,15.11
15.28,4,16.6,20,4,0,0,1,2,61.44
1.45,1,51.3,2,5,1,0,1,2,1.97
5.6,2,22.6,17,5,1,0,2,0,20.89
4.28,1,43.0,9,6,1,1,1,2,6.64
2.42,4,11.3,17,4,0,0,1,2,12.76
19.37,2,29.3,21,4,0,0,2,1,58.43
9.37,3,50.8,13,2,0,0,0,2,11.42
11.42,4,27.0,11,0,0,0,0,2,23.78
4.41,4,6.6,21,0,0,0,2,1,42.0
5.52,1,72.9,22,2,0,0,0,0,5.16
6.65,4,29.4,4,2,0,0,0,1,13.62
8.43,2,62.2,21,5,1,0,0,1,8.96
10.41,1,83.7,5,3,0,0,0,2,7.81
1.72,3,19.1,10,1,0,1,1,1,6.12
10.03,1,45.6,18,5,1,1,1,2,15.02
5.76,1,78.7,18,6,1,0,0,1,4.66
15.62,1,38.8,17,5,1,1,1,0,36.13
13.86,1,65.4,2,4,0,2,0,2,14.02
7.93,1,93.8,6,5,1,0,0,3,5.45
6.8,3,22.9,21,5,1,0,1,2,19.16
5.48,2,29.6,5,1,0,1,1,2,13.05
8.46,1,49.0,5,3,0,1,1,2,12.15
13.44,1,47.0,19,6,1,0,1,1,22.62
6.89,4,8.5,16,0,0,2,2,1,52.69
4.64,2,30.4,10,6,1,0,2,3,10.94
6.8,2,34.9,7,4,0,0,1,2,13.06
8.02,1,92.2,20,5,1,0,0,3,5.7
3.04,2,37.5,23,5,1,0,1,2,5.78
2.5,2,63.0,3,0,0,0,0,0,2.59
4.72,3,40.8,14,2,0,0,0,1,7.42
15.6,2,24.9,8,6,1,0,2,1,55.41
13.02,3,11.0,19,1,0,0,2,1,85.14
2.09,3,45.5,10,0,0,0,0,2,2.7
3.54,4,10.9,17,3,0,0,1,1,23.5
10.31,1,41.7,14,0,0,0,1,0,23.05
5.12,3,11.1,14,4,0,0,2,1,31.62
8.73,3,28.2,19,4,0,0,1,3,20.45
2.18,2,27.7,12,1,0,0,2,1,7.09
6.72,3,18.9,19,2,0,0,2,1,28.78
6.29,2,35.6,10,5,1,0,1,2,11.99
11.45,1,50.9,7,4,0,0,1,1,20.99
8.43,2,32.1,12,3,0,2,1,3,17.54
7.27,2,34.9,13,6,1,0,1,2,12.76
1.81,2,30.0,12,1,0,1,1,1,4.76
18.24,3,23.7,18,4,0,0,1,1,60.02
9.88,3,20.6,15,3,0,0,1,1,30.93
4.16,2,31.0,20,5,1,0,1,0,11.14
7.16,2,27.8,13,0,0,1,1,1,19.26
5.22,2,70.6,8,5,1,0,0,2,4.55
5.86,1,45.9,6,3,0,0,1,0,10.72
12.9,2,32.1,20,5,1,0,1,0,33.21
3.53,2,55.4,3,1,0,3,0,2,4.03
10.12,2,18.6,6,4,0,0,2,1,37.59
13.21,2,65.8,4,2,0,0,0,1,13.27
9.22,4,13.1,11,2,0,0,1,2,46.17
6.05,1,45.0,14,3,0,0,1,0,12.06
3.96,1,50.7,1,3,0,0,1,1,7.12
4.34,1,65.5,13,3,0,1,0,0,4.43
7.25,2,68.4,11,4,0,0,0,2,6.94
6.89,4,28.8,18,2,0,0,0,2,14.57
10.86,3,37.2,19,2,0,3,0,1,19.31
2.31,3,47.7,17,1,0,0,0,2,2.7
12.81,4,17.9,12,1,0,1,1,2,45.09
24.99,3,37.1,8,0,0,0,0,0,42.74
6.41,2,24.8,19,4,0,0,2,2,19.88
5.81,4,12.4,10,3,0,0,1,1,30.84
6.16,3,20.4,10,1,0,1,1,0,21.17
7.09,4,10.2,21,0,0,2,1,2,44.99
5.52,3,25.0,22,0,0,0,1,2,15.15
1.48,4,10.4,20,2,0,1,1,2,8.99
6.08,3,16.8,23,4,0,0,2,2,24.85
7.36,2,38.5,20,4,0,0,1,1,16.13
13.6,2,21.9,17,5,1,2,1,0,49.14
3.5,3,14.9,9,3,0,0,2,3,16.35
16.69,1,48.7,22,4,0,0,1,1,32.05
5.28,2,31.2,20,5,1,2,1,2,11.83
3.79,2,75.7,8,3,0,0,0,3,3.56
9.88,3,21.7,13,4,0,0,1,1,33.52
4.9,1,32.3,4,2,0,1,2,3,10.43
6.49,3,46.7,22,5,1,0,0,2,8.75
6.76,2,74.5,15,0,0,0,0,3,5.82
9.56,4,7.5,8,4,0,3,2,0,83.62
6.37,1,45.3,9,6,1,0,1,2,10.37
5.94,2,79.3,23,4,0,0,0,3,4.39
5.2,3,19.6,16,2,0,0,2,1,20.56
9.0,2,31.9,11,1,0,1,1,1,25.37
4.74,3,13.8,13,3,0,3,1,1,24.61
13.86,1,90.2,5,1,0,0,0,3,10.21
6.81,3,22.0,4,0,0,0,1,1,21.38
1.89,2,22.2,15,1,0,1,2,0,6.11
8.01,2,34.2,13,6,1,1,1,2,15.53
8.8,1,50.4,10,6,1,0,1,2,13.39
13.95,3,22.6,15,0,0,0,1,2,42.85
4.09,1,37.1,4,3,0,0,2,2,8.53
3.69,2,27.0,21,2,0,1,1,2,9.89
9.74,1,25.4,9,6,1,3,2,1,33.75
12.66,4,31.6,4,6,1,0,0,3,23.95
3.98,2,30.5,7,0,0,0,1,1,10.11
7.84,2,31.2,5,3,0,0,2,3,17.73
6.44,1,34.7,7,5,1,2,1,1,13.54
4.07,3,16.3,11,2,0,0,2,1,17.31
6.2,2,33.1,18,1,0,1,1,2,12.73
12.15,4,12.3,9,1,0,0,1,3,60.53
6.83,3,12.5,11,0,0,2,2,1,39.24
6.0,4,29.2,21,4,0,0,0,0,12.79
9.45,2,32.7,9,5,1,0,1,2,20.45
12.78,3,39.4,18,4,0,2,0,3,21.3
3.45,3,18.1,7,5,1,0,1,1,13.4
8.03,2,31.6,7,2,0,0,1,0,19.18
5.31,1,86.8,12,1,0,0,0,2,3.99
6.84,3,44.1,8,3,0,0,0,1,10.58
9.88,2,15.9,20,5,1,3,2,0,44.7
5.58,1,38.5,3,2,0,0,2,3,10.44
6.34,2,24.4,15,0,0,1,2,2,16.99
11.59,1,44.0,15,5,1,0,1,1,21.82
8.68,4,15.9,4,0,0,0,1,3,31.71
6.25,3,16.7,17,2,0,1,2,2,24.84
7.25,1,41.3,12,3,0,2,1,2,13.1
6.94,4,8.6,17,1,0,0,2,2,54.17
1.78,3,46.0,19,1,0,0,0,3,2.26
7.33,3,23.5,9,3,0,0,1,3,21.11
2.71,3,25.5,13,1,0,0,1,0,7.38
12.58,3,12.0,8,5,1,2,1,0,71.34
2.66,2,59.5,8,4,0,0,0,1,2.73
5.14,2,33.1,0,4,0,0,1,1,12.53
4.53,2,66.6,22,3,0,0,0,2,4.23
15.24,1,45.0,12,6,1,0,1,1,28.12
12.28,1,53.1,0,4,0,0,1,3,18.3
1.02,1,45.0,0,5,1,0,1,1,1.81
6.62,4,6.5,9,2,0,0,2,0,66.78
3.06,3,41.2,0,1,0,1,0,1,4.62
7.34,3,21.1,10,5,1,0,2,0,26.63
9.75,1,53.4,4,2,0,0,1,2,13.02
7.72,2,57.3,2,3,0,1,0,1,9.45
10.1,2,72.0,17,5,1,0,0,2,9.62
5.67,3,11.2,20,5,1,2,2,0,37.27
7.87,2,29.4,11,6,1,0,2,2,20.3
9.89,3,45.1,19,4,0,0,0,1,15.17
5.01,2,63.6,1,2,0,0,0,2,4.86
3.75,3,18.5,18,2,0,3,1,1,15.15
4.37,1,51.0,4,6,1,0,1,2,6.13
6.2,3,16.1,19,0,0,0,2,2,23.7
6.73,3,16.3,20,2,0,1,1,1,28.33
8.14,1,30.2,18,4,0,2,2,3,18.68
4.09,3,31.5,19,1,0,2,0,1,8.69
10.05,2,72.5,14,6,1,0,0,3,8.55
17.2,2,25.9,8,1,0,0,2,1,56.66
4.55,1,44.0,16,1,0,0,1,1,8.87
22.53,4,19.1,12,4,0,0,1,3,76.11
18.49,1,49.3,0,1,0,0,1,0,33.7
6.72,1,49.3,12,5,1,1,1,2,9.77
6.08,1,32.1,16,6,1,0,2,2,12.77
4.33,2,24.8,0,5,1,1,2,3,11.8
10.91,2,40.2,16,6,1,0,1,3,19.63
6.99,3,40.7,16,1,0,0,0,1,10.18
7.44,2,69.4,7,3,0,0,0,2,6.72
3.81,4,21.4,11,3,0,0,0,1,11.35
11.09,1,78.4,22,0,0,0,0,1,8.96
5.79,1,86.3,20,5,1,0,0,2,4.45
3.22,4,21.2,11,0,0,3,0,1,9.93
6.4,3,18.2,10,2,0,2,1,1,24.06
3.98,1,42.9,6,2,0,0,1,0,7.74
13.96,3,14.3,2,5,1,0,2,0,71.87
18.35,4,28.5,9,5,1,0,0,2,35.46
6.51,2,38.3,21,6,1,0,1,0,13.84
12.09,1,48.0,22,2,0,0,1,3,17.86
11.92,1,32.5,19,6,1,2,1,0,28.83
0.8,3,17.9,10,0,0,2,1,1,3.33
4.38,3,39.7,7,1,0,0,0,1,7.02
7.18,3,27.0,15,6,1,0,1,2,18.15
5.1,3,23.1,16,2,0,0,1,2,14.42
4.15,4,25.7,11,1,0,0,0,1,10.11
12.37,4,6.2,17,1,0,1,1,1,127.12
4.97,4,29.7,18,0,0,0,0,2,9.78
8.15,3,22.0,18,6,1,0,1,1,26.27
11.77,1,55.1,13,3,0,2,0,1,13.88
14.42,1,77.7,18,5,1,1,0,2,11.73
3.23,1,48.4,1,3,0,0,1,1,6.13
3.43,2,33.0,17,4,0,0,1,1,7.71
7.62,3,46.7,8,3,0,1,0,2,10.61
1.46,4,10.0,8,2,0,0,2,3,9.14
3.55,4,28.7,5,0,0,0,0,2,8.57
13.14,1,71.5,7,1,0,1,0,1,12.29
9.61,2,66.1,23,0,0,0,0,3,9.34
6.2,4,12.6,11,6,1,0,1,2,30.41
8.8,1,47.1,21,5,1,0,1,2,12.42
9.99,3,11.7,7,6,1,1,2,2,50.8
2.48,3,42.6,8,4,0,1,0,2,3.36
4.91,2,25.6,14,4,0,2,1,2,12.14
14.14,4,12.7,10,4,0,0,2,2,69.37
7.7,1,54.7,16,1,0,0,1,3,10.3
7.97,3,43.5,11,4,0,0,0,1,11.77
6.52,2,17.8,19,5,1,2,2,1,27.55
1.79,4,14.1,11,4,0,0,1,1,9.05
4.51,2,71.5,15,4,0,0,0,2,4.31
8.49,4,31.8,9,5,1,0,0,2,17.55
4.99,1,49.7,17,5,1,0,1,3,7.12
3.31,2,35.9,16,1,0,0,1,1,7.38
3.62,1,89.3,11,6,1,0,0,2,2.6
14.3,4,32.2,9,4,0,0,0,1,27.82
4.82,1,77.6,16,2,0,1,0,2,3.83
12.73,4,8.6,21,0,0,0,2,1,110.31
8.0,2,77.0,6,4,0,0,0,3,6.95
5.77,2,43.9,18,4,0,0,1,2,9.13
4.02,2,33.3,14,0,0,1,1,2,8.24
9.76,1,44.9,14,6,1,0,1,0,19.69
11.87,4,11.4,22,4,0,2,1,2,62.43
10.3,3,17.6,15,6,1,0,1,1,43.3
2.67,1,37.4,19,5,1,2,1,1,5.77
4.81,2,32.1,13,6,1,1,1,2,10.04
5.19,3,44.0,8,4,0,0,0,1,6.65
1.52,3,21.1,17,2,0,0,1,1,5.21
8.75,3,36.7,21,6,1,2,0,1,15.83
9.48,1,50.5,19,5,1,0,1,2,13.16
9.29,1,45.5,8,3,0,1,1,1,19.07
8.42,3,12.6,9,1,0,2,1,2,42.05
5.47,2,35.5,13,1,0,0,1,1,11.94
3.92,3,13.4,15,0,0,2,2,1,19.98
5.46,1,49.6,7,2,0,0,1,1,9.66
8.03,1,76.7,8,6,1,0,0,1,7.73
13.39,4,10.6,18,1,0,2,1,1,85.62
6.99,3,23.2,17,0,0,0,1,1,24.7
6.85,3,40.9,19,0,0,0,0,0,10.33
1.63,2,31.2,21,0,0,0,1,1,4.16
8.35,4,14.5,9,1,0,0,1,1,36.98
13.94,4,12.7,19,3,0,0,1,3,72.7
6.23,4,14.5,17,0,0,0,1,2,29.26
5.94,2,65.3,22,4,0,0,0,1,5.42
5.25,2,30.3,9,3,0,0,1,1,12.76
9.95,2,56.1,8,3,0,1,0,1,11.27
1.57,2,61.1,17,4,0,0,0,1,1.58
12.74,3,18.2,21,1,0,0,2,3,45.17
5.78,3,22.0,19,1,0,0,1,1,17.16
8.44,2,25.4,17,6,1,2,1,1,25.8
10.4,3,19.2,10,2,0,0,2,2,35.61
3.59,3,23.3,17,6,1,1,1,3,10.04
6.59,4,28.3,18,1,0,0,0,2,14.87
5.71,1,45.4,18,2,0,0,1,0,11.94
3.03,4,16.3,17,0,0,0,1,3,12.22
11.81,1,57.5,3,1,0,0,1,2,15.07
5.42,1,32.6,16,1,0,0,2,1,15.21
2.94,4,9.2,12,6,1,0,1,0,19.87
6.83,1,50.4,22,4,0,0,1,2,9.27
2.38,1,40.5,15,0,0,1,1,1,5.06
4.99,3,46.7,15,5,1,0,0,2,6.4
7.94,2,22.0,23,5,1,0,2,0,28.6
2.2,3,17.0,5,2,0,0,2,2,8.41
9.59,2,26.3,9,0,0,1,1,0,27.84
7.05,2,73.7,16,5,1,0,0,2,5.9
10.43,2,32.6,9,3,0,0,1,2,20.51
10.36,3,17.1,10,4,0,2,1,2,38.91
4.88,1,87.6,20,3,0,0,0,3,3.84
4.97,1,86.9,15,5,1,0,0,2,3.22
8.8,2,53.4,5,2,0,2,0,2,10.59
3.22,4,13.7,9,1,0,0,1,1,17.11
3.23,2,30.7,4,1,0,1,1,1,8.47
4.45,1,33.9,14,1,0,0,2,1,11.6
2.54,1,78.3,7,2,0,0,0,0,2.48
2.91,2,64.2,19,3,0,0,0,1,3.22
2.98,1,80.9,15,2,0,0,0,1,2.55
5.43,1,25.0,3,2,0,1,2,1,17.31
5.28,3,22.5,9,3,0,0,1,1,17.42
11.33,1,31.3,16,5,1,0,2,1,34.01
5.49,4,8.1,9,1,0,0,2,2,38.99
6.28,1,71.1,13,4,0,1,0,1,5.98
16.52,4,29.3,20,2,0,1,0,2,32.76
1.06,3,24.6,10,2,0,0,1,3,2.61
7.5,3,41.9,9,3,0,0,0,1,11.22
5.79,2,32.8,19,5,1,0,1,2,12.13
7.95,2,34.6,9,6,1,1,1,2,15.4
4.64,2,33.9,4,4,0,0,1,1,11.01
5.47,1,76.6,7,6,1,0,0,1,4.72
13.05,3,43.3,21,2,0,0,0,1,20.62
8.73,3,18.1,21,6,1,2,1,0,32.33
5.64,2,69.3,8,0,0,0,0,2,5.43
3.98,1,45.9,14,4,0,0,1,1,8.41
3.21,2,67.9,6,2,0,0,0,2,3.02
4.83,4,25.4,17,4,0,0,0,2,11.66
5.96,2,26.0,7,5,1,2,1,2,16.27
16.48,3,22.5,3,6,1,1,1,3,48.72
7.18,3,39.2,19,0,0,1,0,1,11.91
4.3,2,36.2,9,0,0,0,1,1,10.21
1.06,2,73.6,6,4,0,0,0,3,1.5
3.9,3,50.3,19,1,0,0,0,3,4.97
4.83,3,23.1,18,4,0,0,1,1,14.89
7.59,3,16.7,17,3,0,1,1,2,29.57
4.94,3,40.3,20,1,0,0,0,0,7.53
16.92,3,40.2,13,5,1,0,0,0,26.33
5.71,1,48.7,6,0,0,0,1,2,8.85
11.55,3,42.0,4,1,0,0,0,1,17.65
2.06,1,28.1,9,0,0,1,2,3,5.55
6.37,1,85.5,5,0,0,0,0,2,4.43
3.93,1,81.4,14,0,0,0,0,2,3.15
11.73,3,13.2,0,3,0,1,2,0,58.59
5.15,1,51.0,12,3,0,1,1,3,6.75
13.25,2,57.5,7,2,0,1,0,1,15.92
9.51,3,26.2,10,5,1,0,1,2,23.46
4.73,3,20.6,17,3,0,0,1,2,15.2
3.17,1,47.9,10,5,1,0,1,0,6.32
4.09,4,21.9,10,0,0,0,0,3,11.71
5.48,1,36.6,23,5,1,0,2,1,14.77
9.48,2,28.3,17,4,0,2,1,2,23.15
6.5,3,26.5,13,5,1,0,1,2,17.46
10.47,1,39.2,15,1,0,1,1,0,22.17
13.83,2,66.2,16,4,0,1,0,3,13.83
6.72,2,18.3,1,0,0,1,2,1,26.83
3.41,2,49.0,5,4,0,2,0,1,4.72
8.16,3,43.1,16,1,0,0,0,0,11.99
17.96,1,41.6,10,2,0,1,1,1,36.8
10.8,2,27.9,3,2,0,0,2,2,28.12
7.8,2,23.6,9,5,1,3,1,1,24.47
3.71,3,12.0,6,5,1,1,2,1,21.85
5.83,3,18.7,21,3,0,0,1,2,19.76
2.16,2,24.0,8,4,0,2,2,3,6.47
3.04,1,51.2,7,3,0,0,1,2,4.04
8.26,2,64.6,16,3,0,0,0,1,8.19
1.82,2,26.2,14,4,0,0,2,1,5.58
5.31,1,67.4,15,4,0,2,0,2,4.77
2.81,2,29.0,11,1,0,2,1,3,5.83
3.14,3,16.1,12,4,0,0,2,2,11.84
6.79,2,25.8,18,4,0,0,2,1,22.07
4.09,1,44.5,8,5,1,0,1,1,7.45
2.43,4,24.4,11,3,0,0,0,1,5.31
4.63,2,33.2,22,2,0,0,1,1,11.8
2.37,3,23.5,7,0,0,0,1,2,6.25
12.8,3,18.7,9,2,0,0,2,2,48.01
9.78,4,30.9,7,4,0,1,0,3,19.52
9.75,1,48.7,1,0,0,0,1,2,14.58
3.84,4,12.3,8,4,0,0,1,2,20.73
8.42,1,45.4,3,5,1,0,1,1,16.01
7.38,3,46.8,7,1,0,0,0,2,9.88
4.03,2,61.8,10,4,0,0,0,1,4.21
6.26,2,30.3,1,0,0,0,1,0,16.74
2.09,1,51.8,18,5,1,0,1,3,2.76
3.23,3,20.2,18,1,0,1,1,0,11.98
6.15,1,32.5,11,6,1,0,2,0,15.43
4.8,3,35.8,23,5,1,0,0,0,9.35
7.99,4,12.8,17,0,0,0,1,0,39.02
4.1,3,27.1,18,1,0,0,1,0,11.18
5.25,2,38.2,7,3,0,0,1,2,9.88
6.47,2,44.9,19,6,1,0,1,3,10.89
3.88,2,40.2,21,6,1,0,1,2,7.11
5.19,3,19.6,8,0,0,0,1,2,17.74
7.35,2,38.5,17,3,0,0,1,2,13.56
14.82,3,9.2,18,5,1,0,2,1,108.3
3.9,2,39.3,9,6,1,0,1,3,7.09
4.81,3,10.9,12,6,1,2,2,1,30.37
10.74,3,48.4,5,6,1,0,0,0,14.34
12.25,1,88.0,7,3,0,0,0,2,8.68
8.88,1,48.8,4,4,0,0,1,2,12.58
12.08,2,28.3,14,2,0,3,1,1,32.43
3.75,1,49.2,16,1,0,0,1,1,6.47
11.44,3,23.3,21,0,0,0,1,2,34.03
9.98,1,79.1,14,5,1,1,0,2,8.16
3.11,3,59.0,8,3,0,0,0,3,3.26
5.3,2,26.3,3,5,1,3,1,1,12.98
1.29,1,35.4,20,6,1,0,2,2,2.58
7.04,1,50.2,12,4,0,0,1,1,12.63
11.32,3,22.4,17,0,0,0,1,3,31.69
4.66,1,73.5,0,5,1,1,0,1,4.19
3.37,1,50.3,13,4,0,0,1,2,4.67
3.21,3,22.4,9,0,0,0,1,2,10.14
6.41,1,78.6,1,4,0,0,0,1,5.66
8.84,1,74.1,18,4,0,0,0,1,7.45
15.0,1,53.4,13,2,0,0,1,2,21.06
1.2,3,37.0,9,3,0,2,0,1,2.03
13.98,4,24.1,18,1,0,0,0,0,36.58
7.26,1,56.8,12,1,0,0,1,2,10.12
11.02,2,25.7,0,0,0,0,1,1,31.89
9.65,3,18.1,21,0,0,2,1,1,37.98
6.65,2,28.8,8,5,1,1,1,2,16.48
6.5,2,22.7,19,5,1,3,2,2,19.31
8.13,3,10.5,19,2,0,0,2,0,58.11
5.55,3,27.9,7,0,0,0,1,2,13.96
5.83,1,74.3,12,1,0,0,0,1,5.32
9.09,1,97.1,2,3,0,0,0,3,6.1
3.89,3,47.1,10,2,0,0,0,2,5.32
11.61,1,39.5,17,6,1,1,1,0,22.62
11.07,1,78.3,8,0,0,0,0,1,9.31
4.83,2,31.6,6,6,1,0,1,0,12.98
9.14,3,16.9,13,6,1,1,2,2,33.91
8.48,1,24.2,14,2,0,2,2,1,26.09
4.51,3,13.4,17,2,0,1,2,0,22.56
9.52,4,26.5,18,2,0,0,0,0,24.19
14.55,2,16.1,17,0,0,2,2,3,59.39
11.83,3,32.0,19,4,0,0,1,3,23.09
2.41,4,10.7,8,0,0,1,1,1,15.52
8.65,1,85.3,15,0,0,0,0,2,6.68
10.78,2,24.8,10,5,1,0,2,2,29.35
4.33,2,70.2,22,0,0,0,0,2,3.97
11.61,2,54.1,12,0,0,3,0,1,14.26
4.02,2,66.5,22,0,0,0,0,1,4.02
5.52,3,20.5,18,2,0,1,1,1,20.95
4.12,2,30.1,17,6,1,0,1,0,10.5
3.69,2,22.4,13,2,0,0,2,1,12.37
8.12,4,10.8,12,0,0,0,1,0,48.27
2.57,2,31.8,14,5,1,0,1,1,6.11
5.71,4,19.8,9,3,0,1,1,2,19.01
8.12,2,65.6,20,5,1,0,0,1,7.8
4.16,4,11.1,18,3,0,1,1,2,19.81
12.73,3,44.4,18,4,0,0,0,1,18.05
5.99,3,24.3,11,3,0,0,1,0,18.88
15.83,4,6.0,4,1,0,1,1,0,178.28
2.36,3,34.3,17,1,0,2,0,2,4.23
8.31,3,18.4,10,3,0,0,1,0,32.92
7.37,3,45.0,20,0,0,0,0,2,10.66
5.15,4,11.8,18,3,0,0,1,1,28.83
6.67,1,57.7,7,6,1,0,1,3,8.38
9.02,3,14.0,15,1,0,0,2,0,41.48
10.0,2,20.7,17,3,0,0,2,1,39.08
6.11,1,32.9,15,2,0,0,2,2,12.92
8.37,2,64.8,13,4,0,0,0,2,8.3
3.88,3,20.3,8,2,0,0,1,0,13.83
10.11,2,28.5,8,5,1,0,1,1,27.92
14.12,1,49.2,18,2,0,0,1,2,18.46
10.55,1,30.6,1,6,1,1,2,2,24.74
4.12,4,13.2,18,6,1,0,1,2,19.25
3.48,3,25.0,14,4,0,1,1,2,9.32
21.31,1,88.7,21,0,0,0,0,2,16.16
13.6,3,42.1,23,4,0,0,0,1,19.25
10.02,2,32.4,16,0,0,0,1,2,21.09
14.63,3,16.6,11,6,1,1,1,1,60.47
6.54,1,50.4,12,1,0,0,1,2,9.49
9.92,2,63.8,8,6,1,0,0,1,10.39
12.65,4,7.4,5,3,0,0,2,1,111.01
5.55,1,33.0,15,6,1,0,2,2,12.24
8.65,3,23.8,18,6,1,1,1,2,22.72
11.88,4,32.0,8,1,0,0,0,2,24.09
3.31,2,60.0,11,1,0,0,0,0,3.56
5.21,1,47.6,14,1,0,0,1,1,9.61
11.73,1,34.0,20,6,1,0,2,2,25.38
7.49,1,44.3,6,3,0,3,1,2,13.54
6.91,3,13.3,8,0,0,0,2,1,34.65
6.43,4,14.3,21,4,0,0,1,2,29.49
12.41,1,48.6,2,6,1,0,1,1,23.14
3.56,4,15.2,16,0,0,1,1,2,14.63
4.99,1,52.3,16,0,0,0,1,3,7.27
2.55,2,31.6,10,6,1,1,1,1,6.24
5.44,4,8.9,12,2,0,0,1,1,39.15
7.27,3,13.4,19,3,0,0,2,1,37.03
1.63,1,30.8,7,0,0,0,2,1,4.52
3.92,2,27.1,8,6,1,2,1,2,9.48
7.48,2,33.8,13,0,0,0,1,1,19.72
8.57,2,30.7,11,1,0,0,1,2,19.44
16.47,2,25.2,15,5,1,0,2,2,45.97
9.31,3,21.6,21,2,0,0,2,2,30.54
5.97,4,11.1,21,4,0,0,1,1,37.36
7.16,1,75.3,8,5,1,1,0,2,5.69
7.3,4,12.7,9,2,0,0,1,0,39.27
5.0,1,52.4,7,1,0,0,1,2,6.74
7.67,4,6.9,21,1,0,0,1,2,69.64
4.85,3,20.6,11,6,1,0,2,2,17.95
7.89,3,23.6,12,1,0,0,1,3,20.9
6.43,4,9.4,18,6,1,1,1,0,40.3
5.8,3,47.8,13,3,0,0,0,2,7.93
5.91,2,63.2,6,6,1,0,0,1,6.49
10.19,2,47.5,12,5,1,3,0,1,14.29
9.65,2,35.0,16,1,0,0,1,1,23.37
5.62,3,13.0,17,0,0,0,2,0,31.84
9.97,3,10.8,16,3,0,1,2,2,59.51
6.35,2,74.9,6,1,0,0,0,2,5.24
6.41,4,9.8,9,3,0,1,1,1,43.02
5.0,4,8.0,17,0,0,0,2,2,39.12
15.51,2,22.2,20,6,1,2,1,0,50.63
14.62,2,23.4,3,1,0,0,2,1,56.32
4.35,2,14.2,2,5,1,2,2,0,22.76
5.42,1,47.2,16,6,1,1,1,2,7.96
8.25,2,21.5,14,1,0,0,2,0,30.24
9.13,3,19.1,7,0,0,1,1,1,38.54
3.36,1,45.5,14,1,0,0,1,1,5.95
3.75,2,38.5,22,0,0,0,1,2,6.35
0.8,1,48.1,16,1,0,0,1,1,1.5
9.15,1,54.0,12,1,0,0,1,2,11.25
2.4,4,5.7,19,2,0,1,2,1,27.6
4.37,4,10.9,8,3,0,0,2,2,26.57
10.83,3,18.2,11,4,0,0,2,0,43.04
10.55,2,74.6,14,2,0,0,0,3,9.61
15.04,2,25.8,13,2,0,1,2,2,41.19
17.84,3,20.1,21,3,0,1,1,3,55.2
26.12,4,7.6,9,2,0,3,2,0,229.49
5.32,1,52.0,3,0,0,0,1,2,8.28
4.56,3,17.1,21,2,0,0,2,2,17.41
8.43,4,19.6,8,4,0,2,0,2,26.74
2.6,2,23.3,10,0,0,1,2,1,9.85
5.74,1,71.9,14,5,1,0,0,0,5.31
7.26,2,17.9,22,3,0,3,2,1,33.11
8.8,2,19.7,14,3,0,1,2,1,34.3
9.35,2,61.4,12,3,0,0,0,1,10.17
5.63,1,24.7,15,0,0,1,2,0,18.53
2.88,2,20.0,22,3,0,1,2,0,11.24
3.33,3,11.6,19,3,0,0,2,2,18.1
1.48,1,87.9,7,4,0,0,0,2,1.5
4.67,2,25.5,18,1,0,3,1,1,13.76
2.56,1,52.4,19,6,1,0,1,2,3.65
4.87,3,43.7,17,5,1,1,0,2,7.08
8.38,2,30.3,16,1,0,0,1,1,21.75
2.93,2,35.0,12,1,0,1,1,2,5.19
7.02,3,19.2,16,3,0,0,2,1,29.37
5.59,4,14.6,18,0,0,0,1,1,25.08
8.13,4,23.8,6,3,0,0,0,2,21.76
9.25,3,40.5,8,1,0,1,0,1,15.4
5.38,1,83.1,7,4,0,0,0,2,4.1
6.68,3,12.8,19,3,0,2,1,2,29.6
5.61,4,13.3,17,3,0,0,1,3,24.5
4.97,1,34.2,12,3,0,0,2,3,11.16
4.23,3,18.7,19,0,0,2,1,3,13.62
8.76,3,27.8,17,4,0,0,1,3,21.95
13.58,3,18.5,21,4,0,1,1,1,50.39
12.68,2,40.6,4,6,1,0,1,3,22.18
2.74,4,7.6,13,4,0,3,1,1,23.17
13.44,4,16.9,17,4,0,0,1,3,50.38
3.61,4,15.3,8,1,0,0,1,2,15.33
7.26,3,24.6,9,3,0,0,1,2,20.62
8.03,3,50.2,11,5,1,0,0,3,9.64
2.26,3,53.4,18,4,0,0,0,3,2.56
5.98,3,20.6,13,2,0,0,2,2,18.92
13.9,3,17.3,13,2,0,1,1,1,58.95
1.09,2,20.3,11,5,1,2,2,3,3.79
22.22,1,70.9,8,6,1,1,0,1,20.2
1.42,3,48.0,21,1,0,0,0,2,1.82
7.91,4,9.9,9,2,0,0,1,2,52.66
2.34,2,34.3,15,2,0,0,1,2,4.51
8.65,3,17.6,7,2,0,0,2,2,31.34
12.37,3,12.0,11,1,0,0,2,1,73.59
10.53,4,11.6,20,3,0,1,1,1,56.96
11.51,2,24.4,23,1,0,0,2,2,33.15
5.62,4,9.0,10,0,0,3,2,2,40.21
2.45,2,34.3,7,0,0,0,1,1,6.15
13.85,3,19.1,9,2,0,0,1,0,56.04
19.44,2,63.2,9,2,0,0,0,1,19.86
7.05,2,42.5,16,3,0,0,1,3,11.63
5.23,1,53.6,13,6,1,0,1,3,7.02
3.96,1,89.3,18,5,1,0,0,2,2.91
10.14,3,46.6,17,2,0,0,0,1,13.15
11.82,3,15.4,8,0,0,0,1,0,54.98
5.23,4,27.3,18,2,0,0,0,3,12.17
15.55,3,20.1,19,3,0,0,1,3,49.58
9.66,4,14.2,15,0,0,0,1,1,42.02
7.0,3,21.7,21,2,0,0,1,2,20.31
8.06,3,23.7,18,3,0,0,1,3,21.87
3.39,3,16.1,15,6,1,0,2,0,15.56
10.08,2,68.3,20,6,1,0,0,2,9.17
3.55,1,38.8,15,3,0,0,2,3,6.2
4.81,2,33.0,14,0,0,0,1,2,10.03
6.37,2,32.2,10,0,0,0,1,1,16.52
17.74,1,39.6,20,5,1,1,2,3,32.33
7.69,1,76.1,6,0,0,0,0,1,7.01
3.79,1,47.8,12,6,1,0,1,1,7.24
8.08,1,33.5,14,3,0,3,1,0,20.83
9.33,3,19.0,14,0,0,0,1,0,33.99
12.92,2,24.0,16,6,1,1,2,2,37.46
6.57,2,20.7,13,6,1,0,2,1,25.79
4.18,4,14.1,8,0,0,1,1,3,18.44
20.37,3,18.4,19,3,0,0,2,3,70.14
8.09,2,24.0,16,5,1,0,2,0,27.56
3.81,4,9.4,19,3,0,0,1,2,22.6
6.53,3,42.1,9,0,0,1,0,2,9.63
4.81,2,32.4,16,0,0,1,1,2,9.64
13.36,1,72.8,17,6,1,0,0,0,12.06
9.28,2,31.1,10,0,0,1,1,1,25.84
5.47,1,49.1,19,5,1,0,1,2,8.17
11.82,2,71.5,0,6,1,0,0,2,10.14
6.21,2,63.5,15,3,0,0,0,2,6.0
6.44,2,34.1,16,4,0,0,1,0,15.77
4.1,1,67.6,14,1,0,1,0,1,4.13
4.08,3,23.4,16,2,0,0,1,2,10.79
19.62,2,24.3,7,1,0,3,2,3,55.08
11.51,1,68.1,17,5,1,1,0,0,11.18
1.67,2,32.4,9,3,0,0,1,2,3.59
3.49,2,24.4,12,6,1,1,2,0,12.17
3.01,2,24.4,9,4,0,1,1,1,9.01
6.91,1,61.6,12,5,1,3,0,1,7.48
5.11,1,45.7,16,6,1,0,1,1,9.63
14.87,4,8.9,19,3,0,1,1,2,103.05
5.42,1,49.4,13,0,0,0,1,0,9.46
18.5,2,72.7,9,5,1,0,0,3,14.83
6.33,2,60.3,13,2,0,0,0,1,6.68
20.75,2,22.2,17,1,0,2,1,1,70.52
5.87,4,15.9,10,3,0,0,1,1,25.35
5.95,3,49.8,11,4,0,0,0,2,7.43
11.36,2,22.8,15,0,0,0,2,0,34.76
10.43,2,72.2,9,4,0,0,0,2,9.2
2.66,4,19.6,8,2,0,0,1,2,9.21
7.01,1,84.7,6,4,0,0,0,2,4.98
5.08,3,14.9,10,4,0,0,2,1,25.7
4.86,2,26.0,3,6,1,0,2,3,13.08
6.99,1,86.8,15,0,0,0,0,2,4.81
5.56,2,57.9,7,4,0,0,0,1,6.16
7.44,3,18.5,10,0,0,1,1,2,26.98
3.38,2,30.6,8,2,0,0,1,0,8.16
2.22,1,77.0,16,3,0,0,0,0,1.83
11.61,3,12.5,19,0,0,0,2,1,71.26
12.64,1,50.3,16,5,1,1,1,2,17.58
11.2,2,37.5,14,6,1,0,1,3,20.83
6.81,2,42.0,17,5,1,0,1,3,11.67
5.29,2,36.7,1,3,0,0,1,2,9.02
4.45,3,19.7,6,6,1,1,1,2,14.79
3.92,2,26.7,5,6,1,2,1,2,8.42
6.33,2,33.6,5,6,1,0,1,0,15.69
12.46,3,16.9,8,1,0,1,1,0,48.48
4.21,1,96.7,14,4,0,0,0,3,2.97
12.48,4,12.6,6,3,0,0,1,1,64.8
2.31,4,15.8,21,4,0,0,1,2,9.08
7.67,4,5.0,19,0,0,2,2,1,99.64
8.63,1,73.2,22,4,0,1,0,2,7.21
4.76,3,19.5,2,6,1,0,1,1,16.94
3.23,4,11.5,19,2,0,0,2,2,19.15
10.75,3,46.4,18,5,1,0,0,1,15.25
6.84,4,15.5,20,3,0,0,1,2,29.64
24.26,2,66.9,14,4,0,0,0,1,24.59
12.57,3,17.7,18,3,0,1,2,2,45.46
12.63,2,33.4,3,3,0,0,1,2,25.98
0.89,1,41.0,4,2,0,1,1,1,1.8
4.26,3,12.7,6,0,0,0,2,1,23.57
2.97,2,25.5,21,4,0,0,2,2,8.4
1.41,1,34.8,4,1,0,2,1,0,3.5
6.51,1,41.3,5,6,1,2,1,3,11.2
10.6,3,28.1,21,3,0,0,1,2,24.71
3.46,2,63.0,6,0,0,0,0,1,3.97
1.48,3,24.6,20,1,0,0,1,3,3.92
3.66,2,22.7,18,3,0,0,2,2,11.35
6.04,2,30.5,2,1,0,1,1,1,16.21
5.76,3,14.7,1,4,0,1,2,3,25.63
6.71,4,21.8,14,4,0,1,0,0,19.72
8.53,2,67.8,23,5,1,0,0,2,8.23
6.61,3,21.4,20,3,0,1,1,0,21.13
10.94,4,14.9,9,3,0,0,1,3,48.14
3.5,1,76.0,10,5,1,0,0,0,3.15
5.61,4,13.6,10,4,0,0,1,1,28.76
9.35,3,15.5,17,0,0,0,2,2,41.14
7.88,4,14.2,10,1,0,0,1,2,36.25
17.3,1,77.1,7,3,0,1,0,2,14.06
3.6,3,25.4,18,3,0,0,1,2,9.22
9.45,2,29.5,12,2,0,0,1,0,26.52
4.41,1,36.6,4,1,0,2,1,2,8.95
4.1,1,38.8,18,5,1,0,2,2,7.89
12.15,1,59.1,15,6,1,2,0,1,11.95
6.56,2,37.5,13,4,0,0,1,2,11.33
7.8,1,30.1,17,5,1,1,2,2,18.02
4.64,2,51.8,13,3,0,2,0,2,5.83
4.81,2,23.8,16,3,0,2,1,1,15.17
2.19,2,26.0,20,4,0,2,1,1,7.09
7.44,1,22.5,16,6,1,2,2,1,27.02
3.27,3,45.9,16,1,0,0,0,2,4.63
6.1,1,51.8,16,0,0,0,1,2,7.73
10.93,2,62.6,14,4,0,0,0,1,11.49
1.74,1,63.1,7,0,0,2,0,2,1.7
27.87,4,6.8,9,3,0,1,2,3,255.63
4.04,2,33.8,17,0,0,1,1,2,7.92
6.21,3,28.4,11,0,0,0,1,3,14.79
7.8,3,29.5,11,4,0,0,1,3,17.25
3.95,2,48.1,18,5,1,2,0,1,5.34
4.92,3,49.7,0,3,0,0,0,2,6.04
12.37,4,12.5,17,1,0,0,1,2,65.42
10.26,2,25.2,13,2,0,3,1,0,32.38
5.69,3,23.3,10,0,0,0,1,2,16.9
6.66,2,34.6,10,3,0,0,1,1,13.46
7.25,2,36.4,7,2,0,1,1,3,13.62
9.21,2,62.7,9,1,0,1,0,2,9.52
9.6,3,20.4,10,2,0,0,1,2,30.3
9.45,2,33.4,11,1,0,0,1,2,19.59
5.13,3,19.7,17,5,1,1,1,1,18.54
7.12,2,62.8,12,2,0,1,0,2,6.76
11.63,2,64.1,18,1,0,0,0,2,11.69
20.34,2,51.9,16,5,1,1,0,0,24.34
7.0,1,30.3,7,6,1,0,2,1,19.94
4.69,2,60.8,9,6,1,0,0,1,5.18
3.9,1,35.7,5,0,0,3,1,0,8.51
9.49,4,11.6,21,2,0,0,1,3,51.66
2.11,1,52.5,20,1,0,0,1,2,3.01
9.55,1,87.3,5,3,0,0,0,2,6.81
9.64,2,67.5,15,4,0,0,0,1,9.51
4.8,2,23.4,22,5,1,2,1,2,13.3
7.69,1,43.8,18,2,0,0,1,1,14.37
5.81,2,38.1,13,5,1,0,1,2,10.32
2.57,2,27.9,8,2,0,1,2,3,6.54
9.15,2,69.4,9,2,0,0,0,2,8.84
8.67,1,49.1,17,2,0,1,1,2,12.08
5.05,3,21.0,18,4,0,0,1,2,15.09
20.16,3,13.8,14,2,0,0,2,2,93.64
6.69,2,29.6,6,5,1,3,1,2,16.28
1.61,4,9.8,21,0,0,0,1,0,10.45
11.97,3,17.8,19,0,0,1,1,1,43.98
10.43,1,84.8,6,3,0,1,0,3,7.94
11.14,3,20.6,3,4,0,0,1,1,39.19
3.39,3,44.0,14,5,1,0,0,1,5.12
7.57,3,18.9,9,6,1,1,1,1,28.55
6.62,2,27.7,9,3,0,0,2,1,19.03
5.98,4,17.9,5,0,0,0,1,3,21.69
13.76,4,29.8,22,2,0,1,0,2,30.0
6.75,4,8.5,19,2,0,1,1,2,51.38
5.16,2,47.4,6,1,0,0,1,3,8.03
5.13,2,79.1,20,4,0,0,0,3,4.5
3.22,2,44.7,17,1,0,0,1,3,4.99
7.15,3,47.6,9,4,0,0,0,2,9.08
14.36,4,8.8,20,4,0,2,1,1,101.06
5.43,1,49.0,15,2,0,1,1,2,8.77
7.83,3,21.3,19,2,0,0,1,3,23.92
5.92,2,32.0,12,3,0,2,1,3,12.87
6.32,2,35.4,13,0,0,1,1,2,12.28
10.7,2,30.8,9,0,0,1,1,2,22.45
3.19,4,13.6,10,2,0,0,1,1,15.65
2.27,3,35.7,15,0,0,1,0,1,3.71
11.98,4,15.4,21,4,0,1,1,2,46.55
4.72,2,57.4,15,0,0,1,0,1,4.9
5.2,1,32.4,7,5,1,0,2,1,14.36
22.6,2,22.3,0,3,0,1,2,1,82.9
10.39,2,32.8,19,0,0,1,1,3,22.21
3.72,3,55.2,10,0,0,0,0,3,4.43
12.46,1,46.8,9,6,1,0,1,1,22.54
10.53,3,10.6,18,3,0,1,2,0,75.05
0.8,4,29.0,21,3,0,0,0,1,1.72
7.31,2,34.2,18,2,0,0,1,2,14.78
3.3,1,85.1,7,3,0,0,0,2,2.59
6.31,2,21.0,10,5,1,0,2,2,18.82
20.38,3,10.0,18,2,0,2,2,3,127.92
10.96,3,16.9,20,4,0,1,1,2,43.5
11.8,1,49.8,23,1,0,0,1,1,20.24
5.93,1,48.8,13,0,0,0,1,2,8.56
11.83,3,24.3,19,3,0,0,1,3,30.58
4.13,2,31.7,3,0,0,0,1,1,11.12
7.25,2,35.1,9,4,0,0,1,1,18.48
10.67,4,6.8,10,1,0,2,2,1,99.59
10.48,4,6.2,22,3,0,1,2,2,115.45
2.38,3,20.8,0,6,1,1,1,1,8.17
17.91,4,8.9,9,2,0,1,2,1,136.06
3.62,3,17.9,21,2,0,1,1,2,12.77
24.86,3,46.8,9,3,0,0,0,1,35.61
10.85,3,17.2,8,3,0,3,1,2,36.45
10.33,1,28.0,17,4,0,1,2,2,28.03
3.83,2,76.3,18,1,0,0,0,3,3.18
4.85,2,30.9,12,3,0,1,1,0,11.8
17.1,4,10.7,21,2,0,0,2,1,106.95
15.86,4,19.1,8,1,0,3,0,2,48.13
6.03,4,16.8,21,3,0,0,1,2,22.08
5.72,3,49.3,18,1,0,0,0,1,7.92
5.83,3,18.7,10,4,0,0,1,2,18.99
12.51,2,31.3,18,5,1,1,1,1,30.28
11.83,4,9.6,6,6,1,3,1,0,83.02
8.38,3,45.6,6,3,0,0,0,1,12.95
7.29,3,13.0,21,3,0,1,2,2,35.35
5.99,3,23.2,5,6,1,0,1,2,17.23
23.75,2,28.2,0,1,0,0,2,3,62.87
2.58,3,20.1,10,3,0,0,1,2,8.68
5.24,2,28.2,5,1,0,0,2,2,13.24
8.04,2,61.3,19,5,1,0,0,1,9.71
2.21,1,72.3,21,1,0,1,0,1,1.86
4.64,1,48.8,13,3,0,0,1,1,9.09
20.23,1,80.5,11,2,0,0,0,1,16.19
11.38,3,18.6,14,6,1,0,1,1,39.23
4.62,3,27.8,8,4,0,0,1,2,11.21
4.53,3,38.1,9,1,0,0,0,0,8.22
2.59,1,48.5,5,2,0,0,1,2,3.86
5.04,1,75.9,12,1,0,0,0,1,4.51
9.27,1,35.1,16,2,0,1,2,2,18.51
8.36,3,22.4,21,3,0,0,1,0,26.72
5.21,3,12.7,18,4,0,1,2,1,29.83
3.58,1,46.9,17,6,1,0,1,0,6.85
5.94,3,23.1,9,2,0,0,1,1,21.53
5.86,3,18.3,20,0,0,1,1,2,19.98
10.55,1,75.6,21,1,0,0,0,1,9.29
7.65,3,16.7,21,2,0,2,1,0,31.7
7.05,1,91.6,2,4,0,0,0,3,5.16
13.14,3,54.4,15,4,0,0,0,3,14.79
15.78,1,75.5,16,4,0,0,0,1,12.47
8.3,1,32.4,9,6,1,0,2,2,19.13
8.42,3,15.7,23,5,1,0,2,2,31.77
6.2,4,26.3,9,2,0,2,0,2,15.01
3.8,3,21.5,8,2,0,0,1,2,9.71
11.03,1,52.6,13,3,0,0,1,2,15.82
9.83,2,51.5,9,6,1,2,0,2,11.89
6.51,3,18.1,21,0,0,0,1,2,24.12
7.67,1,86.3,12,5,1,0,0,2,5.37
12.64,3,18.4,11,2,0,3,1,2,46.51
13.85,3,41.4,16,5,1,1,0,1,21.74
0.92,2,24.3,5,3,0,2,1,2,2.47
4.42,1,74.4,18,6,1,0,0,0,3.75
6.5,4,15.0,18,1,0,0,1,2,28.78
3.21,2,38.9,12,0,0,0,1,2,5.8
7.79,2,39.8,22,5,1,1,1,3,13.09
4.57,1,36.6,15,4,0,2,1,1,10.3
7.95,2,58.1,17,0,0,0,0,0,8.66
4.66,4,26.3,21,1,0,0,0,1,11.97
4.79,2,31.7,17,6,1,0,1,1,11.68
7.91,3,24.0,11,6,1,0,1,2,21.95
11.31,2,31.7,1,2,0,0,1,1,28.03
9.5,2,65.5,17,2,0,0,0,1,9.2
6.53,2,32.0,22,5,1,0,1,1,16.13
1.72,1,33.8,12,3,0,2,1,1,4.14
4.72,4,31.2,10,2,0,0,0,3,9.25
4.39,1,46.8,13,2,0,0,1,1,8.05
10.17,3,14.8,17,0,0,0,2,1,53.8
7.33,2,60.3,0,1,0,0,0,1,7.59
7.49,3,17.7,20,4,0,0,1,0,32.33
3.92,3,15.4,20,4,0,1,1,0,17.95
14.17,2,58.2,14,3,0,2,0,3,15.3
7.46,1,35.0,6,6,1,0,2,2,15.48
3.76,2,28.3,17,6,1,1,2,3,9.31
3.94,1,46.5,6,1,0,0,1,1,7.39
8.12,2,34.2,13,0,0,1,1,2,17.18
3.67,2,30.7,5,6,1,0,1,1,8.5
4.43,2,63.9,15,4,0,0,0,1,4.24
3.11,1,83.4,9,6,1,0,0,2,2.56
10.12,3,11.5,19,3,0,2,2,1,56.03
3.72,3,14.7,18,2,0,0,2,0,21.18
15.49,2,32.2,23,2,0,0,1,0,39.36
8.72,2,45.3,8,6,1,2,0,1,13.57
3.1,1,32.1,4,5,1,0,2,1,9.17
9.45,1,29.5,12,0,0,1,2,2,21.59
14.18,1,54.8,5,4,0,0,1,2,18.35
6.36,4,10.9,7,5,1,2,1,2,31.89
15.12,1,45.4,15,5,1,0,1,1,30.55
8.82,2,18.8,15,5,1,2,2,2,32.17
4.58,1,82.1,2,2,0,0,0,1,4.17
20.41,2,47.6,12,3,0,2,0,1,26.37
2.54,3,17.4,14,6,1,0,2,2,10.03
5.44,3,40.2,8,3,0,0,0,1,9.28
6.53,3,18.0,20,4,0,0,2,1,26.73
18.49,2,36.5,7,5,1,0,1,3,36.52
10.26,3,17.6,8,0,0,0,1,0,41.47
9.28,1,46.9,7,3,0,1,1,2,13.76
4.13,3,44.4,6,1,0,1,0,2,5.79
6.22,3,18.2,20,3,0,0,1,2,23.0
4.65,2,34.2,9,0,0,0,1,0,11.15
9.1,2,22.6,17,5,1,2,1,1,28.41
12.92,4,19.7,11,3,0,2,0,2,37.74
23.02,2,29.8,16,5,1,0,2,2,54.29
4.99,2,70.6,21,2,0,0,0,2,4.46
2.49,3,21.0,19,0,0,0,1,2,7.78
5.5,2,56.6,4,2,0,1,0,1,5.86
11.93,3,14.4,19,2,0,0,2,2,52.1
3.8,3,33.5,12,4,0,3,0,0,7.07
6.68,1,31.1,10,6,1,0,2,1,20.15
9.35,2,70.3,17,5,1,0,0,2,7.54
5.05,2,50.8,22,5,1,2,0,2,6.03
7.66,3,19.5,5,5,1,0,1,1,28.37
3.55,2,26.2,18,5,1,0,2,2,8.84
13.43,1,49.0,8,6,1,0,1,2,19.87
5.76,4,7.8,10,0,0,0,2,0,46.62
7.53,1,68.2,20,2,0,2,0,3,7.24
1.78,3,13.7,14,4,0,0,2,2,8.65
3.22,3,53.8,4,4,0,0,0,3,3.7
11.7,1,46.3,13,2,0,0,1,1,23.16
5.01,4,28.6,18,2,0,0,0,0,10.73
3.68,2,22.4,14,1,0,0,2,2,10.8
2.34,2,27.8,7,0,0,0,2,2,6.18
13.29,1,42.5,12,4,0,0,1,0,28.4
10.01,3,15.4,21,0,0,0,1,2,42.03
9.63,2,43.0,16,5,1,0,1,3,16.13
16.28,3,12.9,17,4,0,0,2,1,94.77
5.44,2,35.0,18,3,0,0,1,1,12.97
2.51,2,20.1,5,3,0,1,2,2,8.45
6.92,3,19.3,15,4,0,1,1,2,23.41
18.03,4,13.5,10,1,0,1,1,2,82.1
7.0,1,49.9,6,3,0,0,1,2,10.0
12.73,2,33.4,8,6,1,1,1,1,29.24
2.58,2,32.8,18,5,1,0,1,0,6.26
4.07,2,35.0,7,5,1,0,1,2,7.55
11.3,2,39.5,9,6,1,0,1,3,20.95
7.43,3,15.5,9,0,0,0,2,3,30.67
6.29,2,34.7,3,2,0,0,1,1,14.94
12.63,1,49.4,12,0,0,0,1,1,22.29
11.22,2,58.7,18,5,1,2,0,3,12.33
7.55,1,56.4,1,0,0,0,1,3,9.9
0.93,2,68.4,6,5,1,0,0,2,1.5
6.74,4,18.5,17,0,0,0,1,2,22.76
8.66,4,15.3,15,5,1,0,1,2,36.26
1.82,4,13.5,17,4,0,0,1,1,9.78
8.49,2,35.8,8,4,0,0,1,2,15.68
12.96,3,19.9,18,0,0,0,1,1,44.25
6.73,2,23.7,13,2,0,2,1,1,20.25
3.39,3,24.5,16,1,0,0,1,2,10.52
1.05,1,57.7,5,5,1,0,1,3,1.5
8.59,4,5.2,8,1,0,2,2,2,107.01
2.0,3,25.2,18,3,0,0,1,1,5.92
9.58,2,69.6,8,6,1,0,0,2,8.53
17.54,2,65.5,5,3,0,0,0,1,17.36
4.2,1,47.2,15,2,0,0,1,2,6.75
5.85,2,34.6,14,6,1,0,1,2,11.0
18.1,1,67.6,15,6,1,1,0,0,17.72
7.24,3,20.7,16,0,0,0,1,1,26.17
5.04,1,83.4,13,5,1,0,0,2,3.5
11.93,3,30.3,13,4,0,2,0,1,24.98
5.22,4,13.0,21,3,0,1,1,2,25.34
4.01,1,30.4,14,6,1,0,2,2,8.6
9.5,1,86.1,16,6,1,0,0,2,7.31
12.47,4,6.2,8,0,0,1,1,2,120.31
3.99,4,13.3,20,1,0,1,1,1,21.81
7.6,2,65.8,1,2,0,0,0,2,7.43
6.01,1,77.8,14,4,0,0,0,1,4.89
6.62,3,46.7,10,4,0,0,0,2,8.5
3.42,4,8.5,15,3,0,0,2,0,27.17
9.92,2,24.1,10,0,0,2,1,2,26.6
15.45,3,42.3,17,4,0,0,0,1,23.03
3.93,3,43.0,1,1,0,0,0,1,6.01
9.91,3,20.1,11,1,0,0,1,0,35.54
11.77,3,27.5,19,2,0,0,1,2,27.33
7.57,4,25.3,8,2,0,0,0,1,20.01
9.67,2,32.3,3,1,0,0,1,0,24.0
4.24,3,41.0,13,1,0,1,0,2,6.61
14.96,2,48.2,22,0,0,2,0,0,20.6
12.53,1,42.2,4,4,0,0,1,0,25.89
13.34,3,19.7,4,0,0,1,1,1,47.91
3.02,3,24.0,15,2,0,0,1,1,9.68
8.97,3,19.1,8,2,0,0,1,1,32.08
4.45,2,17.7,11,2,0,3,2,2,16.78
15.69,4,14.7,19,6,1,0,1,2,64.76
3.99,3,16.6,8,4,0,0,2,1,17.55
7.75,4,6.9,17,3,0,0,2,2,71.51
1.42,1,24.2,13,2,0,2,2,1,5.31
7.73,2,71.0,20,2,0,0,0,3,7.07
3.05,1,48.4,22,0,0,0,1,2,4.5
9.24,1,73.2,13,0,0,0,0,0,8.3
6.12,2,32.8,15,3,0,0,1,1,14.85
5.32,1,77.6,18,5,1,0,0,2,4.14
15.91,3,43.2,9,3,0,0,0,1,23.14
21.21,2,22.9,8,3,0,0,2,0,75.52
2.43,4,15.0,22,3,0,0,1,2,9.97
5.43,3,17.8,11,0,0,1,2,2,19.49
10.83,4,8.0,0,2,0,0,1,1,82.01
8.37,3,24.0,19,0,0,0,1,3,24.43
10.49,2,74.9,15,6,1,0,0,2,9.16
6.4,1,52.9,7,1,0,0,1,2,8.44
12.82,1,51.0,1,1,0,0,1,2,17.94
7.55,2,25.3,9,5,1,1,2,3,21.76
8.66,3,36.0,21,2,0,3,0,1,15.75
3.05,2,78.3,21,3,0,0,0,2,2.6
7.09,2,54.0,9,2,0,1,0,1,8.72
10.9,3,12.1,19,1,0,1,2,2,56.52
8.09,1,38.8,12,5,1,2,1,2,14.79
7.29,3,18.4,16,2,0,1,1,0,28.61
8.98,2,37.5,9,3,0,0,1,1,18.87
7.52,1,49.2,13,6,1,0,1,2,11.22
6.53,4,9.2,9,6,1,1,1,3,42.84
11.09,1,43.1,4,6,1,0,1,1,21.82
6.25,3,16.8,6,5,1,0,1,1,26.59
2.92,3,17.4,9,5,1,0,1,1,12.66
15.51,4,23.5,22,0,0,2,0,2,40.26
4.54,2,75.5,22,3,0,0,0,3,3.88
2.34,3,46.4,19,0,0,0,0,1,3.08
9.63,1,43.1,8,6,1,0,1,0,18.25
16.62,4,16.1,12,1,0,0,1,2,62.73
9.76,2,29.2,12,6,1,0,1,0,26.29
14.27,4,18.3,10,4,0,2,0,1,52.63
3.7,1,40.5,2,2,0,2,1,2,6.41
2.95,1,58.2,14,4,0,2,0,2,3.34
5.41,2,39.2,4,3,0,0,1,2,9.97
12.29,2,24.3,18,0,0,0,2,2,33.96
9.26,3,18.8,17,3,0,2,1,1,39.17
9.66,3,31.5,10,3,0,2,0,1,20.65
7.28,3,14.9,16,1,0,1,2,3,32.64
5.48,3,21.8,8,3,0,0,1,1,18.21
7.48,3,18.0,8,2,0,0,1,0,27.78
6.12,1,78.9,9,1,0,1,0,2,4.97
5.24,4,13.6,18,4,0,0,1,1,28.19
8.5,4,18.1,8,3,0,0,1,2,32.14
5.76,3,28.4,15,4,0,1,1,2,14.88
7.94,2,24.1,8,2,0,1,2,1,23.42
1.56,3,19.5,9,2,0,0,1,1,5.97
7.55,3,43.8,8,2,0,0,0,1,11.51
5.74,3,14.6,16,6,1,1,2,3,26.1
14.7,2,69.1,14,4,0,0,0,2,13.86
2.26,4,8.6,17,4,0,2,1,0,17.51
7.22,2,31.0,8,0,0,1,1,1,19.4
10.97,1,25.2,0,1,0,2,2,1,37.02
6.27,1,49.9,17,5,1,0,1,0,11.72
5.62,2,19.0,6,3,0,0,2,1,22.91
10.95,4,15.3,8,1,0,0,1,1,49.97
9.13,3,48.3,9,2,0,0,0,1,11.5
9.53,4,12.9,18,3,0,0,1,2,47.16
5.25,3,17.0,16,0,0,0,1,1,22.05
4.84,2,72.6,7,1,0,0,0,3,4.33
7.94,4,28.7,15,2,0,0,0,2,16.63
11.47,2,30.7,17,3,0,0,1,0,29.86
2.65,1,28.6,10,6,1,0,2,1,8.19
6.41,4,18.2,8,3,0,0,1,3,23.26
4.98,2,27.9,17,2,0,2,1,1,13.36
6.88,3,40.2,16,4,0,0,0,0,9.46
10.38,3,43.9,4,6,1,0,0,1,15.37
3.94,3,24.0,17,1,0,0,1,2,10.72
9.72,1,88.7,13,6,1,0,0,2,6.78
5.36,3,22.7,18,3,0,0,1,0,17.28
12.5,1,78.8,7,4,0,0,0,1,10.07
4.09,3,17.5,8,0,0,3,1,0,17.82
11.38,1,44.2,14,3,0,0,1,1,20.74
2.86,1,71.6,13,3,0,1,0,1,2.86
7.63,2,26.7,10,6,1,2,1,1,21.32
9.84,4,9.9,18,0,0,0,1,2,58.39
4.17,3,43.1,15,0,0,0,0,2,5.59
1.22,1,57.5,17,5,1,0,1,2,1.5
5.08,1,36.6,7,5,1,2,1,2,10.61
6.93,4,28.4,17,3,0,0,0,1,14.25
5.6,1,44.8,12,2,0,0,1,1,9.42
4.78,1,43.9,2,0,0,1,1,1,8.81
11.04,3,45.4,8,4,0,0,0,2,14.53
13.22,1,56.2,1,0,0,0,1,3,17.02
12.79,2,44.1,12,3,0,0,1,3,20.47
8.91,3,21.2,9,3,0,0,1,1,31.9
9.61,2,17.7,23,1,0,0,2,1,39.31
3.72,3,13.5,20,4,0,0,2,0,18.83
6.55,4,12.8,19,1,0,0,1,2,34.95
7.27,2,66.3,13,0,0,0,0,2,7.03
8.11,2,31.2,18,1,0,3,1,3,16.65
8.03,3,26.0,8,3,0,0,1,2,21.04
6.94,2,44.7,14,6,1,0,1,2,11.06
8.85,3,23.2,11,2,0,0,1,1,29.66
7.82,2,25.3,7,0,0,2,1,2,20.64
7.81,1,26.8,4,3,0,0,2,0,25.66
4.35,1,28.2,14,0,0,0,2,1,12.73
3.15,2,47.4,5,1,0,2,0,1,4.45
8.13,1,42.3,17,1,0,2,1,3,12.9
5.22,2,40.4,21,5,1,0,1,3,8.69
4.49,2,36.5,7,0,0,0,1,2,8.34
9.99,1,20.7,12,5,1,2,2,0,38.89
6.59,1,49.8,18,0,0,0,1,2,9.4
14.31,1,46.7,9,1,0,0,1,1,27.78
9.39,3,16.3,21,0,0,1,2,1,43.46
4.18,2,61.0,20,5,1,0,0,1,4.55
10.06,1,36.6,5,1,0,0,2,3,21.26
8.61,3,28.0,1,5,1,0,1,2,20.31
4.07,2,55.1,22,0,0,1,0,0,4.71
4.83,2,35.6,22,6,1,0,1,2,9.42
9.79,2,22.6,11,2,0,2,1,1,30.6
1.92,1,90.0,3,0,0,0,0,2,1.5
1.38,2,37.4,16,0,0,0,1,2,2.88
7.55,3,18.2,9,6,1,0,2,3,26.87
7.22,4,28.4,21,3,0,0,0,1,16.74
7.95,3,52.7,18,2,0,0,0,3,8.82
7.23,2,61.6,16,1,0,0,0,1,8.12
8.78,3,18.8,9,1,0,0,2,3,31.71
13.32,3,17.6,17,4,0,0,1,1,53.29
6.85,4,25.6,9,2,0,0,0,2,16.37
2.5,4,11.1,2,2,0,0,2,3,13.89
1.74,2,27.9,13,0,0,0,2,1,5.16
5.51,1,54.4,13,3,0,0,1,2,7.24
5.6,3,50.0,18,6,1,0,0,3,7.27
2.81,2,43.6,19,1,0,0,1,3,4.6
1.17,2,64.6,10,6,1,0,0,1,1.5
5.26,3,43.6,12,6,1,0,0,0,7.78
16.58,1,82.5,12,1,0,0,0,1,13.76
8.58,2,24.1,9,6,1,0,2,2,24.24
8.15,3,42.3,18,3,0,1,0,2,11.41
6.16,3,21.9,14,5,1,1,1,2,18.29
5.51,4,29.8,21,3,0,0,0,2,11.79
9.08,1,75.8,16,5,1,0,0,0,7.68
3.05,1,42.5,8,5,1,1,1,1,6.43
18.99,4,25.4,7,2,0,3,0,2,45.42
3.21,2,22.7,10,5,1,0,2,2,9.37
9.55,2,56.7,10,3,0,1,0,0,11.75
3.42,2,71.3,11,3,0,0,0,2,2.8
7.34,4,10.3,7,0,0,0,1,3,42.49
10.14,2,23.9,23,2,0,0,2,2,28.0
2.15,4,6.9,7,5,1,0,2,2,21.49
3.68,2,31.0,16,4,0,0,1,0,10.16
3.85,2,26.3,0,4,0,0,2,2,9.84
5.8,3,12.7,11,1,0,1,2,2,29.17
7.89,2,62.3,9,3,0,1,0,2,8.0
16.76,4,6.9,10,0,0,0,2,2,146.5
4.8,1,56.0,13,3,0,0,1,2,6.52
16.17,2,35.3,15,1,0,0,1,1,38.87
8.4,1,77.0,15,3,0,0,0,1,7.71
3.14,2,28.9,16,4,0,2,1,2,6.97
6.17,4,13.9,19,2,0,0,1,1,29.12
2.53,1,40.1,20,3,0,0,1,0,5.22
5.51,1,42.2,17,5,1,1,1,1,11.87
5.28,2,57.6,5,4,0,1,0,1,5.9
7.41,3,22.5,22,4,0,0,1,2,21.55
9.57,3,22.8,21,1,0,1,1,1,28.42
6.47,4,12.3,17,2,0,2,1,2,35.09
3.39,2,67.2,13,1,0,0,0,2,3.14
14.27,3,43.0,8,0,0,0,0,2,18.92
17.37,1,53.2,18,5,1,0,1,2,25.82
6.09,4,7.0,20,2,0,1,1,2,55.76
8.19,4,31.8,17,0,0,0,0,3,15.72
5.89,2,68.6,16,6,1,0,0,2,5.27
7.45,2,33.0,7,2,0,0,1,2,15.21
7.68,1,26.8,10,4,0,0,2,1,24.08
2.84,2,19.1,17,6,1,1,2,1,12.1
5.58,2,31.1,0,0,0,0,1,1,13.29
11.94,1,43.2,16,2,0,1,1,1,24.39
11.36,2,59.2,18,2,0,0,0,1,11.84
5.52,4,14.9,9,0,0,3,1,2,24.79
7.77,1,45.9,4,6,1,0,1,2,10.99
5.78,1,53.7,19,6,1,0,1,2,7.38
9.78,2,63.4,6,2,0,1,0,2,9.44
2.14,3,27.9,10,1,0,0,1,3,5.27
9.09,2,60.9,17,6,1,0,0,2,9.6
14.81,3,14.5,19,1,0,2,1,1,69.21
4.32,4,11.5,19,0,0,0,1,2,23.02
13.69,1,31.0,14,4,0,1,2,2,33.28
8.0,1,53.1,12,3,0,0,1,2,10.36
6.46,2,61.5,19,0,0,1,0,2,7.11
5.49,1,36.1,15,5,1,0,2,3,11.73
13.96,3,16.5,15,0,0,2,1,1,56.78
5.79,4,10.5,11,0,0,0,2,0,38.06
16.05,1,83.8,10,6,1,0,0,2,12.31
15.03,1,31.3,13,5,1,2,1,0,33.83
5.01,3,31.4,10,5,1,0,1,3,11.66
6.06,3,52.5,10,5,1,0,0,2,7.7
1.67,1,34.3,23,0,0,0,2,2,3.52
6.59,4,15.2,9,1,0,3,1,3,30.26
7.09,3,59.1,8,0,0,0,0,3,7.44
12.66,4,26.5,10,4,0,0,0,3,28.86
15.48,1,43.9,15,3,0,1,1,2,24.35
10.31,4,27.3,20,3,0,0,0,1,23.19
12.08,2,26.0,18,4,0,3,1,0,32.95
6.05,4,11.9,19,0,0,0,1,0,32.99
2.97,4,27.5,19,6,1,0,0,2,6.53
7.99,3,39.6,21,3,0,0,0,1,13.43
12.54,3,22.4,8,1,0,0,1,1,42.03
0.8,1,44.1,12,3,0,1,1,2,1.5
7.29,2,61.8,10,5,1,0,0,0,7.72
1.86,3,51.9,10,4,0,0,0,3,2.16
4.09,2,36.7,16,3,0,0,1,2,7.73
7.47,3,49.5,11,4,0,0,0,2,9.82
15.62,2,26.1,16,0,0,0,2,3,42.82
6.86,1,44.8,10,6,1,0,1,1,12.64
9.92,3,18.9,9,3,0,2,1,3,36.01
7.95,2,72.8,10,4,0,0,0,2,7.15
4.26,3,9.3,18,1,0,2,2,0,31.38
8.87,2,25.4,15,1,0,2,1,2,23.05
2.92,2,24.8,22,2,0,0,2,2,7.7
6.8,3,18.5,19,3,0,0,1,1,26.85
13.82,2,63.2,13,0,0,0,0,1,14.99
7.59,1,23.6,8,5,1,3,2,0,27.83
7.95,4,6.8,17,2,0,2,1,2,74.84
5.51,3,20.1,17,3,0,3,1,2,16.29
2.26,2,57.3,12,1,0,3,0,3,2.48
5.91,1,82.5,8,6,1,0,0,2,4.7
11.04,2,36.2,14,0,0,0,1,1,25.45
8.54,3,35.6,8,1,0,1,0,1,14.61
3.04,3,19.2,21,3,0,0,1,2,10.86
1.78,2,62.3,16,5,1,0,0,1,1.74
4.23,2,27.2,9,0,0,0,2,3,10.74
5.95,4,30.5,8,0,0,0,0,1,12.11
6.21,2,32.5,17,2,0,0,1,1,15.55
6.26,3,14.4,17,0,0,0,2,2,25.57
6.82,1,97.6,15,3,0,0,0,3,4.7
8.71,2,28.1,16,5,1,0,1,0,24.22
5.28,2,29.2,15,5,1,0,1,0,14.14
3.64,3,24.5,10,4,0,1,1,3,9.57
9.29,4,17.0,21,4,0,2,0,0,37.91
11.19,3,47.7,13,0,0,0,0,2,14.04
4.76,1,81.1,1,4,0,0,0,1,4.36
19.06,1,47.0,10,5,1,0,1,1,36.34
15.16,3,44.0,6,3,0,1,0,1,24.84
3.19,4,13.9,10,2,0,0,1,2,14.29
1.88,3,19.9,15,1,0,0,1,2,5.71
6.1,3,22.2,1,1,0,0,1,0,19.11
7.98,2,29.0,20,3,0,0,1,0,20.49
18.91,1,46.7,16,2,0,2,1,3,28.59
18.55,3,46.7,9,3,0,0,0,2,24.83
9.94,3,20.7,9,0,0,0,2,2,31.53
5.35,1,44.7,12,2,0,0,1,0,10.76
12.97,3,11.5,8,5,1,0,2,0,79.33
7.32,2,35.7,0,4,0,0,1,1,17.51
2.73,1,57.3,1,0,0,0,1,2,3.47
2.8,2,36.3,10,4,0,0,1,1,5.98
5.37,1,83.9,6,0,0,0,0,2,3.98
11.77,1,79.2,1,0,0,1,0,2,8.51
3.39,3,36.5,19,0,0,0,0,1,6.71
5.36,1,33.2,9,6,1,0,2,0,14.74
15.08,2,19.6,13,0,0,2,2,2,50.93
8.54,1,27.1,7,6,1,0,2,1,24.98
9.12,2,23.5,3,2,0,0,2,1,31.17
12.01,3,13.1,18,2,0,1,2,0,59.8
5.43,2,41.6,6,0,0,0,1,2,9.54
15.66,1,65.6,1,3,0,2,0,2,14.24
10.11,2,34.9,15,0,0,1,1,2,21.32
6.33,2,39.4,0,0,0,0,1,2,12.01
14.02,3,26.2,11,3,0,0,1,3,33.93
9.85,3,24.4,9,3,0,0,1,2,27.53
6.72,2,63.2,9,0,0,0,0,1,7.47
9.28,1,90.0,0,1,0,0,0,2,7.24
3.86,4,6.7,22,1,0,0,1,1,39.17
12.99,3,44.2,13,3,0,0,0,1,19.74
18.73,1,47.1,15,0,0,1,1,1,34.34
2.18,1,51.6,17,5,1,0,1,2,3.26
4.72,1,48.7,18,4,0,0,1,2,6.61
4.47,1,84.2,15,4,0,0,0,2,3.63
10.47,4,14.2,18,0,0,1,1,1,56.68
7.74,2,25.0,12,0,0,0,2,1,24.97
5.19,4,12.1,10,0,0,0,2,1,29.04
5.7,4,14.7,19,4,0,0,2,2,25.09
4.89,2,26.4,19,4,0,0,2,2,13.52
9.73,2,33.0,6,3,0,0,1,0,23.9
7.66,3,20.0,14,2,0,0,1,3,25.89
5.53,3,20.8,17,3,0,0,1,1,19.5
4.95,1,83.9,5,3,0,0,0,2,4.07
14.16,4,6.6,21,6,1,1,1,0,141.97
12.81,2,76.1,13,1,0,0,0,3,10.29
9.8,1,74.8,16,5,1,1,0,2,7.55
12.05,2,34.8,7,3,0,0,1,1,29.56
2.75,2,59.9,8,3,0,1,0,2,3.03
3.36,2,36.8,6,3,0,0,1,1,7.82
3.11,1,32.1,8,6,1,0,2,1,9.38
6.85,1,80.9,13,6,1,0,0,1,5.53
12.27,3,20.2,19,3,0,1,1,2,41.35
5.24,3,22.3,14,2,0,0,1,1,17.14
13.23,4,6.8,8,1,0,2,2,2,122.79
4.72,3,20.9,2,4,0,1,1,2,16.26
6.29,2,30.0,16,5,1,1,1,0,16.64
5.2,4,9.4,11,0,0,1,1,2,32.41
5.99,1,33.4,23,4,0,0,2,1,15.36
6.4,4,20.8,18,1,0,3,0,2,19.64
1.84,3,17.9,18,3,0,1,1,3,6.61
8.4,2,67.3,0,4,0,0,0,1,8.44
6.31,3,12.7,18,3,0,1,2,2,32.49
15.64,2,36.4,7,5,1,1,1,1,35.21
9.52,1,42.0,15,2,0,1,1,0,19.92
8.18,2,44.4,12,2,0,0,1,3,12.71
15.12,4,13.0,15,5,1,0,1,3,76.54
14.27,2,29.7,6,5,1,1,1,2,33.35
16.03,2,26.1,12,1,0,1,1,0,47.15
4.91,1,50.2,2,5,1,0,1,1,8.62
3.06,3,47.3,2,4,0,0,0,2,4.32
1.85,3,12.3,16,2,0,3,2,2,10.22
11.95,1,47.5,22,5,1,0,1,2,16.4
1.62,3,19.0,18,1,0,1,1,2,5.62
7.73,2,22.6,12,6,1,0,2,1,26.3
2.32,3,20.9,3,1,0,0,1,1,8.11
12.95,2,22.8,2,6,1,0,2,0,45.7
9.09,2,27.6,7,6,1,1,1,0,25.88
12.91,1,36.3,22,1,0,3,1,1,28.98
7.83,3,48.2,11,4,0,0,0,1,10.61
3.63,1,40.2,19,5,1,1,1,1,7.59
5.12,4,26.1,17,4,0,0,0,2,11.27
11.28,2,38.8,15,1,0,0,1,2,20.06
2.17,2,56.7,21,0,0,1,0,2,2.29
4.85,4,11.8,8,6,1,0,1,2,24.99
4.42,2,35.3,12,6,1,1,1,2,7.81
6.45,3,20.3,19,5,1,0,2,1,25.4
9.71,4,8.8,14,5,1,1,1,2,65.77
12.72,4,13.2,8,4,0,0,1,2,57.71
2.62,4,27.8,8,4,0,0,0,2,6.32
3.8,3,46.6,18,0,0,0,0,2,4.93
2.84,1,56.7,0,4,0,0,1,3,3.49
6.61,4,26.8,21,4,0,0,0,2,15.87
3.09,2,26.1,0,5,1,0,2,3,7.96
8.36,3,25.3,16,2,0,0,1,2,21.35
13.7,2,60.6,15,0,0,0,0,1,14.24
1.9,3,15.3,15,6,1,1,2,2,8.3
3.89,1,29.9,12,2,0,2,2,3,9.12
16.13,1,48.5,19,5,1,0,1,2,23.84
7.6,3,29.3,16,0,0,0,1,3,17.3
4.91,3,16.8,18,0,0,2,1,0,19.05
25.56,1,60.0,6,0,0,3,0,1,27.27
5.69,3,26.0,3,4,0,0,1,1,17.0
9.49,4,17.9,1,1,0,0,1,1,38.33
4.0,2,53.1,7,3,0,1,0,0,4.69
3.54,3,46.5,17,1,0,1,0,3,4.83
9.81,3,21.8,13,4,0,0,1,2,31.25
16.95,2,60.1,18,4,0,0,0,0,18.61
5.05,2,60.0,7,6,1,0,0,1,5.56
3.36,3,19.9,10,6,1,1,1,2,10.82
11.84,4,31.8,20,3,0,0,0,3,24.37
5.08,4,20.5,21,4,0,0,0,0,15.12
8.43,4,29.0,21,0,0,0,0,1,19.65
4.95,2,26.1,19,2,0,1,1,1,14.83
5.49,3,14.5,17,2,0,0,2,1,28.86
3.78,2,24.9,21,0,0,0,2,2,10.24
9.96,1,54.9,17,6,1,0,1,2,12.96
8.57,3,17.0,22,1,0,1,2,3,33.82
8.4,3,42.2,1,2,0,1,0,2,13.25
4.28,2,28.6,21,0,0,1,1,0,10.29
8.14,2,37.9,14,1,0,0,1,1,17.1
18.24,1,80.6,6,5,1,0,0,1,15.04
3.37,3,48.1,8,2,0,0,0,1,5.07
4.02,2,27.3,19,0,0,0,2,2,10.11
4.17,1,50.3,13,2,0,0,1,1,7.76
7.21,2,72.6,23,2,0,1,0,3,6.11
3.2,3,24.0,6,2,0,0,1,0,9.96
9.09,3,20.8,11,3,0,0,1,1,31.03
1.74,4,7.1,9,1,0,0,2,0,15.8
10.66,1,43.1,13,2,0,0,1,1,20.61
8.31,2,33.7,16,6,1,0,1,1,20.11
18.01,3,12.2,16,6,1,0,2,2,89.79
3.48,1,43.5,0,6,1,0,1,1,7.19
12.11,3,17.4,5,0,0,0,2,2,49.37
6.32,1,51.4,2,3,0,0,1,2,9.0
5.57,4,8.7,19,4,0,1,1,3,37.47
3.37,4,12.6,9,4,0,1,1,0,17.86
5.0,3,17.4,10,1,0,2,1,1,19.93
5.14,3,16.2,12,0,0,2,1,2,19.19
2.34,2,28.1,19,6,1,0,2,2,5.91
8.26,1,79.8,0,3,0,0,0,1,6.84
7.63,1,80.5,6,6,1,0,0,1,7.22
9.46,3,17.8,17,0,0,2,1,2,35.4
4.59,2,34.8,22,3,0,0,1,0,10.02
10.9,3,42.6,16,5,1,1,0,2,16.69
14.11,2,24.5,8,5,1,0,2,1,49.53
5.84,2,60.4,13,5,1,0,0,1,6.39
3.53,2,63.2,22,3,0,1,0,2,3.58
6.99,1,79.8,14,6,1,0,0,2,5.56
6.79,2,26.6,10,4,0,0,2,2,17.52
6.03,2,40.6,10,5,1,1,1,3,10.64
9.48,2,76.6,22,6,1,0,0,3,7.32
5.4,3,20.7,17,1,0,0,1,1,16.71
3.34,4,11.7,17,1,0,0,1,0,19.86
7.38,4,12.0,8,0,0,0,2,0,43.8
9.74,1,36.1,14,3,0,0,2,2,19.56
10.21,3,33.0,10,6,1,3,0,0,20.62
5.18,4,14.3,8,5,1,0,1,1,23.68
8.01,2,36.8,20,3,0,0,1,2,15.5
14.33,4,17.3,10,2,0,0,1,3,54.29
14.26,3,19.6,9,1,0,0,1,1,49.79
12.31,4,11.0,21,3,0,0,1,0,81.51
2.23,2,30.4,7,0,0,0,1,0,5.72
5.43,2,32.7,18,5,1,0,1,1,13.22
13.74,3,45.2,16,4,0,1,0,3,20.12
2.22,2,36.0,21,5,1,0,1,0,5.22
6.46,2,28.4,19,4,0,0,2,2,15.15
4.54,3,34.1,17,1,0,1,0,0,8.91
8.11,1,37.8,9,5,1,1,1,1,17.81
1.29,4,12.1,13,1,0,0,1,0,7.11
13.0,3,18.7,21,2,0,0,1,1,44.29
6.66,1,27.2,1,6,1,0,2,0,20.84
3.19,1,50.7,18,1,0,0,1,0,6.07
4.13,4,12.5,8,3,0,0,1,2,19.88
8.28,3,41.1,7,3,0,0,0,1,13.26
3.92,2,21.5,8,3,0,2,1,0,13.43
16.64,2,25.3,3,6,1,1,2,1,49.47
6.19,2,35.7,23,3,0,0,1,2,11.64
14.96,4,13.9,20,2,0,0,1,1,77.81
7.38,1,52.9,14,1,0,0,1,2,10.27
9.96,3,14.0,17,1,0,0,2,1,53.02
9.62,1,84.3,14,1,0,0,0,1,7.93
4.91,2,35.5,19,6,1,0,1,2,8.9
10.03,3,14.1,19,2,0,2,1,2,40.7
5.19,4,7.9,8,2,0,1,1,1,40.2
2.06,2,63.4,12,3,0,0,0,1,1.88
5.86,1,38.2,16,5,1,0,2,2,11.61
2.87,1,31.9,23,2,0,0,2,1,7.26
5.07,2,30.0,17,2,0,0,1,1,12.19
6.53,4,11.8,20,0,0,1,1,2,35.27
3.61,3,21.3,19,3,0,0,1,3,10.89
9.22,1,54.3,15,3,0,0,1,3,11.68
5.15,2,34.2,20,0,0,0,1,2,11.06
2.81,3,18.3,10,1,0,0,1,1,10.22
3.65,1,84.1,10,5,1,0,0,2,2.88
7.12,2,50.3,18,6,1,2,0,2,8.8
5.7,4,23.8,6,0,0,0,0,0,14.93
7.93,2,31.6,9,0,0,1,1,2,16.8
7.15,1,55.3,16,5,1,0,1,2,10.35
3.42,2,59.9,11,6,1,0,0,1,3.74
4.47,1,51.1,21,5,1,0,1,3,6.37
10.85,2,22.7,22,6,1,0,2,0,40.13
3.82,3,52.4,13,0,0,0,0,3,4.03
15.16,2,30.1,14,2,0,0,1,1,40.67
2.39,3,28.2,17,0,0,0,1,2,5.15
10.64,3,21.4,12,4,0,0,1,1,37.15
6.25,2,36.4,7,0,0,1,1,2,11.59
3.43,4,12.1,18,1,0,0,1,0,17.87
7.0,4,26.7,18,1,0,1,0,1,15.74
3.9,2,37.8,8,5,1,1,1,2,8.08
4.66,2,30.0,19,6,1,0,1,1,12.24
5.23,1,82.9,16,1,0,0,0,2,3.84
10.17,2,21.9,8,0,0,1,2,2,31.5
4.42,2,36.9,16,3,0,0,1,2,7.74
7.65,4,28.2,8,1,0,1,0,2,16.15
10.39,3,23.6,8,0,0,0,1,2,29.66
6.88,4,8.3,19,1,0,0,2,0,56.38
8.35,2,60.3,21,2,0,0,0,0,9.56
6.5,1,30.1,8,2,0,3,2,2,16.01
9.11,1,55.1,21,0,0,0,1,3,11.63
2.76,3,23.8,8,1,0,1,1,2,7.12
14.4,1,35.3,6,1,0,0,2,2,30.65
4.24,3,22.9,3,4,0,0,1,2,11.66
6.29,2,65.7,8,6,1,0,0,2,6.2
1.59,3,21.9,10,5,1,0,1,1,5.54
4.8,2,35.7,21,5,1,0,1,2,9.01
7.84,2,27.8,8,1,0,2,1,2,18.75
15.5,3,38.1,10,3,0,2,0,3,24.75
9.35,3,22.4,17,2,0,0,1,0,28.9
5.04,3,42.5,9,1,0,1,0,1,7.91
2.24,4,23.2,17,6,1,0,0,0,5.95
13.48,4,25.2,11,3,0,3,0,3,33.81
4.89,1,31.7,7,5,1,0,2,2,11.59
7.83,1,32.2,17,6,1,0,2,2,17.61
5.05,3,22.3,1,0,0,0,1,2,15.74
8.4,3,20.1,9,2,0,1,1,0,30.12
13.14,2,29.8,10,0,0,0,1,1,36.39
10.1,3,45.9,12,5,1,0,0,2,14.23
5.63,2,18.0,17,5,1,2,2,1,24.09
13.66,3,19.4,12,1,0,0,1,2,46.17
17.42,3,47.2,15,0,0,0,0,1,24.26
11.58,2,39.4,15,5,1,0,1,2,20.02
5.15,2,35.1,10,6,1,0,1,1,11.65
10.66,3,25.2,21,2,0,0,1,3,29.99
11.52,1,28.7,22,0,0,0,2,1,34.59
5.7,4,18.3,15,6,1,3,0,1,19.77
17.41,4,6.0,4,0,0,0,2,0,185.38
12.8,1,76.1,13,0,0,0,0,0,12.15
5.88,3,45.7,7,3,0,0,0,2,7.99
5.15,4,28.9,13,3,0,0,0,2,11.74
11.37,1,87.7,7,1,0,0,0,3,7.72
20.04,3,36.3,17,0,0,2,0,2,37.24
2.9,2,68.5,5,3,0,0,0,2,2.8
8.64,1,24.9,22,2,0,2,2,2,22.06
10.55,4,31.8,7,2,0,0,0,3,19.84
13.07,1,52.0,16,5,1,0,1,1,23.76
10.61,3,23.8,21,0,0,0,1,2,27.0
4.93,4,8.3,8,1,0,0,2,3,38.47
2.67,3,17.2,21,5,1,0,1,0,11.01
5.51,2,54.9,10,3,0,1,0,1,6.65
10.4,1,30.7,22,5,1,1,2,2,24.62
4.6,1,43.2,22,3,0,1,1,1,8.47
14.23,2,46.5,7,3,0,2,0,1,20.08
6.17,2,66.0,19,5,1,0,0,2,5.48
4.42,2,64.7,7,1,0,0,0,2,4.29
9.2,4,12.3,8,4,0,0,1,1,48.18
5.78,1,45.3,5,3,0,0,1,1,11.08
5.06,2,32.6,7,6,1,0,1,0,12.49
18.69,2,23.8,16,0,0,0,2,2,50.32
4.59,3,17.4,12,3,0,1,1,2,17.88
5.39,3,20.1,18,3,0,0,1,2,18.02
9.28,2,63.4,9,4,0,0,0,0,9.56
14.11,3,44.7,22,5,1,0,0,0,20.24
8.78,4,14.2,3,6,1,1,1,1,45.0
7.1,1,26.4,4,0,0,3,2,1,22.77
19.91,4,15.3,17,0,0,0,1,2,76.13
5.23,3,19.3,20,6,1,1,1,1,19.56
5.25,3,51.1,18,0,0,0,0,2,6.62
4.63,2,63.4,13,3,0,0,0,1,5.34
8.46,2,36.1,8,3,0,1,1,2,15.06
3.78,1,60.3,0,2,0,0,1,3,4.7
3.15,1,76.7,13,4,0,1,0,2,2.58
5.38,1,33.2,12,5,1,1,2,2,12.14
2.16,2,30.7,10,6,1,0,1,0,6.23
7.83,1,46.9,15,0,0,0,1,1,15.15
8.47,2,23.7,17,0,0,2,1,1,25.95
9.33,2,49.0,17,2,0,2,0,1,12.72
10.92,3,16.2,8,3,0,2,1,1,47.14
5.47,1,53.3,15,6,1,0,1,2,8.03
13.2,1,54.7,7,6,1,0,1,2,18.33
12.47,4,11.2,6,2,0,0,1,1,74.51
3.43,1,33.4,18,6,1,0,2,2,7.25
6.51,3,20.9,17,2,0,0,1,0,22.56
1.12,4,14.2,18,3,0,0,1,3,5.15
13.3,1,30.1,7,1,0,0,2,0,37.06
10.81,2,26.5,21,5,1,0,2,1,33.98
15.03,2,36.7,6,6,1,0,1,3,29.83
2.37,4,7.8,20,4,0,2,1,1,17.63
8.92,4,6.1,10,1,0,2,2,2,89.32
4.83,1,43.7,5,1,0,1,1,1,9.48
1.57,3,22.7,9,4,0,1,1,3,4.82
11.73,2,77.4,7,1,0,0,0,3,9.88
2.94,4,9.5,13,3,0,0,2,3,18.66
8.26,3,20.7,22,1,0,0,1,0,27.76
4.79,4,9.7,9,6,1,0,2,0,34.3
7.44,1,47.1,16,1,0,1,1,2,10.8
11.01,1,35.7,20,5,1,0,2,3,24.42
7.45,4,22.8,16,1,0,2,0,1,19.73
3.73,3,17.4,10,3,0,1,2,1,17.15
18.95,2,31.3,23,2,0,0,2,3,41.43
5.52,1,32.3,7,0,0,0,2,2,11.87
4.22,2,30.2,14,4,0,3,1,2,9.74
6.39,4,9.9,18,4,0,0,2,0,47.74
2.41,2,64.0,0,3,0,0,0,1,2.05
4.47,3,46.9,17,0,0,0,0,2,6.39
5.73,4,10.3,8,1,0,0,2,2,34.36
7.81,1,41.4,7,6,1,1,1,1,16.92
6.93,2,58.7,9,6,1,0,0,1,6.83
8.93,2,32.9,22,5,1,1,1,1,21.13
6.55,1,37.9,20,4,0,2,1,1,13.61
12.39,1,51.4,8,6,1,1,1,3,17.4
9.83,2,49.0,6,1,0,2,0,3,12.53
8.53,2,37.6,10,5,1,0,1,1,18.86
13.54,4,6.9,15,3,0,0,2,1,136.64
13.54,1,31.0,20,5,1,0,2,2,31.3
7.23,1,40.1,22,3,0,1,1,1,14.86
5.36,2,25.3,18,5,1,2,1,1,16.75
7.64,2,38.5,15,3,0,0,1,2,14.17
6.21,2,37.7,6,2,0,0,1,2,11.63
5.22,2,68.8,4,3,0,0,0,2,4.69
7.46,1,48.7,15,1,0,0,1,0,14.09
8.38,2,36.7,14,2,0,0,1,2,15.67
9.56,3,42.9,19,1,0,1,0,2,13.32
14.75,2,34.5,9,5,1,0,1,1,34.67
7.89,2,20.6,2,3,0,0,2,0,28.72
6.64,1,71.0,11,2,0,0,0,0,6.15
11.57,2,37.0,22,5,1,0,1,2,22.72
3.98,4,13.2,18,0,0,0,1,0,20.05
2.18,1,78.1,2,3,0,0,0,1,1.62
8.85,1,48.1,20,6,1,0,1,1,17.84
5.51,1,85.6,12,2,0,0,0,2,4.02
5.77,1,45.9,10,5,1,0,1,1,10.71
3.91,4,5.4,10,2,0,2,2,1,45.65
12.89,3,17.5,15,2,0,1,1,1,46.57
2.25,2,55.9,14,4,0,0,0,0,2.69
9.36,3,24.5,16,2,0,0,1,2,25.71
6.69,1,62.0,15,0,0,2,0,2,6.42
15.26,2,43.5,7,3,0,0,1,2,25.67
11.6,3,15.2,8,3,0,0,1,0,53.21
3.24,3,13.3,19,3,0,1,2,2,15.76
9.84,2,38.9,16,2,0,0,1,1,21.61
8.7,3,20.3,12,3,0,0,1,1,32.28
6.4,4,9.2,7,0,0,1,1,0,45.09
9.4,1,46.9,0,6,1,1,1,3,15.65
4.46,3,13.3,9,6,1,2,2,3,20.81
7.1,2,60.2,3,4,0,0,0,1,7.7
6.77,2,24.7,13,0,0,1,2,3,19.34
4.05,2,36.2,19,4,0,0,1,1,9.11
5.52,4,12.5,9,3,0,0,1,2,30.06
4.95,1,54.0,19,6,1,0,1,2,7.18
8.38,2,36.3,17,5,1,0,1,2,17.03
13.31,1,46.2,6,1,0,1,1,1,25.27
2.77,1,49.7,16,6,1,0,1,1,4.91
8.53,2,41.1,7,6,1,0,1,2,15.58
4.84,2,37.7,16,4,0,0,1,2,8.56
11.19,2,37.5,6,0,0,0,1,1,25.47
8.47,3,21.4,11,0,0,0,1,2,27.84
2.31,3,14.2,15,5,1,0,2,1,11.13
7.46,1,72.1,3,6,1,1,0,1,6.0
6.2,1,64.8,7,6,1,1,0,0,5.99
2.97,3,13.8,9,1,0,0,2,1,14.8
4.88,2,21.0,12,4,0,3,2,2,15.46
7.27,3,23.4,19,4,0,0,1,3,20.9
4.97,2,73.7,7,0,0,0,0,2,4.18
11.92,3,14.4,10,4,0,3,2,2,54.81
6.16,2,34.9,12,1,0,0,1,1,13.04
4.66,4,6.7,9,4,0,0,2,1,52.05
7.51,1,81.3,16,4,0,0,0,1,6.68
8.08,3,39.5,8,1,0,1,0,2,12.84
11.25,1,45.9,18,3,0,0,1,0,21.39
6.93,1,29.4,13,4,0,1,2,0,18.5
7.89,1,34.5,5,5,1,0,2,2,16.09
5.51,2,27.2,16,0,0,1,1,1,14.84
15.47,1,79.7,15,2,0,0,0,1,12.06
8.44,2,69.9,10,0,0,0,0,3,7.47
7.37,3,12.9,0,6,1,0,2,3,36.26
4.97,1,48.7,8,5,1,0,1,0,8.77
12.07,3,16.4,11,0,0,0,2,0,56.05
2.13,4,7.5,8,3,0,0,1,0,19.16
7.53,3,35.2,15,3,0,1,0,0,14.15
4.5,3,20.6,17,0,0,1,1,1,15.67
10.62,2,36.6,19,4,0,0,1,1,22.94
8.13,3,20.4,16,6,1,0,1,0,26.79
7.43,3,12.1,17,0,0,1,2,1,42.52
3.48,1,47.8,16,5,1,1,1,2,5.46
6.46,4,17.4,23,4,0,0,1,2,23.21
8.32,2,61.7,8,1,0,0,0,1,9.11
11.25,2,36.4,8,6,1,0,1,1,24.66
8.94,1,49.6,6,1,0,0,1,2,12.87
10.62,3,49.8,13,6,1,0,0,3,13.24
2.62,2,35.1,5,3,0,0,1,1,5.88
7.33,4,13.4,8,2,0,1,1,1,34.25
11.5,2,63.4,13,2,0,1,0,2,10.38
1.28,1,93.1,22,5,1,0,0,3,1.5
5.86,4,32.3,22,3,0,0,0,3,10.41
8.37,3,14.7,18,1,0,0,2,1,41.34
12.37,4,13.0,10,3,0,0,1,1,63.47
7.14,4,17.7,19,1,0,0,1,3,25.23
6.67,3,18.5,20,4,0,0,1,1,26.03
7.95,2,58.6,20,5,1,1,0,1,9.58
8.41,1,81.5,16,6,1,1,0,2,6.82
3.89,3,20.6,8,1,0,0,1,2,12.96
4.96,2,44.0,5,6,1,0,1,3,8.28
1.88,2,37.4,21,1,0,0,1,2,3.4
4.5,3,22.6,3,1,0,0,1,1,15.36
3.31,3,38.7,9,2,0,0,0,0,6.03
3.86,3,27.0,13,1,0,0,1,3,9.0
19.99,4,5.6,1,0,0,3,1,1,246.96
11.97,4,10.4,20,4,0,0,1,2,74.13
3.36,3,44.0,9,6,1,0,0,2,5.15
2.82,3,13.2,1,2,0,0,2,2,15.06
4.67,3,46.7,23,6,1,0,0,2,6.33
2.75,3,14.7,9,0,0,0,2,1,13.86
7.82,2,31.1,20,2,0,0,1,2,17.18
7.74,1,53.0,12,2,0,0,1,2,10.45
3.82,2,28.7,16,0,0,3,1,2,8.62
9.88,2,30.2,8,6,1,0,2,3,24.16
9.88,2,70.6,13,3,0,0,0,2,9.35
4.37,4,14.9,8,5,1,0,1,1,21.25
3.74,1,51.6,22,5,1,0,1,2,4.87
5.22,1,32.7,4,5,1,0,2,1,13.01
9.2,4,26.6,9,3,0,0,0,1,21.82
19.06,3,24.2,20,1,0,0,1,2,49.66
9.08,1,46.7,13,0,0,0,1,1,16.96
3.18,1,39.0,15,1,0,0,1,0,6.91
8.07,2,64.5,16,5,1,0,0,1,8.55
7.15,1,48.1,4,3,0,0,1,1,13.05
6.91,2,70.8,0,0,0,0,0,2,6.32
2.81,4,8.8,21,0,0,0,2,2,21.66
8.05,3,52.8,8,0,0,0,0,2,10.3
6.58,3,17.1,10,1,0,0,2,3,25.49
3.09,2,30.0,17,2,0,1,1,1,8.57
16.39,2,57.1,8,2,0,1,0,1,19.4
2.87,2,69.2,17,5,1,1,0,3,2.7
8.67,1,48.8,12,2,0,0,1,2,12.29
6.11,2,35.9,19,6,1,1,1,2,12.29
5.39,3,24.3,9,0,0,0,1,2,14.55
13.2,2,67.5,8,3,0,0,0,1,12.8
11.15,2,37.7,19,1,0,0,1,2,21.42
6.13,4,11.7,9,1,0,1,1,1,34.04
3.97,3,17.7,11,3,0,0,1,1,15.43
5.02,4,13.3,18,2,0,1,1,3,23.61
5.62,2,27.6,16,5,1,1,1,1,16.38
11.26,2,55.0,12,4,0,0,0,0,13.16
8.29,3,16.1,8,3,0,0,1,1,37.06
11.47,2,61.1,18,2,0,0,0,1,11.2
2.74,2,24.1,7,0,0,0,2,2,7.53
12.01,3,19.4,21,3,0,0,1,0,43.99
14.27,1,95.7,7,2,0,0,0,3,9.63
4.14,4,6.9,18,1,0,3,1,1,37.95
10.47,2,27.5,11,4,0,3,1,3,25.96
13.61,1,46.6,7,4,0,0,1,1,27.51
4.7,4,21.8,11,4,0,1,0,0,12.95
3.28,2,23.1,8,2,0,0,2,1,12.26
7.64,2,62.2,6,2,0,0,0,1,8.24
1.82,4,9.7,8,0,0,0,1,2,12.58
11.92,2,62.8,20,4,0,1,0,2,12.23
3.81,2,45.5,5,6,1,0,1,3,5.83
5.75,4,26.1,22,1,0,1,0,3,13.75
9.89,2,28.5,0,5,1,1,1,1,25.01
9.16,1,75.2,16,4,0,0,0,1,7.86
9.72,2,35.6,19,3,0,0,1,1,21.78
4.13,4,29.0,21,3,0,0,0,0,9.1
8.02,2,59.3,7,1,0,1,0,1,8.6
10.82,2,32.0,17,2,0,3,1,3,20.51
4.61,1,47.4,6,5,1,0,1,1,8.65
17.06,2,34.6,10,6,1,0,1,2,32.92
5.91,4,10.5,17,4,0,1,1,3,32.45
1.72,2,24.4,10,5,1,0,2,0,5.61
5.89,4,28.7,9,3,0,0,0,2,12.92
13.51,2,31.5,6,1,0,0,1,2,27.59
3.65,2,59.8,4,6,1,1,0,2,3.87
3.46,2,27.4,6,6,1,0,1,0,9.42
8.4,3,45.5,20,0,0,0,0,2,11.15
3.27,2,36.9,0,3,0,1,1,2,5.36
3.18,3,13.7,17,3,0,2,2,2,15.97
3.95,4,12.4,18,4,0,1,1,2,20.44
15.49,1,36.1,15,2,0,0,2,2,29.89
8.93,3,20.4,17,3,0,1,1,1,33.97
6.93,1,37.2,16,3,0,0,2,3,13.98
4.11,3,17.5,12,6,1,0,2,1,16.81
10.75,3,17.6,10,4,0,1,1,1,45.71
9.45,4,12.3,21,2,0,0,1,0,50.09
16.1,3,20.2,22,5,1,0,1,0,54.28
3.62,1,50.7,16,0,0,1,1,3,5.08
3.33,1,89.6,7,5,1,0,0,2,2.42
1.75,1,34.5,12,6,1,1,2,3,3.66
9.05,3,15.1,13,0,0,0,2,3,38.47
7.71,3,15.3,18,0,0,1,2,1,38.45
5.26,4,33.5,17,0,0,0,0,2,8.96
1.73,2,64.8,13,2,0,0,0,1,1.57
14.4,2,43.1,17,0,0,0,1,3,23.59
7.48,1,29.9,1,4,0,0,2,2,17.1
12.83,3,13.2,18,4,0,1,2,0,71.94
13.51,3,43.2,8,4,0,0,0,1,21.09
8.9,1,48.5,16,6,1,0,1,2,13.43
9.66,2,30.7,6,0,0,0,1,1,23.63
4.51,1,54.3,6,4,0,0,1,2,5.58
7.13,2,64.8,2,6,1,0,0,1,7.06
11.64,2,66.5,20,4,0,0,0,2,10.85
3.96,2,63.0,15,1,0,0,0,0,4.62
11.18,3,21.1,10,0,0,1,1,2,33.73
10.78,4,9.3,18,4,0,1,2,1,79.42
10.62,1,43.6,16,5,1,0,1,1,20.95
6.84,4,9.3,16,2,0,0,1,1,45.86
4.15,3,10.1,13,4,0,1,2,1,27.96
17.0,1,53.7,0,1,0,1,1,3,24.43
13.91,4,10.8,8,2,0,0,1,0,82.44
6.93,1,36.9,6,2,0,2,1,1,15.67
7.72,1,81.8,16,5,1,0,0,0,7.05
5.68,3,16.9,8,6,1,0,1,1,23.19
1.85,3,14.0,12,6,1,0,2,0,9.37
6.33,2,15.9,10,5,1,2,2,1,29.02
8.94,1,81.5,7,6,1,0,0,1,8.48
4.69,2,68.4,22,5,1,0,0,2,4.36
5.5,3,22.7,21,6,1,0,1,0,17.88
5.47,2,37.0,5,3,0,0,1,2,10.31
7.18,1,67.5,19,1,0,1,0,1,7.22
5.82,2,26.1,13,6,1,3,1,1,16.79
3.82,3,17.9,18,1,0,3,1,1,15.32
7.17,3,20.7,7,4,0,1,1,2,21.41
8.68,4,6.2,6,6,1,1,2,2,77.23
7.56,4,10.4,20,1,0,3,1,1,45.07
1.73,4,8.8,20,2,0,0,1,3,12.75
9.62,1,28.2,12,2,0,0,2,2,23.46
3.1,4,15.0,20,4,0,0,1,1,13.99
8.6,4,14.9,17,2,0,0,1,0,40.72
8.81,2,30.9,7,6,1,2,1,2,19.95
2.35,3,26.8,9,4,0,0,1,2,6.18
10.97,3,18.4,6,5,1,0,1,0,42.46
16.91,3,17.2,18,3,0,1,2,3,67.01
5.6,3,11.1,23,1,0,2,2,1,33.97
8.6,2,64.1,14,1,0,0,0,1,9.55
5.02,1,40.1,16,1,0,2,1,2,9.05
3.07,4,30.5,18,3,0,0,0,1,6.68
11.57,4,14.5,8,1,0,0,1,2,52.19
8.72,4,28.9,9,5,1,0,0,1,20.84
4.33,4,25.1,11,3,0,0,0,0,11.76
3.16,2,31.1,15,3,0,0,1,1,8.44
17.42,3,32.5,19,4,0,2,0,1,36.93
2.63,3,43.5,8,5,1,0,0,1,4.04
9.42,1,48.1,12,0,0,0,1,2,13.16
7.41,1,43.7,18,6,1,0,1,1,14.9
10.33,1,29.7,5,0,0,3,2,2,24.36
14.9,1,53.2,13,4,0,0,1,2,20.05
0.82,2,26.7,7,4,0,0,2,2,1.97
3.41,2,36.4,14,4,0,0,1,1,7.93
6.21,3,36.9,18,1,0,3,0,1,10.36
15.56,3,19.9,8,6,1,3,1,1,58.43
5.16,1,50.4,19,6,1,0,1,2,7.7
4.56,4,16.7,9,2,0,0,1,2,17.65
1.24,4,5.0,7,4,0,2,2,1,16.09
4.28,2,60.5,12,3,0,1,0,2,4.5
9.24,1,35.8,20,0,0,2,1,2,18.18
6.24,1,48.7,4,1,0,0,1,1,11.71
4.21,3,14.8,9,5,1,3,2,2,18.21
17.54,1,55.4,16,2,0,0,1,3,23.63
5.58,3,39.6,10,0,0,0,0,0,8.64
7.18,3,17.3,4,0,0,0,2,0,29.57
4.04,4,8.8,9,0,0,0,2,1,28.6
3.05,4,23.3,19,3,0,1,0,1,7.58
9.95,2,62.5,22,3,0,0,0,0,10.18
2.02,2,27.0,2,3,0,0,2,0,5.68
8.79,3,21.5,15,2,0,0,1,1,30.94
0.8,2,49.2,5,6,1,3,0,0,1.5
8.08,2,36.0,17,0,0,0,1,1,18.78
3.27,1,42.5,0,4,0,0,1,0,6.82
3.75,1,28.4,0,2,0,0,2,2,9.52
5.61,4,26.9,18,3,0,1,0,2,12.18
2.89,2,38.1,4,3,0,0,1,2,5.14
1.63,4,31.6,9,3,0,0,0,3,3.35
5.96,2,61.4,22,6,1,0,0,0,6.32
10.24,2,48.7,23,5,1,2,0,1,13.29
7.63,4,6.1,7,1,0,2,2,2,76.09
12.35,4,25.2,14,5,1,0,0,0,30.65
1.8,2,32.8,14,0,0,0,1,2,3.85
5.19,2,36.2,12,4,0,0,1,1,11.37
6.81,3,22.4,21,0,0,1,1,2,19.73
3.75,2,36.9,18,2,0,0,1,3,7.52
6.99,4,12.4,18,1,0,0,1,2,35.38
11.97,4,26.1,8,2,0,0,0,1,26.73
8.94,2,52.0,11,6,1,2,0,2,10.83
12.94,1,43.2,13,6,1,0,1,0,24.94
7.89,4,11.0,9,3,0,0,2,3,47.09
6.26,3,42.4,5,3,0,1,0,1,9.95
14.99,3,49.0,6,4,0,0,0,3,16.36
7.15,1,41.3,7,0,0,1,1,2,11.85
16.82,2,65.3,8,2,0,0,0,1,16.44
11.11,2,24.7,8,5,1,0,2,2,30.48
4.32,2,55.9,8,3,0,1,0,1,5.46
5.88,2,33.8,12,4,0,0,1,2,11.98
14.92,2,71.2,13,4,0,0,0,2,12.65
12.35,4,8.2,9,2,0,0,1,1,89.67
10.15,3,17.2,20,0,0,3,1,1,41.08
9.53,2,30.2,14,1,0,1,2,3,24.31
2.69,2,34.9,18,6,1,0,1,1,5.78
3.15,2,66.1,21,4,0,0,0,1,3.37
7.67,3,51.0,7,6,1,0,0,2,9.65
3.8,2,38.6,11,2,0,0,1,2,6.91
5.64,1,48.5,11,3,0,0,1,2,7.97
5.39,3,44.8,10,1,0,0,0,0,7.53
9.25,4,18.9,0,1,0,1,0,1,33.33
7.84,1,78.9,19,0,0,0,0,1,6.03
11.82,2,71.6,6,2,0,0,0,3,9.18
7.93,2,32.6,23,0,0,0,1,1,20.3
7.58,3,18.3,18,4,0,0,1,2,27.38
6.66,2,22.1,15,4,0,0,2,0,24.57
12.84,1,49.2,7,5,1,0,1,2,18.0
6.71,2,32.0,13,6,1,0,1,0,17.08
4.23,3,50.9,8,2,0,0,0,3,4.87
9.79,2,37.0,8,3,0,0,1,2,18.88
6.22,2,31.8,19,5,1,0,1,2,13.18
11.04,2,63.4,10,5,1,0,0,2,11.02
13.61,1,87.5,12,4,0,0,0,2,10.88
5.89,3,20.8,19,4,0,0,1,2,17.58
13.34,2,61.6,5,3,0,1,0,2,14.11
11.2,2,43.2,15,5,1,0,1,3,18.3
4.72,2,22.7,15,1,0,2,1,1,16.76
3.85,1,52.5,11,6,1,0,1,2,5.42
3.64,2,44.3,19,2,0,0,1,3,5.55
3.1,1,51.5,21,6,1,0,1,1,5.62
12.62,2,66.2,12,1,0,0,0,2,10.73
5.94,1,47.8,12,0,0,0,1,1,10.85
16.19,2,34.6,13,3,0,0,1,1,40.42
4.36,4,9.3,17,2,0,1,1,1,30.78
4.9,3,19.4,17,3,0,1,1,1,17.37
9.0,2,37.7,8,3,0,0,1,3,16.74
15.72,1,42.4,4,1,0,0,1,1,31.53
4.76,3,43.8,21,1,0,0,0,1,6.84
10.49,3,17.8,8,0,0,0,2,2,39.54
6.69,2,31.0,16,2,0,0,1,0,17.62
9.06,3,28.6,19,3,0,0,1,2,22.32
4.0,2,33.9,9,6,1,0,1,2,8.36
9.88,1,48.4,16,5,1,0,1,1,16.51
5.65,2,69.1,6,6,1,0,0,3,5.43
5.04,2,35.1,22,0,0,0,1,2,10.58
6.53,1,50.1,3,3,0,0,1,1,11.22
9.38,2,21.9,12,6,1,0,2,2,29.84
6.05,3,9.2,14,0,0,0,2,1,42.42
5.07,4,6.9,18,3,0,0,2,2,43.91
6.17,1,54.1,6,1,0,0,1,2,8.11
6.08,2,38.4,12,4,0,0,1,1,12.94
8.95,4,6.8,9,0,0,0,1,0,84.96
5.28,4,31.1,9,0,0,0,0,2,9.46
5.2,3,46.6,18,4,0,0,0,2,6.91
4.02,1,77.1,0,1,0,0,0,0,3.65
9.28,2,32.1,18,0,0,0,1,1,23.41
7.24,2,34.6,18,1,0,0,1,0,17.63
12.8,3,19.4,20,6,1,0,1,0,52.2
11.89,2,29.3,16,6,1,1,1,2,26.69
7.67,1,76.4,9,6,1,0,0,1,7.24
6.29,3,42.1,11,6,1,0,0,1,8.78
6.7,3,13.1,22,5,1,0,2,2,33.64
4.55,4,10.1,20,3,0,0,2,1,31.02
4.05,3,46.1,12,5,1,0,0,2,5.08
3.68,1,51.6,21,6,1,0,1,2,5.32
5.98,4,25.6,19,3,0,0,0,0,13.9
0.93,2,66.1,20,4,0,0,0,1,1.5
15.38,3,13.0,17,6,1,2,1,1,80.93
17.88,4,8.8,19,2,0,3,1,1,138.66
3.42,2,33.4,20,6,1,0,1,1,7.55
17.72,2,59.3,5,1,0,1,0,1,20.59
3.45,1,43.6,22,6,1,0,1,0,6.52
6.73,3,20.7,9,2,0,0,1,1,23.77
8.37,2,24.8,12,2,0,0,2,2,22.75
7.08,3,17.8,18,1,0,3,1,2,24.65
4.75,1,50.0,17,6,1,0,1,0,8.94
4.61,4,28.3,20,2,0,0,0,0,10.82
10.56,2,38.1,11,0,0,1,1,3,19.23
13.01,1,50.1,10,6,1,0,1,1,22.45
1.91,1,32.0,1,3,0,0,2,1,4.96
7.75,3,31.4,12,5,1,2,0,1,14.51
9.42,2,42.1,17,4,0,0,1,3,16.68
7.44,2,58.4,9,6,1,0,0,1,8.16
2.61,1,90.2,12,1,0,0,0,2,1.97
9.0,4,6.3,8,4,0,0,2,1,96.9
12.03,2,29.8,18,5,1,1,1,2,26.49
3.98,3,15.4,4,3,0,2,1,2,16.84
4.72,3,50.3,17,4,0,0,0,2,6.59
7.52,3,23.3,10,1,0,0,1,0,23.51
6.4,4,16.4,2,4,0,0,1,1,25.57
4.74,3,21.1,19,2,0,0,1,1,17.23
3.04,3,15.7,13,2,0,0,1,0,14.0
4.99,4,9.1,15,3,0,1,2,2,35.01
1.38,1,78.6,17,6,1,1,0,2,1.5
9.52,1,34.4,16,2,0,0,2,0,26.02
4.28,3,18.7,17,4,0,0,2,2,15.64
10.39,4,22.5,18,0,0,0,0,1,28.44
5.83,2,19.1,15,4,0,0,2,1,23.82
7.26,2,22.9,10,0,0,2,2,3,22.04
2.18,4,9.1,8,4,0,0,1,1,16.78
9.92,2,64.0,20,0,0,0,0,0,10.11
23.65,2,32.4,22,6,1,1,1,1,58.53
5.3,2,73.2,10,0,0,0,0,3,4.61
7.18,2,59.9,6,1,0,0,0,0,7.88
7.72,3,18.7,8,1,0,0,1,2,27.67
2.77,1,41.1,17,5,1,3,1,2,4.38
3.32,1,48.6,7,4,0,1,1,3,5.06
9.11,3,44.3,18,2,0,0,0,1,14.68
3.98,4,24.8,21,1,0,0,0,1,10.19
5.79,3,17.0,22,0,0,0,2,2,21.0
7.27,2,36.3,0,4,0,0,1,1,17.15
9.3,1,27.9,22,2,0,0,2,1,31.45
5.99,3,19.9,18,4,0,0,1,2,20.68
6.09,1,38.9,5,0,0,0,2,2,11.0
21.59,4,14.8,11,1,0,0,1,0,94.22
11.35,1,50.8,17,1,0,0,1,3,16.73
5.39,2,34.5,22,3,0,0,1,2,10.29
6.13,1,39.3,7,3,0,0,2,1,13.15
17.13,1,73.5,6,5,1,1,0,1,14.85
9.32,2,29.3,12,5,1,1,1,1,24.32
12.18,1,33.8,22,5,1,1,2,3,24.88
5.3,1,31.2,22,4,0,0,2,2,13.22
4.93,3,23.6,8,4,0,0,1,1,16.18
14.85,4,22.0,9,2,0,2,0,2,40.19
6.41,2,34.0,20,5,1,0,1,2,12.64
6.35,4,11.1,17,1,0,0,1,2,34.63
5.09,1,43.5,22,5,1,0,1,0,9.48
11.91,3,16.9,20,1,0,0,2,1,52.08
7.49,3,15.8,8,5,1,2,1,1,34.37
3.18,2,61.2,18,3,0,0,0,1,3.59
4.74,2,32.0,3,0,0,0,1,1,11.35
13.33,3,16.6,19,0,0,2,1,1,53.5
7.59,2,30.3,15,5,1,0,1,0,21.23
11.98,4,17.4,22,3,0,0,1,2,46.16
8.42,3,41.4,22,4,0,0,0,1,12.72
3.48,4,9.3,3,5,1,1,1,0,24.61
8.96,1,92.8,7,6,1,0,0,3,6.3
6.5,2,38.4,13,5,1,0,1,2,12.11
4.82,1,47.3,20,6,1,0,1,0,8.41
5.09,2,18.2,19,6,1,2,2,3,20.54
11.8,1,47.6,22,1,0,0,1,1,22.69
7.74,3,22.5,16,1,0,0,1,1,23.38
7.43,2,29.2,8,5,1,1,1,0,20.17
15.68,2,63.3,1,1,0,1,0,2,14.3
4.32,4,17.0,8,0,0,0,1,3,16.07
6.32,4,9.5,17,4,0,1,1,1,47.69
4.56,2,60.3,21,6,1,0,0,1,4.78
8.86,4,9.7,9,5,1,0,1,1,56.54
7.51,2,67.3,20,0,0,0,0,2,7.02
5.37,2,77.4,11,4,0,0,0,3,4.44
5.79,3,21.1,9,3,0,0,1,0,20.02
11.15,1,44.4,13,4,0,0,1,1,24.18
12.78,2,58.8,12,6,1,0,0,1,15.02
4.72,3,37.5,21,0,0,1,0,1,7.94
24.22,2,60.2,12,1,0,0,0,0,26.89
2.72,3,45.1,9,0,0,0,0,2,4.06
3.39,3,46.5,19,3,0,0,0,0,5.29
5.63,1,88.2,23,1,0,0,0,2,3.85
4.17,3,30.7,16,0,0,2,0,0,8.66
3.85,4,16.2,8,1,0,0,1,1,17.62
12.6,2,19.1,8,6,1,1,2,1,50.17
9.04,2,23.3,3,3,0,0,2,1,30.35
7.05,1,76.0,4,4,0,0,0,1,6.26
4.84,3,43.5,21,4,0,0,0,1,6.78
3.48,1,93.5,5,6,1,0,0,3,2.62
3.38,2,56.0,13,6,1,1,0,1,4.34
12.57,3,15.2,17,2,0,1,1,0,56.81
12.28,2,19.7,19,1,0,1,2,1,47.88
5.71,3,9.4,7,5,1,2,2,1,43.27
2.56,4,12.4,11,3,0,0,1,1,13.82
9.49,2,30.2,8,0,0,1,1,1,25.47
5.73,1,78.7,8,5,1,0,0,1,5.22
11.42,4,11.9,9,0,0,0,1,3,58.96
3.34,1,54.3,15,2,0,0,1,2,4.34
7.02,1,54.5,0,0,0,0,1,2,8.49
3.14,3,24.8,11,6,1,0,1,1,9.32
4.25,2,23.4,7,3,0,0,2,2,13.02
4.18,1,48.9,22,3,0,0,1,1,7.58
5.66,2,32.6,15,6,1,0,1,2,12.08
13.17,4,11.8,20,4,0,0,1,0,84.42
7.24,1,68.3,7,1,0,1,0,0,7.39
10.37,2,71.6,18,1,0,0,0,2,9.19
6.98,1,51.1,11,0,0,0,1,2,9.21
5.19,3,21.0,7,1,0,0,1,2,17.21
1.56,2,29.1,18,6,1,1,1,1,4.07
3.46,3,22.7,18,2,0,0,1,0,11.24
6.67,3,16.2,23,1,0,0,1,0,27.56
7.37,1,67.7,18,5,1,1,0,1,7.32
11.44,1,48.1,7,6,1,0,1,2,16.5
2.11,3,24.4,9,0,0,0,1,1,6.64
19.58,1,49.8,12,1,0,0,1,2,27.62
1.54,3,41.9,6,5,1,0,0,1,2.29
6.42,3,18.5,18,3,0,1,1,1,25.18
4.62,2,20.5,14,3,0,3,2,2,15.13
3.5,1,66.3,21,4,0,1,0,1,3.69
15.14,3,13.4,15,6,1,0,2,3,72.88
4.74,4,10.8,14,4,0,0,1,1,28.59
1.99,3,21.2,4,4,0,0,1,1,6.51
2.84,2,18.3,7,4,0,1,2,1,12.09
12.23,4,26.4,19,1,0,0,0,1,28.07
2.94,3,37.3,23,6,1,2,0,2,4.57
2.44,1,86.4,11,6,1,0,0,3,1.63
7.45,1,43.0,18,5,1,0,1,0,14.87
5.63,1,29.2,16,0,0,0,2,0,16.33
8.67,3,46.0,22,1,0,1,0,3,12.89
5.21,3,14.3,8,0,0,0,2,2,23.42
10.02,1,49.2,14,0,0,0,1,1,18.8
2.65,4,24.5,11,0,0,1,0,1,6.84
2.3,1,87.0,14,0,0,0,0,2,1.75
7.85,2,34.2,8,3,0,0,1,2,15.37
5.64,3,25.1,13,5,1,0,1,2,14.26
5.03,3,42.9,16,0,0,2,0,3,7.21
9.49,2,14.6,5,1,0,2,2,1,51.93
21.15,3,41.1,18,0,0,0,0,1,32.17
2.34,3,21.9,17,3,0,0,1,1,8.1
13.44,3,18.2,20,1,0,0,1,0,54.91
9.72,3,16.7,11,6,1,0,2,2,36.09
4.89,1,80.3,4,5,1,0,0,1,4.27
15.78,2,60.1,12,2,0,0,0,0,17.51
2.85,4,25.0,6,1,0,1,0,3,6.84
8.49,3,36.8,16,6,1,2,0,1,16.06
5.93,2,31.4,3,3,0,1,1,2,13.04
4.89,1,90.0,10,5,1,0,0,2,3.42
3.14,1,40.1,5,3,0,1,1,0,6.71
25.89,1,51.2,0,4,0,0,1,1,47.74
4.87,2,32.2,22,2,0,0,1,1,12.97
1.09,2,39.1,23,0,0,0,1,2,1.94
10.64,2,35.7,14,6,1,1,1,2,19.96
8.07,2,58.8,8,3,0,0,0,0,9.13
5.59,4,25.5,20,4,0,1,0,1,13.55
5.26,3,43.3,21,4,0,0,0,1,7.36
6.34,2,23.6,19,5,1,0,2,1,22.92
10.69,1,44.1,14,0,0,0,1,1,20.66
8.13,2,23.0,4,6,1,0,2,2,23.77
8.92,1,48.8,5,6,1,1,1,2,13.08
8.92,4,26.9,20,6,1,0,0,1,19.05
10.97,2,39.3,20,5,1,0,1,2,21.28
12.79,3,25.2,11,1,0,0,1,3,33.05
4.3,4,15.7,9,2,0,0,1,3,18.66
7.44,1,76.5,16,0,0,0,0,0,6.35
12.45,2,59.0,18,5,1,0,0,1,13.76
4.28,2,47.3,17,0,0,2,0,1,6.24
14.06,1,46.6,16,1,0,1,1,2,20.34
4.26,2,32.1,8,1,0,0,1,0,10.75
8.31,1,60.1,8,3,0,0,1,3,9.93
5.65,4,10.3,17,1,0,0,1,2,34.42
5.09,3,16.0,18,1,0,1,1,0,22.88
8.67,3,21.6,6,2,0,0,1,1,28.99
12.85,2,32.1,7,5,1,0,1,0,29.08
5.57,3,24.4,17,5,1,0,1,1,16.3
13.51,1,85.0,10,6,1,1,0,3,9.19
4.16,1,89.9,15,6,1,0,0,2,3.08
12.96,2,61.9,16,2,0,1,0,2,14.37
7.11,4,9.0,18,2,0,0,1,0,52.98
8.02,3,12.4,18,0,0,2,2,3,40.58
3.07,2,57.7,9,6,1,1,0,1,3.73
4.96,1,33.1,14,2,0,1,2,3,10.81
6.55,2,31.0,6,2,0,0,1,1,17.03
12.05,3,50.0,19,4,0,0,0,2,14.08
5.85,3,20.5,19,2,0,3,1,2,18.58
3.94,3,16.7,9,0,0,2,1,1,16.34
7.63,2,35.2,7,5,1,0,1,2,14.84
18.33,3,49.8,4,4,0,0,0,3,23.01
8.13,1,80.4,15,6,1,0,0,1,7.59
5.81,1,43.2,5,0,0,0,1,0,11.45
7.67,4,16.0,17,0,0,0,1,2,33.31
3.76,3,18.0,17,4,0,0,1,2,13.78
14.54,2,21.1,16,4,0,0,2,0,58.77
14.4,3,17.7,20,4,0,0,1,2,46.37
3.66,3,10.8,10,4,0,3,2,1,24.5
14.2,3,28.4,20,0,0,0,1,3,34.99
7.72,1,87.9,2,4,0,0,0,2,5.45
9.83,2,23.9,6,1,0,2,1,0,31.53
6.64,3,16.7,11,5,1,0,2,3,26.67
6.94,1,41.5,15,6,1,0,1,1,14.93
4.5,2,32.4,2,2,0,0,1,2,8.7
3.7,4,9.9,15,6,1,0,2,2,23.19
3.57,2,36.2,9,6,1,1,1,2,6.85
12.26,2,28.3,20,6,1,0,2,3,30.51
7.42,1,52.2,14,2,0,0,1,2,10.47
3.81,2,47.1,15,5,1,0,1,3,5.86
7.06,3,47.6,21,1,0,0,0,2,8.93
2.08,3,17.8,18,5,1,0,1,2,7.2
3.76,1,30.7,12,0,0,0,2,1,10.45
12.94,1,32.5,12,0,0,2,1,0,31.66
4.81,1,51.0,16,2,0,0,1,1,8.35
12.05,2,40.6,8,3,0,0,1,2,21.36
6.31,3,44.1,5,5,1,0,0,1,8.86
9.87,3,15.4,9,6,1,0,2,1,45.25
3.17,4,17.0,18,1,0,0,1,3,11.93
9.03,2,27.3,8,1,0,1,2,3,23.68
1.26,1,79.2,6,2,0,0,0,1,1.5
5.09,4,11.0,8,6,1,0,2,3,30.45
13.33,2,32.5,17,4,0,0,1,0,31.86
6.8,2,53.2,16,5,1,1,0,0,8.45
3.64,3,49.4,17,3,0,1,0,3,4.8
12.7,2,63.1,9,0,0,1,0,2,13.13
19.57,4,26.7,20,0,0,0,0,2,41.64
5.72,3,50.3,12,0,0,0,0,2,7.01
2.19,1,67.3,13,0,0,1,0,0,1.87
6.86,4,12.3,21,1,0,0,2,2,35.98
10.22,2,21.8,23,1,0,1,2,1,38.63
5.91,2,33.1,16,4,0,1,1,2,11.95
1.41,3,16.0,21,1,0,0,1,1,6.39
9.63,1,47.4,14,4,0,0,1,2,14.79
4.17,1,65.5,9,6,1,0,1,3,4.86
5.04,3,44.2,9,4,0,0,0,1,6.67
2.27,3,17.0,14,6,1,2,1,1,9.47
1.01,2,70.3,15,0,0,0,0,2,1.5
3.09,3,29.2,12,0,0,0,1,2,7.09
4.77,1,42.5,20,1,0,3,1,2,7.93
4.7,2,23.8,11,6,1,0,2,1,16.33
14.91,3,20.7,9,1,0,0,2,3,51.75
3.36,1,34.6,0,4,0,0,2,2,7.26
11.47,2,24.4,22,2,0,1,1,0,37.14
7.27,3,18.6,19,0,0,0,1,1,27.32
16.13,1,82.6,16,6,1,0,0,1,13.27
6.37,2,25.3,19,3,0,2,1,1,19.24
1.54,4,31.2,18,2,0,0,0,2,3.11
6.03,3,34.0,21,0,0,1,0,0,10.74
1.06,3,25.9,10,0,0,0,1,2,2.62
3.05,3,25.9,14,1,0,0,1,2,8.3
6.09,1,30.3,5,3,0,1,2,1,17.88
6.18,2,35.9,22,5,1,0,1,1,13.47
11.25,4,7.6,23,3,0,0,1,0,105.42
8.6,3,23.2,18,0,0,1,1,2,23.02
15.25,2,31.5,12,5,1,0,1,3,32.67
11.25,1,33.3,13,5,1,0,2,2,25.73
10.47,4,23.5,11,4,0,0,0,0,30.01
18.67,4,7.6,9,3,0,1,2,1,170.94
10.94,1,27.0,14,2,0,0,2,1,34.53
13.83,2,57.6,3,4,0,1,0,2,15.7
2.09,1,53.0,23,1,0,0,1,2,2.91
5.49,3,23.4,11,0,0,1,1,3,14.37
8.39,3,17.3,21,0,0,0,2,2,32.78
6.98,2,66.5,17,2,0,0,0,2,6.45
4.08,3,17.6,9,2,0,1,1,0,16.3
10.54,3,14.6,8,5,1,2,1,1,47.4
11.98,1,75.8,23,1,0,0,0,1,10.49
6.34,3,11.5,18,1,0,1,2,0,39.21
5.67,3,20.0,8,5,1,0,1,1,22.47
4.84,2,36.8,4,5,1,0,1,3,8.76
10.79,4,23.7,17,3,0,2,0,2,28.43
5.59,3,34.9,9,4,0,2,0,1,9.89
6.85,4,16.3,8,0,0,0,1,1,25.57
13.01,3,42.9,17,3,0,0,0,0,18.99
7.92,3,16.4,17,1,0,0,2,0,39.24
6.85,2,35.3,13,2,0,0,1,1,15.06
4.58,3,14.9,21,3,0,0,2,1,22.67
6.62,4,13.0,17,2,0,0,1,0,38.36
4.16,1,53.5,20,5,1,0,1,2,5.95
7.63,4,11.6,7,4,0,0,2,3,42.99
4.96,1,35.6,9,6,1,2,1,1,11.41
5.38,2,39.3,5,2,0,0,1,2,10.08
6.65,1,47.5,9,6,1,0,1,1,12.37
16.33,2,39.2,22,6,1,0,1,2,30.1
8.3,1,31.8,22,0,0,2,1,0,19.77
3.07,2,37.1,18,4,0,0,1,1,6.8
5.59,2,31.3,14,2,0,0,1,1,14.71
4.65,3,31.4,18,3,0,2,0,1,8.87
4.52,1,42.1,14,0,0,0,2,3,7.63
4.63,4,7.3,0,0,0,0,2,1,42.68
5.69,1,78.8,13,1,0,0,0,1,4.54
4.23,2,27.1,15,1,0,3,1,1,11.81
4.24,4,30.3,8,3,0,0,0,2,7.97
4.67,3,22.3,8,5,1,2,1,2,13.42
4.52,3,24.1,9,1,0,0,1,3,12.94
3.82,1,88.2,16,2,0,0,0,2,2.79
9.39,2,32.1,7,5,1,0,1,1,21.55
5.23,2,45.9,17,1,0,2,0,1,7.33
5.86,3,41.5,11,0,0,0,0,0,9.35
5.58,4,31.9,10,3,0,0,0,3,10.88
4.41,2,19.5,18,2,0,0,2,2,15.95
3.72,2,36.8,13,0,0,0,1,2,6.85
9.91,3,21.8,10,0,0,0,1,1,32.67
3.87,2,27.2,20,4,0,1,1,1,11.18
3.99,2,35.6,10,1,0,0,1,2,7.98
11.61,2,39.2,19,6,1,0,1,2,20.37
4.72,3,49.1,13,5,1,0,0,2,6.16
6.62,3,45.7,8,2,0,0,0,2,8.84
5.41,1,48.3,16,3,0,0,1,1,9.27
6.46,2,73.7,9,3,0,0,0,2,5.41
14.66,1,42.3,7,3,0,0,1,1,30.13
4.16,4,17.1,5,4,0,0,1,2,15.57
9.4,2,64.5,8,2,0,0,0,1,9.32
9.89,3,18.3,17,0,0,1,1,2,34.06
9.48,2,64.8,19,5,1,0,0,1,9.27
14.3,3,24.7,19,4,0,0,1,2,38.43
1.45,1,39.7,8,5,1,2,1,2,2.69
2.56,1,29.8,16,5,1,1,2,2,6.26
3.67,4,17.9,8,1,0,2,0,0,11.79
4.89,1,45.6,16,0,0,0,1,1,9.49
7.71,4,30.4,20,3,0,0,0,2,14.84
3.8,1,97.7,2,1,0,0,0,3,2.34
3.78,3,17.8,23,2,0,0,2,2,15.52
7.01,3,19.8,19,2,0,0,1,1,25.84
8.79,1,44.1,18,6,1,0,1,1,16.53
6.55,2,64.1,17,6,1,0,0,1,6.68
9.05,3,47.4,18,5,1,0,0,2,12.02
2.21,1,70.9,23,6,1,0,0,0,1.83
4.23,3,46.8,18,4,0,1,0,3,5.72
3.55,3,42.0,10,2,0,0,0,1,5.67
4.72,1,50.4,16,6,1,0,1,2,6.3
6.34,2,36.5,10,3,0,1,1,2,10.73
1.85,1,53.3,22,4,0,0,1,2,2.35
4.69,3,20.0,20,4,0,2,1,2,14.76
4.21,3,46.4,15,3,0,0,0,1,6.11
2.35,3,20.1,18,2,0,1,1,2,8.06
9.17,2,73.8,20,1,0,0,0,2,8.03
6.52,3,21.8,8,4,0,0,1,2,18.78
4.74,3,9.3,15,1,0,2,2,1,34.4
15.75,2,17.6,13,1,0,2,2,2,55.52
2.51,1,45.0,18,6,1,1,1,1,4.79
16.24,2,28.5,10,1,0,1,1,0,43.59
5.66,1,27.0,17,5,1,0,2,0,19.26
3.99,2,30.8,11,1,0,1,1,2,8.52
4.82,2,25.4,6,3,0,0,2,1,16.47
5.14,4,13.9,6,6,1,0,1,1,25.44
17.44,3,46.7,6,0,0,0,0,1,22.47
7.73,2,23.1,2,2,0,0,2,1,26.83
3.18,3,48.7,14,0,0,0,0,2,3.92
9.88,2,29.9,17,5,1,0,1,0,27.82
5.17,3,55.5,6,0,0,0,0,3,5.92
0.8,1,31.4,16,4,0,0,2,1,1.92
9.74,1,82.7,15,0,0,0,0,2,7.8
9.89,3,40.1,7,0,0,0,0,1,16.67
5.35,2,38.6,11,3,0,0,1,2,10.16
4.37,3,19.0,18,1,0,0,1,1,16.7
10.46,1,32.2,0,0,0,0,2,1,29.02
4.22,2,40.8,7,0,0,0,1,3,7.3
11.79,2,40.1,23,5,1,0,1,3,20.53
4.29,4,13.2,17,4,0,0,1,1,22.52
6.07,3,24.4,12,2,0,0,1,2,15.52
8.2,1,35.9,16,4,0,2,1,2,16.51
7.23,3,10.5,19,2,0,0,2,0,47.22
4.06,4,10.2,19,2,0,1,1,3,26.07
7.93,3,12.2,9,2,0,0,2,1,45.19
9.61,2,77.0,13,3,0,0,0,3,8.14
3.29,1,31.3,16,3,0,0,2,2,8.03
8.33,2,37.2,4,1,0,0,1,2,15.78
5.95,4,11.7,21,2,0,1,1,2,33.01
3.44,4,13.3,11,3,0,0,1,2,16.88
7.73,2,25.9,10,6,1,0,2,2,20.14
10.23,3,53.7,20,3,0,0,0,3,11.11
4.54,2,35.1,6,5,1,0,1,1,11.17
7.97,2,21.3,2,5,1,1,2,1,29.67
5.14,2,33.6,17,6,1,1,1,3,10.98
9.11,3,27.2,10,5,1,0,1,2,23.65
11.31,2,28.9,18,0,0,1,1,0,29.02
7.5,2,76.1,4,6,1,0,0,2,5.92
9.56,3,54.0,10,2,0,0,0,3,11.19
10.52,4,26.1,8,4,0,1,0,2,24.3
4.52,1,33.7,18,5,1,0,2,2,9.17
5.09,3,41.4,8,0,0,1,0,1,6.9
8.08,1,90.1,12,3,0,0,0,3,5.95
12.73,4,6.9,19,3,0,0,2,2,113.38
2.92,3,13.1,21,3,0,1,1,0,16.89
8.59,3,23.6,17,3,0,0,1,3,24.6
12.15,3,21.1,11,4,0,0,1,2,38.04
5.84,1,46.5,15,1,0,0,1,1,11.01
6.44,3,19.7,17,1,0,0,1,1,22.33
6.35,1,96.3,20,2,0,0,0,3,4.43
6.14,1,50.3,20,6,1,0,1,1,11.39
3.97,2,29.3,21,6,1,0,1,1,10.73
5.98,2,47.6,18,5,1,2,0,1,7.18
4.06,1,52.7,7,3,0,0,1,2,5.85
9.2,4,6.5,18,2,0,0,2,1,77.55
1.99,3,15.4,19,4,0,0,2,1,9.13
10.29,4,6.9,20,2,0,0,2,2,95.49
11.19,4,14.6,21,1,0,0,1,1,51.4
7.19,1,47.7,13,1,0,0,1,2,11.37
15.55,3,56.0,16,6,1,0,0,3,16.86
8.27,1,88.3,0,5,1,0,0,3,5.85
7.72,2,64.1,15,1,0,0,0,1,7.77
1.91,1,37.9,12,2,0,2,1,1,3.74
11.58,1,43.2,22,6,1,0,1,1,24.43
3.69,2,24.9,20,3,0,0,2,2,10.73
3.4,1,35.0,18,0,0,0,2,0,8.78
7.36,3,13.2,3,1,0,2,1,0,35.84
4.07,3,23.2,11,2,0,0,1,2,11.19
5.79,1,69.4,17,0,0,2,0,3,4.81
12.09,1,22.7,1,1,0,2,2,1,43.07
14.55,2,19.3,8,1,0,2,1,0,55.82
4.54,1,59.2,20,4,0,0,1,3,5.38
5.93,3,40.9,6,1,0,0,0,1,8.55
20.04,1,31.7,3,6,1,1,2,2,44.37
14.47,3,23.3,15,0,0,0,1,2,38.83
10.64,2,24.1,21,0,0,0,2,1,34.91
4.06,4,27.8,19,3,0,0,0,2,9.31
4.59,3,44.7,22,6,1,1,0,3,6.1
10.58,2,33.6,18,0,0,0,1,2,21.47
1.71,3,40.9,11,2,0,1,0,1,2.52
11.68,3,44.6,21,2,0,1,0,2,16.24
13.32,1,47.6,11,5,1,0,1,0,23.96
5.42,1,76.5,10,5,1,0,0,1,4.8
14.68,2,34.2,12,5,1,0,1,2,28.76
8.48,3,17.0,19,1,0,0,1,1,33.63
3.07,2,59.4,21,3,0,0,0,0,3.68
6.97,4,14.0,10,1,0,0,1,1,32.52
4.33,3,41.7,12,3,0,1,0,1,7.02
7.49,2,33.6,20,6,1,0,1,1,17.35
2.92,1,76.6,3,4,0,0,0,0,2.76
15.3,3,48.7,18,3,0,0,0,2,17.73
9.12,1,46.3,12,4,0,1,1,2,13.59
5.06,3,41.9,10,5,1,0,0,1,7.22
7.61,3,28.4,12,6,1,0,1,2,18.62
6.49,1,88.7,11,6,1,0,0,3,4.24
15.6,1,54.2,18,6,1,0,1,3,22.01
6.42,4,7.3,21,4,0,0,2,0,61.34
7.36,1,31.0,13,6,1,0,2,2,16.11
2.63,2,29.6,19,1,0,0,1,0,6.49
7.46,4,7.9,17,2,0,1,1,0,59.1
8.3,3,15.9,9,3,0,2,1,0,34.79
3.38,3,22.4,15,1,0,0,1,2,9.83
9.84,2,39.0,17,4,0,0,1,1,20.58
1.57,2,29.8,1,4,0,1,1,0,4.17
5.91,2,34.0,11,6,1,0,1,1,13.73
2.56,2,32.4,23,0,0,1,1,2,5.67
6.8,1,54.5,16,0,0,0,1,2,9.4
5.22,2,19.6,9,3,0,0,2,2,17.13
8.63,2,36.2,8,2,0,0,1,1,19.81
6.37,3,13.2,8,0,0,0,2,1,32.92
8.5,2,24.1,11,5,1,1,1,0,24.8
6.89,1,48.1,7,6,1,0,1,2,10.41
12.0,2,26.3,6,5,1,0,2,1,40.53
11.05,2,34.0,10,4,0,0,1,1,26.88
4.19,1,92.6,15,6,1,0,0,2,2.99
11.5,2,58.0,7,1,0,0,0,0,13.76
8.26,1,35.2,2,2,0,2,1,1,19.4
12.63,2,20.3,2,3,0,1,2,1,48.46
3.47,4,19.7,8,1,0,1,0,1,11.12
2.91,3,43.6,7,3,0,0,0,1,4.3
2.95,1,75.4,14,1,0,0,0,0,2.83
14.65,2,62.2,12,6,1,0,0,1,16.37
12.77,2,27.0,9,1,0,0,2,1,39.21
11.05,4,22.1,19,2,0,1,0,1,32.17
2.69,3,18.5,13,3,0,1,1,1,11.29
11.12,2,64.4,5,0,0,0,0,2,10.08
2.81,3,16.0,9,1,0,1,1,0,11.32
0.81,2,55.1,22,5,1,0,0,0,1.5
5.15,1,78.5,23,1,0,0,0,1,4.93
6.0,2,34.5,8,5,1,0,1,1,13.36
13.67,2,38.5,7,0,0,0,1,2,24.04
3.43,3,18.9,13,2,0,1,1,1,13.49
20.88,2,68.6,13,2,0,0,0,2,20.53
7.47,4,10.6,11,2,0,1,1,1,47.64
6.24,2,36.1,14,4,0,0,1,2,11.85
6.22,4,18.0,8,4,0,3,0,1,19.63
2.9,2,32.8,6,2,0,1,1,2,5.75
5.43,2,27.8,15,2,0,1,1,1,14.7
7.79,2,21.7,21,0,0,0,2,0,28.41
11.25,3,40.9,6,4,0,0,0,1,18.45
5.3,3,17.1,17,5,1,0,2,1,24.31
7.42,1,34.0,12,6,1,0,2,0,19.35
10.3,2,57.0,9,6,1,0,0,0,11.21
5.2,3,20.5,19,3,0,0,1,2,16.76
11.66,1,49.7,12,2,0,0,1,2,16.37
9.17,2,31.6,15,2,0,0,1,0,24.0
10.64,2,43.3,12,2,0,0,1,3,17.45
1.81,1,51.0,5,1,0,0,1,3,2.67
5.59,1,27.9,15,4,0,1,2,1,17.97
4.45,2,67.0,11,3,0,0,0,1,4.71
1.51,2,64.6,5,1,0,0,0,2,1.5
16.87,2,29.0,15,1,0,0,2,2,39.37
11.1,1,44.7,0,6,1,0,1,1,20.76
2.32,3,17.5,8,3,0,0,1,1,9.32
13.94,3,20.9,18,3,0,0,2,2,44.39
6.48,1,38.2,2,3,0,2,1,1,14.01
8.68,2,22.9,16,3,0,2,1,2,25.57
4.54,3,17.0,22,5,1,0,2,0,21.5
11.61,1,48.2,7,3,0,1,1,2,16.6
6.34,2,53.1,11,5,1,2,0,2,7.62
8.96,1,53.7,15,2,0,0,1,3,12.66
12.31,1,24.7,12,5,1,2,2,1,39.67
9.65,1,70.7,16,5,1,3,0,2,8.32
5.22,4,10.8,11,3,0,1,1,1,32.93
6.36,3,48.7,7,3,0,0,0,1,8.03
10.83,1,40.3,5,4,0,0,1,1,23.82
0.8,2,36.9,18,2,0,0,1,2,1.5
5.66,3,16.6,8,6,1,3,1,2,23.03
6.71,3,46.8,19,1,0,0,0,1,10.0
7.98,2,58.0,18,2,0,2,0,3,8.8
4.54,2,58.4,3,0,0,0,0,0,5.22
6.29,3,16.8,8,3,0,0,2,2,23.08
7.44,2,24.0,9,1,0,2,1,2,21.0
7.36,1,69.9,15,0,0,1,0,0,6.65
7.21,3,9.4,18,5,1,0,2,0,49.36
5.32,1,21.9,4,1,0,2,2,0,19.3
7.64,3,44.9,8,2,0,1,0,3,11.17
13.49,1,41.4,10,6,1,2,1,2,21.64
6.35,2,58.0,7,5,1,0,0,0,7.55
7.58,1,42.0,14,0,0,2,1,2,13.68
6.28,3,21.5,12,5,1,1,1,1,23.15
13.1,2,19.8,9,5,1,2,1,0,46.27
5.67,1,62.5,13,5,1,0,1,3,7.13
3.74,3,40.4,10,3,0,0,0,1,6.34
9.84,3,20.1,10,3,0,1,1,2,30.71
5.5,3,19.6,8,0,0,0,2,3,19.64
9.53,2,34.9,14,2,0,1,1,2,18.35
4.96,3,21.0,12,6,1,3,1,3,15.9
3.2,1,67.8,7,0,0,1,0,0,3.48
6.47,1,53.7,0,2,0,0,1,3,8.27
2.5,1,45.6,7,1,0,0,1,0,5.0
7.88,2,32.7,2,6,1,0,1,1,18.89
10.54,1,38.2,11,2,0,0,2,3,20.58
17.59,3,16.3,8,0,0,0,1,2,69.79
4.83,1,58.8,11,0,0,0,1,2,6.11
4.14,2,36.1,9,1,0,0,1,1,8.6
10.4,3,47.3,14,5,1,1,0,3,13.73
10.0,3,45.2,17,6,1,0,0,1,13.59
10.36,2,42.0,13,0,0,0,1,3,18.89
17.74,2,41.6,4,4,0,0,1,3,28.72
6.71,2,35.3,0,5,1,0,1,1,16.83
19.74,1,87.1,8,6,1,0,0,2,15.04
5.38,1,29.4,11,6,1,0,2,0,16.1
4.37,3,19.2,2,0,0,0,1,2,14.26
4.11,4,25.4,9,4,0,0,0,1,10.31
3.95,4,19.4,20,0,0,2,0,0,12.76
18.21,3,20.7,5,0,0,0,2,3,58.86
12.72,4,22.6,21,1,0,2,0,2,33.28
17.31,3,18.2,19,5,1,1,1,1,66.53
1.73,4,12.6,19,4,0,1,1,2,9.1
2.8,1,44.5,19,6,1,0,1,1,5.15
5.51,3,24.5,5,1,0,0,1,2,16.26
5.0,2,21.7,7,4,0,1,2,2,17.07
7.6,2,20.0,6,4,0,0,2,1,29.85
6.81,1,46.5,6,6,1,0,1,1,12.86
3.38,3,23.5,9,6,1,0,1,2,8.69
4.67,3,25.9,19,3,0,0,1,2,11.45
5.71,2,33.5,8,4,0,0,1,1,14.08
3.04,4,6.0,8,1,0,3,1,1,31.62
6.17,1,46.8,17,1,0,0,1,1,10.06
3.18,1,44.5,5,2,0,0,1,0,6.18
6.06,2,22.7,10,5,1,0,2,2,18.35
3.72,3,41.9,9,5,1,0,0,1,6.57
11.1,2,36.4,19,5,1,0,1,1,23.97
8.46,1,45.9,13,0,0,0,1,0,15.82
8.34,2,39.9,16,3,0,0,1,2,14.85
9.9,2,39.1,6,0,0,0,1,2,18.44
8.72,4,28.5,21,1,0,0,0,2,18.54
11.14,4,10.3,9,3,0,0,2,2,71.29
7.23,4,13.5,17,4,0,0,1,2,33.55
9.82,2,29.1,22,6,1,1,1,1,27.74
8.2,3,10.4,13,5,1,0,2,0,56.97
8.16,3,16.2,13,1,0,0,2,3,35.33
2.38,3,23.8,6,6,1,1,1,2,6.84
3.43,4,9.5,10,1,0,0,1,2,22.67
7.65,4,13.5,19,1,0,0,1,1,41.19
4.13,1,43.2,6,1,0,1,1,2,6.19
6.35,4,24.4,21,3,0,0,0,1,14.64
4.78,1,51.7,17,6,1,1,1,3,7.28
4.89,4,8.2,11,0,0,0,2,1,41.9
6.79,1,41.8,14,0,0,1,1,0,13.02
5.61,2,24.1,7,5,1,0,2,2,16.57
13.8,3,36.2,8,4,0,2,0,2,25.3
2.55,4,22.9,9,1,0,1,0,1,8.02
9.12,1,78.2,10,6,1,0,0,1,7.82
10.14,2,30.6,21,6,1,0,2,3,21.96
14.32,1,80.5,10,5,1,0,0,1,12.7
6.89,2,28.6,14,1,0,0,1,0,18.63
9.57,1,53.3,7,5,1,0,1,2,12.16
13.7,3,25.9,17,0,0,0,1,2,33.57
4.54,1,43.6,14,6,1,3,1,3,7.32
3.73,3,18.0,12,5,1,1,1,1,13.82
7.07,3,46.3,21,4,0,0,0,2,8.99
5.78,2,27.8,20,5,1,1,1,0,16.48
9.68,2,68.7,16,2,0,0,0,2,9.02
2.67,3,45.2,21,3,0,0,0,1,4.06
13.21,1,75.2,15,6,1,0,0,0,12.56
7.69,1,64.0,19,6,1,3,0,1,8.88
5.68,1,53.4,11,5,1,0,1,2,7.85
6.63,2,23.8,5,6,1,0,2,1,18.95
11.5,1,52.1,23,5,1,0,1,1,20.07
8.82,1,45.9,7,0,0,0,1,1,18.24
6.56,4,33.3,8,3,0,0,0,2,12.83
5.87,1,27.6,7,0,0,1,2,2,14.99
6.03,3,13.7,10,4,0,0,2,1,30.94
9.45,3,14.7,9,1,0,0,2,1,45.6
5.59,3,21.5,15,2,0,1,1,3,17.35
9.05,2,39.4,23,3,0,0,1,2,14.48
3.81,1,37.8,3,2,0,1,1,1,9.06
4.22,3,16.5,18,1,0,1,1,0,18.28
6.51,2,52.3,6,0,0,1,0,0,7.51
5.84,1,62.4,1,4,0,1,0,1,5.93
4.38,3,10.9,16,1,0,1,2,2,24.1
3.16,2,37.5,20,2,0,0,1,1,6.95
3.99,3,38.2,7,6,1,2,0,3,6.39
15.0,3,11.1,10,2,0,0,2,1,94.03
4.37,1,60.4,7,2,0,2,0,1,4.94
1.34,4,7.8,20,0,0,0,1,1,11.23
6.81,2,36.1,8,6,1,0,1,1,14.5
4.37,2,70.3,12,5,1,1,0,3,3.92
5.51,1,55.7,20,2,0,0,1,3,7.12
10.73,1,79.3,14,0,0,0,0,1,8.76
5.76,1,93.0,21,6,1,0,0,2,3.87
5.37,2,69.2,21,2,0,0,0,2,5.04
4.54,1,84.6,12,3,0,0,0,1,3.69
5.63,1,32.1,15,5,1,0,2,1,16.37
8.19,3,20.2,8,6,1,0,1,0,29.69
1.89,1,35.2,23,6,1,1,1,0,4.32
2.85,4,22.9,9,3,0,1,0,1,7.7
8.3,2,23.1,18,5,1,0,2,1,26.91
6.74,2,27.2,9,1,0,2,1,0,17.93
4.68,3,54.6,9,1,0,0,0,3,5.55
8.57,3,23.0,5,5,1,0,1,1,28.3
5.2,3,35.8,14,4,0,2,0,2,9.73
10.64,3,51.3,8,2,0,0,0,2,13.66
4.56,2,32.8,7,2,0,3,1,2,8.84
3.75,2,61.6,8,0,0,0,0,1,4.51
22.42,2,67.4,8,5,1,1,0,3,21.06
9.48,1,46.7,13,6,1,0,1,1,16.46
4.07,3,45.7,10,1,0,1,0,3,5.39
5.23,2,57.1,4,5,1,0,0,0,5.6
4.58,3,23.2,14,3,0,0,1,0,14.98
2.21,4,30.4,18,0,0,0,0,2,4.58
5.42,1,34.2,15,3,0,0,2,2,10.98
7.14,2,32.9,22,0,0,0,1,2,14.84
13.42,3,40.8,5,1,0,3,0,2,21.4
6.17,2,63.2,19,2,0,1,0,2,6.72
4.94,3,12.2,13,5,1,1,2,0,30.68
14.33,1,41.3,14,2,0,1,1,2,24.27
12.68,1,35.0,13,1,0,2,1,2,26.99
7.12,1,38.4,9,5,1,1,1,0,16.06
6.73,2,22.9,9,6,1,2,1,1,21.05
8.14,1,66.2,16,3,0,2,0,2,7.23
4.53,2,33.5,2,4,0,0,1,0,11.08
6.57,1,59.9,15,4,0,0,1,3,7.77
4.42,3,20.1,17,1,0,0,1,2,13.8
12.91,2,62.1,10,6,1,0,0,1,13.76
3.87,3,52.8,8,0,0,0,0,3,4.77
7.43,4,10.0,8,2,0,1,2,3,46.4
7.63,2,39.6,5,3,0,0,1,2,12.22
13.49,3,47.8,5,4,0,0,0,1,18.43
4.91,1,69.3,7,2,0,2,0,2,4.49
4.31,1,45.6,1,1,0,0,1,1,8.2
9.19,3,23.7,8,2,0,0,1,2,25.08
8.53,2,31.5,9,5,1,0,1,1,20.4
17.53,3,16.6,23,4,0,0,2,0,79.58
7.19,2,30.7,23,6,1,0,1,0,17.93
12.77,1,86.0,7,3,0,0,0,2,9.5
12.01,4,32.2,8,0,0,0,0,3,20.2
4.29,2,20.0,13,0,0,1,2,1,17.6
2.44,1,34.6,7,5,1,1,2,2,4.99
5.48,4,24.1,13,6,1,0,0,1,12.57
10.41,2,49.1,11,5,1,2,0,1,14.95
13.61,2,21.2,9,2,0,0,2,0,51.7
0.8,4,22.9,19,0,0,0,0,2,1.96
3.85,3,48.0,19,4,0,0,0,2,4.87
8.14,1,24.3,23,6,1,2,2,1,25.36
9.41,3,20.1,8,3,0,0,2,2,30.47
3.49,4,18.6,20,0,0,0,1,2,12.0
4.41,1,80.0,14,0,0,0,0,1,3.81
2.09,2,18.0,15,1,0,1,2,2,7.51
15.26,3,25.9,20,0,0,0,1,3,38.28
7.46,3,30.3,21,0,0,2,0,0,15.57
4.38,2,39.5,17,4,0,0,1,3,7.71
12.31,1,26.8,10,6,1,0,2,0,42.06
7.46,2,61.9,13,0,0,0,0,1,7.14
13.48,2,38.5,16,1,0,0,1,3,24.07
14.52,2,37.1,19,1,0,0,1,2,28.57
3.5,1,31.8,16,5,1,0,2,1,10.84
12.71,4,9.8,10,1,0,0,1,1,81.48
12.46,3,16.7,11,0,0,0,1,1,53.24
8.58,3,16.7,3,5,1,0,1,1,36.03
8.97,2,28.1,21,2,0,0,1,0,22.23
7.16,2,60.6,5,2,0,0,0,0,7.39
3.07,1,35.4,15,4,0,0,2,2,6.72
2.9,2,38.0,20,6,1,0,1,2,4.84
15.6,2,29.5,11,2,0,1,1,2,37.73
7.45,3,18.0,18,4,0,0,1,0,29.2
5.7,4,11.3,18,4,0,0,1,2,31.14
9.27,3,25.1,3,5,1,0,1,3,25.32
4.27,4,11.6,11,1,0,2,1,3,24.77
5.1,2,39.1,17,3,0,0,1,2,10.51
6.76,4,22.1,11,4,0,1,0,0,18.4
4.7,4,20.7,14,6,1,0,1,1,16.78
8.77,1,49.6,15,0,0,0,1,1,15.72
6.15,3,14.5,7,1,0,0,2,2,28.38
8.73,4,13.1,11,0,0,0,1,3,46.8
9.2,1,53.3,1,0,0,0,1,2,11.99
12.14,1,34.3,7,2,0,2,1,1,27.61
5.49,1,40.7,13,0,0,1,1,1,11.56
3.44,4,6.9,15,5,1,0,2,0,31.57
21.45,1,45.5,7,4,0,0,1,0,37.0
13.48,2,34.3,18,6,1,0,1,1,32.27
1.97,3,13.5,10,0,0,1,1,0,9.74
23.19,2,32.0,21,6,1,0,1,1,62.83
4.54,2,39.0,10,0,0,1,1,3,7.45
6.19,2,43.5,7,2,0,0,1,2,9.8
3.09,3,44.0,18,0,0,0,0,1,4.62
7.09,2,28.1,15,4,0,0,2,3,17.71
4.68,3,20.7,10,4,0,0,1,1,15.95
3.16,4,16.1,10,0,0,0,1,1,14.38
2.68,2,31.7,7,4,0,0,1,1,6.58
4.05,3,25.8,10,5,1,1,1,3,9.87
9.76,1,41.8,1,5,1,0,2,3,18.22
8.81,1,54.7,13,4,0,0,1,2,11.59
3.58,4,7.7,20,2,0,0,2,1,31.16
5.34,3,53.5,18,6,1,0,0,3,6.34
11.07,2,26.9,1,1,0,0,2,1,33.35
5.46,1,48.8,20,5,1,0,1,1,10.35
13.67,2,31.5,12,1,0,0,1,2,27.03
20.09,1,86.5,7,3,0,0,0,2,13.4
4.08,2,22.8,18,6,1,0,2,2,12.44
4.42,4,32.7,9,1,0,0,0,3,8.32
14.81,1,47.8,8,5,1,0,1,1,28.81
5.41,3,20.3,7,5,1,0,1,2,15.27
11.51,1,88.5,13,0,0,0,0,2,8.6
7.43,3,20.8,5,4,0,0,1,1,25.52
5.85,2,27.1,18,1,0,0,2,3,14.86
9.47,2,68.5,12,2,0,0,0,2,9.49
14.92,2,33.5,12,3,0,0,1,1,35.3
12.53,2,37.1,0,0,0,0,1,2,22.7
6.41,3,26.9,19,1,0,0,1,3,15.57
7.55,2,20.3,13,4,0,2,2,3,23.8
11.56,3,16.7,12,2,0,2,1,1,48.76
7.82,1,40.3,18,5,1,0,2,3,15.76
16.14,2,63.4,4,1,0,0,0,0,15.15
1.21,2,58.0,10,4,0,0,0,0,1.5
4.23,3,20.3,15,1,0,0,1,2,13.46
9.04,3,11.4,12,0,0,0,2,1,52.83
5.0,1,34.6,7,3,0,2,1,1,11.88
15.19,1,80.8,9,6,1,0,0,1,12.83
4.42,2,31.5,9,4,0,0,1,2,9.23
7.09,1,73.0,23,3,0,0,0,0,6.46
4.04,3,18.4,9,3,0,0,1,1,15.73
6.28,1,62.9,8,5,1,3,0,1,6.66
1.89,1,49.8,19,6,1,0,1,1,3.31
2.59,3,13.2,11,2,0,0,2,2,11.76
19.48,2,71.7,12,6,1,0,0,2,15.75
6.74,1,35.4,14,4,0,1,2,2,13.54
5.28,1,81.0,15,2,0,0,0,1,4.28
3.1,4,11.1,15,5,1,0,1,1,18.89
3.47,2,58.3,2,6,1,0,0,1,3.89
18.23,4,30.1,19,3,0,0,0,2,36.19
6.99,2,35.7,7,6,1,0,1,1,16.19
12.33,1,47.3,9,0,0,0,1,1,21.57
0.8,3,27.7,7,0,0,0,1,2,1.96
4.59,2,55.4,18,1,0,1,0,2,4.82
16.76,4,12.9,15,1,0,0,1,1,86.35
4.82,3,35.0,18,4,0,2,0,1,8.68
3.33,2,39.7,16,6,1,0,1,2,5.6
8.57,3,19.2,5,0,0,0,1,1,33.08
2.31,3,13.5,9,3,0,0,2,1,13.37
1.92,2,40.4,13,0,0,0,1,2,2.76
15.21,2,62.5,9,4,0,0,0,1,16.92
4.02,4,11.4,8,1,0,0,2,3,23.73
9.54,1,77.3,20,5,1,0,0,1,8.41
18.63,3,18.0,18,1,0,1,1,2,66.44
6.85,1,60.4,10,5,1,2,0,1,7.12
9.35,4,12.5,18,2,0,0,1,2,47.16
1.91,2,29.9,16,5,1,1,1,1,5.08
3.77,1,51.7,0,1,0,0,1,2,5.18
16.62,1,43.5,10,6,1,0,1,0,31.71
5.31,2,19.2,9,3,0,0,2,1,22.92
2.64,1,85.9,8,6,1,0,0,2,2.1
9.07,2,68.5,8,4,0,0,0,2,8.35
13.88,1,73.4,21,6,1,0,0,0,13.6
4.83,3,14.5,13,6,1,0,2,1,23.76
9.08,3,17.4,19,1,0,0,2,0,40.78
11.27,2,62.6,8,1,0,0,0,2,11.98
5.91,1,36.6,7,5,1,2,1,3,11.28
5.37,2,35.2,20,3,0,0,1,1,11.62
18.24,1,41.2,13,1,0,1,1,1,35.35
2.81,1,49.4,20,6,1,0,1,2,3.9
7.23,2,36.3,4,3,0,0,1,1,16.97
6.23,3,49.8,21,1,0,0,0,2,7.91
6.2,4,27.1,11,3,0,0,0,2,13.92
10.9,4,14.7,7,1,0,0,1,2,47.66
9.47,1,27.1,17,4,0,0,2,0,30.74
7.97,2,19.0,18,2,0,0,2,0,31.35
1.93,1,56.1,3,2,0,0,1,3,2.19
3.56,1,36.5,23,6,1,0,2,3,7.81
5.65,3,37.9,17,0,0,1,0,0,9.92
7.06,3,20.0,9,2,0,0,1,2,23.57
16.5,1,45.0,7,6,1,0,1,0,34.63
6.95,3,21.0,11,3,0,1,1,2,22.25
10.59,1,44.9,8,3,0,0,1,0,20.13
6.38,4,7.2,13,5,1,2,1,2,59.14
10.09,4,10.2,18,2,0,0,1,2,57.07
6.7,1,49.2,16,5,1,0,1,0,11.56
3.15,2,17.4,11,3,0,1,2,2,12.24
9.32,2,42.5,6,4,0,0,1,3,15.96
8.76,1,39.4,22,3,0,1,1,0,18.65
2.36,1,51.1,8,5,1,0,1,2,3.39
6.38,2,30.7,9,4,0,0,1,1,16.21
6.35,2,28.3,16,4,0,0,1,1,17.06
4.47,2,33.5,18,4,0,1,1,2,9.01
3.02,2,73.1,23,1,0,0,0,3,2.35
7.66,1,35.8,22,0,0,2,1,1,16.97
15.59,2,41.6,21,5,1,0,1,3,24.71
9.84,4,27.9,11,3,0,0,0,0,22.78
2.13,2,76.2,7,1,0,0,0,3,1.78
14.89,1,25.0,15,5,1,3,2,0,44.95
13.66,4,23.1,0,0,0,1,0,1,35.46
4.66,1,48.6,7,1,0,0,1,3,7.29
2.24,1,37.2,0,3,0,2,1,1,5.04
4.78,2,22.8,7,5,1,2,1,0,16.95
5.01,1,86.8,12,4,0,0,0,3,4.19
2.38,4,13.7,11,1,0,0,1,3,11.63
7.58,1,46.9,10,0,0,0,1,2,11.19
3.88,3,17.1,19,0,0,0,2,3,14.4
2.75,4,27.3,17,0,0,0,0,1,6.43
5.57,2,27.0,21,5,1,2,1,2,14.76
15.33,1,35.0,12,1,0,0,2,2,30.72
11.0,2,67.6,9,6,1,1,0,3,10.03
8.54,1,45.7,6,6,1,2,1,3,13.34
4.68,1,67.7,17,6,1,1,0,0,4.34
2.4,4,24.3,19,0,0,0,0,1,6.05
3.06,3,14.7,7,2,0,0,2,2,13.67
10.62,2,35.1,20,5,1,1,1,3,20.19
3.85,2,31.7,14,0,0,0,1,1,9.49
7.18,2,25.3,7,0,0,1,1,0,20.59
8.6,2,60.4,16,1,0,0,0,1,10.3
2.03,1,30.0,13,6,1,0,2,1,5.98
6.58,2,52.7,1,6,1,1,0,0,7.94
8.17,4,27.2,11,3,0,0,0,0,19.9
17.63,2,27.6,18,1,0,2,1,1,49.76
7.1,1,52.9,14,1,0,0,1,2,9.83
10.32,4,29.5,9,2,0,0,0,2,21.79
4.74,3,22.6,21,3,0,0,1,2,12.98
11.84,1,49.6,8,1,0,0,1,1,21.87
2.62,4,13.4,8,2,0,0,1,0,12.72
8.77,2,32.2,10,1,0,1,1,1,23.02
7.31,4,8.2,20,2,0,0,1,2,55.73
13.07,2,28.9,13,5,1,0,2,1,39.48
8.62,3,10.3,17,4,0,1,2,1,58.81
5.74,2,24.0,22,0,0,0,2,1,18.64
11.81,2,59.4,18,0,0,0,0,0,12.98
8.54,2,33.4,7,1,0,0,1,2,18.44
3.32,2,38.0,18,6,1,0,1,3,5.76
5.99,2,57.0,18,2,0,1,0,1,7.05
3.04,2,23.0,8,6,1,0,2,2,9.54
8.14,3,41.3,9,4,0,0,0,0,13.88
8.69,4,14.0,17,0,0,0,1,3,39.89
16.11,1,90.4,8,6,1,0,0,3,11.19
5.91,4,11.5,8,1,0,0,1,1,37.33
5.31,2,39.6,17,5,1,0,1,2,8.97
2.18,1,29.1,20,6,1,0,2,1,6.52
5.9,4,16.7,4,6,1,0,1,2,22.74
5.5,1,43.1,12,1,0,0,1,1,11.25
7.01,2,31.2,15,2,0,0,1,0,16.47
5.4,3,18.6,17,3,0,0,2,2,19.65
5.4,1,69.1,23,5,1,1,0,0,5.12
7.0,2,38.3,17,1,0,0,1,1,14.65
6.19,3,46.3,16,4,0,1,0,3,8.17
5.34,3,19.8,23,4,0,0,1,1,19.0
5.3,2,57.1,4,3,0,1,0,2,5.76
18.87,1,69.3,4,4,0,1,0,1,19.59
5.21,2,22.6,14,2,0,1,2,2,15.18
5.71,4,14.8,10,1,0,0,1,1,26.36
1.84,3,6.7,5,2,0,3,2,2,16.86
11.86,1,53.7,9,6,1,0,1,3,14.95
1.03,4,18.3,17,3,0,0,1,3,3.35
3.42,4,12.6,20,3,0,1,1,1,17.7
9.14,3,43.4,5,2,0,1,0,3,13.01
1.68,1,69.2,14,5,1,1,0,0,1.5
4.23,4,11.9,9,0,0,1,1,0,22.01
6.45,3,27.8,17,3,0,0,1,2,14.47
6.13,2,19.4,14,1,0,2,2,2,21.1
4.15,1,80.0,21,5,1,0,0,1,3.37
10.35,3,17.1,2,3,0,2,1,0,38.87
10.72,2,68.9,12,2,0,0,0,2,10.42
9.3,1,58.6,7,2,0,0,1,3,12.1
4.84,4,10.5,14,4,0,1,1,2,27.93
7.23,2,72.3,19,5,1,0,0,3,6.81
4.47,4,17.6,20,0,0,0,1,2,16.11
22.41,2,31.5,11,2,0,0,1,1,57.29
7.97,2,33.8,19,6,1,0,1,0,19.29
4.85,3,20.9,9,4,0,1,1,2,15.5
20.09,2,68.7,0,4,0,0,0,2,20.07
5.25,2,22.4,19,1,0,3,2,2,15.37
7.79,1,35.6,6,4,0,0,2,2,17.18
10.45,2,32.9,0,0,0,1,1,2,22.74
4.59,4,12.7,10,1,0,3,1,3,22.99
4.38,3,48.3,10,2,0,0,0,2,5.82
11.55,2,61.0,4,5,1,0,0,0,12.42
10.44,2,36.0,19,6,1,0,1,2,21.04
10.42,2,64.2,11,2,0,1,0,2,10.29
8.72,1,64.5,13,4,0,1,0,0,9.64
18.76,4,11.2,8,3,0,0,1,1,108.03
6.85,3,50.3,13,0,0,0,0,2,8.12
3.83,4,20.6,18,0,0,1,0,1,10.99
2.87,4,32.7,20,4,0,0,0,1,5.5
5.16,1,50.1,22,0,0,0,1,2,7.98
0.8,1,46.1,11,6,1,1,1,2,1.5
14.07,1,63.2,23,1,0,2,0,2,13.87
8.42,3,23.6,9,4,0,0,1,2,23.58
3.81,1,84.9,0,3,0,0,0,2,3.17
12.03,1,81.6,18,2,0,1,0,2,9.61
2.86,4,23.5,7,0,0,0,0,0,7.51
3.39,1,63.9,3,5,1,3,0,1,3.69
6.99,1,55.8,21,2,0,2,0,0,7.46
15.17,3,15.0,18,3,0,0,2,2,69.87
8.37,1,38.1,5,3,0,0,2,3,15.92
0.8,3,19.9,18,1,0,0,1,2,2.41
3.45,4,24.1,19,3,0,0,0,1,9.28
3.87,3,24.0,20,3,0,0,1,2,11.61
7.53,2,36.7,14,0,0,0,1,2,13.63
2.41,4,28.7,17,2,0,0,0,2,4.91
2.58,1,98.3,18,5,1,0,0,3,1.75
5.57,2,35.7,17,0,0,0,1,1,12.81
9.65,3,20.5,16,0,0,0,1,2,30.15
10.06,1,43.4,14,6,1,0,1,0,20.56
6.99,2,43.0,12,4,0,2,0,0,10.42
11.0,1,53.8,23,5,1,0,1,3,15.32
23.4,3,23.2,10,4,0,1,1,2,66.47
16.39,1,54.8,5,1,0,0,1,2,22.63
4.75,1,91.4,18,5,1,0,0,3,3.21
2.32,3,17.8,8,1,0,0,2,3,8.83
5.14,3,17.7,14,3,0,1,1,0,20.92
3.5,1,47.6,5,1,0,1,1,2,5.73
8.68,1,47.9,16,6,1,1,1,2,11.87
2.91,1,87.8,21,1,0,0,0,2,2.17
6.26,2,29.4,17,3,0,0,1,0,16.92
3.5,3,45.9,8,2,0,0,0,2,5.24
5.42,3,11.5,22,6,1,2,1,1,33.32
6.5,4,14.0,9,3,0,0,1,1,30.93
9.48,4,7.8,11,3,0,2,2,2,83.83
6.52,1,34.0,13,2,0,0,2,1,18.53
4.47,1,36.9,23,3,0,1,1,1,10.83
10.43,1,72.1,4,4,0,1,0,1,10.28
6.74,4,8.8,17,1,0,1,1,2,48.54
4.76,1,86.3,10,3,0,1,0,3,3.86
9.63,1,57.1,4,0,0,0,1,2,11.25
7.57,3,23.5,21,1,0,0,1,1,24.25
9.16,1,33.9,15,6,1,2,1,1,21.1
12.6,2,41.9,18,4,0,0,1,2,21.0
3.04,3,18.4,8,4,0,2,1,3,10.72
22.49,1,76.9,18,6,1,0,0,1,18.33
8.59,1,75.2,19,6,1,0,0,0,8.26
2.93,4,27.3,11,3,0,0,0,0,6.87
13.54,1,42.3,15,2,0,1,1,1,28.71
4.16,2,22.0,22,0,0,0,2,1,14.12
16.55,4,8.7,19,3,0,0,1,1,112.24
3.18,1,33.5,12,2,0,0,2,1,8.15
6.27,1,94.8,17,4,0,0,0,3,4.29
10.55,3,16.8,18,1,0,0,1,0,43.03
9.71,2,22.8,1,6,1,0,2,2,28.24
8.1,2,39.5,15,4,0,0,1,1,17.76
11.74,2,26.0,23,3,0,0,2,2,30.72
4.95,4,13.7,21,2,0,0,1,3,22.37
12.13,2,17.2,19,6,1,3,2,1,53.75
4.32,1,43.7,6,3,0,1,1,0,8.63
15.53,3,23.0,23,4,0,0,1,2,42.5
4.58,1,79.9,16,0,0,0,0,1,4.03
2.58,3,53.4,8,4,0,0,0,3,3.25
9.81,3,18.9,17,3,0,0,2,0,40.83
7.35,3,14.3,19,2,0,2,1,1,34.35
8.18,1,39.4,6,3,0,2,1,3,14.62
5.38,4,15.3,21,1,0,0,1,3,24.2
8.9,2,34.9,21,1,0,0,1,1,20.25
14.74,4,7.4,0,2,0,3,2,2,123.95
7.94,2,20.3,20,6,1,0,2,0,29.33
2.22,4,9.6,21,4,0,0,1,1,16.01
6.62,2,19.0,2,3,0,0,2,1,27.58
8.63,4,23.6,9,5,1,1,0,0,24.18
16.12,2,57.5,10,5,1,0,0,1,18.7
10.09,2,63.9,10,1,0,0,0,1,10.76
3.88,2,24.6,18,0,0,0,2,2,10.95
6.43,3,27.6,10,1,0,0,1,2,15.46
10.44,1,36.1,22,4,0,0,2,2,20.49
9.03,1,84.3,23,2,0,0,0,1,7.13
9.37,4,25.7,9,0,0,0,0,0,21.97
2.62,2,32.4,13,3,0,0,1,2,5.17
9.75,3,42.1,14,3,0,0,0,1,14.13
7.64,1,18.0,15,6,1,3,2,1,35.45
10.0,1,53.1,10,5,1,0,1,2,14.38
7.35,1,45.6,7,6,1,1,1,1,13.72
6.07,1,46.0,3,6,1,0,1,1,11.17
12.32,2,34.0,6,2,0,0,1,2,22.68
8.74,2,39.7,20,0,0,0,1,2,14.69
2.95,3,29.4,9,0,0,0,1,3,7.17
7.13,4,10.1,4,0,0,0,2,1,48.03
5.42,4,13.5,16,2,0,0,1,0,28.21
4.97,1,48.6,4,2,0,0,1,2,7.12
8.94,1,31.7,4,3,0,2,1,0,21.97
7.38,2,27.3,16,6,1,2,1,3,18.62
8.83,1,31.1,15,1,0,0,2,1,25.35
11.32,2,23.4,2,4,0,0,2,3,31.06
6.35,2,77.1,12,3,0,0,0,3,5.09
11.05,2,62.6,11,5,1,1,0,2,10.15
4.48,4,19.1,14,5,1,2,0,0,16.04
12.69,1,57.2,18,5,1,0,1,2,16.42
4.75,3,24.5,9,6,1,1,1,1,13.5
3.25,4,15.6,11,0,0,1,1,2,14.08
8.29,2,23.1,18,1,0,1,2,1,27.81
6.49,2,18.8,21,4,0,1,2,1,26.85
6.97,3,22.5,20,0,0,0,1,2,20.55
2.97,1,45.4,12,2,0,1,1,0,5.94
3.09,2,38.2,14,1,0,0,1,2,5.95
5.33,1,41.6,14,2,0,1,1,1,10.79
9.96,4,27.1,20,4,0,0,0,2,22.64
5.48,2,44.0,19,5,1,2,0,0,7.75
3.13,3,14.7,9,4,0,1,2,1,14.47
12.73,1,50.5,7,0,0,0,1,2,17.78
3.05,2,37.0,10,2,0,0,1,2,5.5
7.11,3,12.5,9,3,0,1,2,1,40.05
9.99,4,23.0,22,5,1,1,0,1,27.92
5.11,2,36.4,8,6,1,0,1,2,9.17
9.98,1,58.8,7,3,0,3,0,0,11.4
15.27,4,12.7,20,2,0,0,1,2,74.2
9.75,3,41.3,5,4,0,1,0,1,14.72
6.36,3,21.7,8,5,1,0,1,3,17.72
7.0,2,33.0,12,1,0,0,1,1,15.85
1.33,3,26.5,15,5,1,0,1,2,3.2
4.69,3,11.7,9,2,0,1,2,2,26.48
1.4,3,16.2,13,6,1,0,1,2,5.83
3.7,2,63.1,8,6,1,1,0,3,3.43
6.67,4,8.7,15,0,0,0,2,2,45.31
7.98,3,19.2,11,3,0,0,1,0,31.74
8.99,1,54.8,19,6,1,1,1,3,12.7
18.0,2,33.9,11,5,1,0,1,0,46.57
2.37,4,15.5,12,0,0,0,1,1,11.56
3.6,1,52.0,15,1,0,0,1,2,4.87
7.79,1,92.0,6,3,0,0,0,3,5.72
10.49,2,28.8,7,3,0,0,2,2,26.12
4.32,2,38.5,18,6,1,0,1,3,8.13
7.4,3,23.4,9,3,0,0,1,3,20.56
8.11,4,10.7,17,5,1,1,1,2,51.35
16.14,3,46.5,5,0,0,0,0,1,20.43
2.62,2,62.5,19,6,1,0,0,1,3.16
8.83,1,48.2,23,4,0,0,1,1,15.42
10.68,3,47.0,10,6,1,0,0,2,14.16
9.37,2,37.2,13,0,0,0,1,0,19.22
13.5,3,19.4,12,4,0,0,2,1,51.09
3.14,2,22.5,20,5,1,0,2,1,10.74
1.16,2,36.2,0,2,0,0,1,3,2.08
13.06,1,31.0,16,3,0,0,2,1,38.57
5.26,4,35.0,16,6,1,0,0,1,9.92
6.38,3,23.4,10,6,1,0,1,2,17.9
6.88,3,42.6,8,0,0,1,0,3,10.56
7.2,3,46.9,8,1,0,0,0,2,9.07
11.31,3,18.1,18,1,0,0,1,0,45.45
8.66,1,82.1,4,6,1,0,0,1,7.58
2.52,1,82.8,15,6,1,0,0,2,2.04
6.3,2,27.6,9,4,0,2,1,1,18.47
8.01,2,66.0,8,4,0,0,0,2,7.09
9.14,1,77.5,13,3,0,0,0,1,7.79
6.05,3,46.1,20,4,0,0,0,2,7.67
4.66,4,24.2,16,1,0,0,0,2,12.04
11.67,4,7.7,18,0,0,0,2,2,96.77
5.19,3,49.9,15,0,0,0,0,2,6.37
9.68,3,45.3,17,4,0,0,0,2,13.26
11.17,1,75.4,11,6,1,0,0,0,9.62
7.74,3,45.6,21,4,0,0,0,3,11.35
4.31,3,42.8,13,6,1,1,0,2,6.09
8.69,3,20.5,14,5,1,0,1,0,30.97
5.64,1,34.0,14,1,0,0,2,2,11.05
21.76,3,24.2,9,2,0,1,1,1,71.66
10.81,2,15.9,8,6,1,2,2,1,50.27
10.58,1,43.7,4,0,0,1,1,2,16.84
12.71,3,45.1,17,4,0,0,0,1,19.08
1.46,4,13.2,9,5,1,0,1,3,7.07
6.31,1,48.0,10,5,1,0,1,2,9.59
12.32,1,71.2,21,5,1,1,0,2,11.04
4.66,1,33.6,15,5,1,0,2,1,12.12
2.21,1,35.0,5,3,0,0,2,2,4.57
7.28,3,24.2,18,4,0,1,1,2,19.11
3.67,4,12.0,8,4,0,1,1,1,21.96
3.98,3,22.1,14,5,1,0,1,1,12.58
6.03,2,36.2,13,0,0,0,1,1,12.63
2.9,3,51.0,8,4,0,0,0,2,3.44
5.82,2,37.8,6,6,1,0,1,2,11.33
7.82,2,62.5,8,3,0,1,0,2,7.87
19.08,1,50.4,5,6,1,0,1,2,27.0
4.92,3,15.7,9,3,0,0,1,0,21.51
6.11,1,42.9,23,5,1,1,1,1,12.16
9.46,3,42.2,11,3,0,0,0,1,14.26
5.4,4,11.0,19,1,0,0,2,1,32.68
4.47,2,37.1,14,3,0,0,1,2,8.19
12.4,3,22.7,17,5,1,1,1,3,35.79
15.58,2,40.6,7,5,1,0,1,2,25.42
5.36,2,27.5,9,5,1,3,1,1,13.97
4.39,1,29.7,13,0,0,0,2,1,12.73
3.97,3,14.1,20,2,0,2,1,0,19.41
9.66,2,27.3,2,6,1,0,1,0,24.57
13.48,4,17.1,13,6,1,0,1,1,53.73
8.46,2,66.1,3,4,0,0,0,2,7.25
9.86,1,74.5,12,4,0,3,0,3,8.73
11.89,4,12.0,16,4,0,0,1,1,68.42
15.82,3,39.3,18,3,0,0,0,1,24.85
8.63,3,41.4,6,3,0,1,0,1,13.62
5.21,2,37.2,7,3,0,0,1,1,10.87
10.24,2,27.1,12,2,0,2,1,2,25.59
12.67,1,51.8,23,2,0,0,1,2,17.25
5.71,3,19.3,10,2,0,0,1,2,21.0
1.41,2,29.4,11,2,0,1,1,0,3.83
5.12,2,73.5,11,2,0,0,0,3,4.31
2.88,1,32.4,5,4,0,1,2,3,6.27
0.85,3,41.6,18,4,0,0,0,0,1.5
5.28,3,23.8,8,2,0,0,1,0,14.75
6.38,3,52.1,17,4,0,0,0,2,7.24
8.96,2,17.9,12,2,0,0,2,2,34.67
9.8,1,45.2,16,2,0,0,1,1,17.9
5.5,2,63.5,3,2,0,0,0,1,5.5
9.29,3,44.0,20,4,0,0,0,2,12.97
8.87,2,16.4,8,1,0,2,2,2,38.53
8.78,4,13.9,17,1,0,0,1,0,46.73
4.11,1,45.7,18,5,1,1,1,2,6.38
10.32,2,32.6,14,5,1,3,1,2,21.37
7.55,3,14.9,10,1,0,1,1,0,30.01
6.48,4,10.5,23,0,0,0,2,1,41.53
4.36,1,73.9,9,6,1,1,0,1,4.19
5.41,3,14.4,21,1,0,0,2,1,27.74
11.2,3,23.3,7,1,0,0,1,1,36.59
9.26,3,12.8,10,1,0,3,2,2,47.66
4.64,1,80.3,6,3,0,0,0,1,3.99
7.29,1,78.8,0,2,0,0,0,1,5.78
9.03,2,57.6,8,5,1,0,0,0,10.58
4.85,3,21.5,5,4,0,0,1,1,17.85
10.22,1,72.5,23,6,1,0,0,0,8.74
1.88,3,9.6,18,6,1,2,2,1,13.03
10.17,1,45.2,0,6,1,0,1,0,18.5
9.79,3,15.1,8,3,0,0,2,0,51.81
7.94,3,20.9,17,2,0,0,1,2,25.15
5.9,3,17.7,11,1,0,0,1,1,22.81
3.78,4,31.6,19,1,0,0,0,2,7.32
6.92,3,16.1,13,3,0,0,2,1,33.72
8.7,3,18.4,16,4,0,0,1,1,33.42
10.35,2,34.9,15,3,0,0,1,3,20.95
4.25,2,23.7,16,3,0,0,2,1,14.85
5.3,3,15.9,8,5,1,0,2,2,24.25
5.41,3,33.5,10,2,0,2,0,1,11.29
2.41,1,33.4,3,0,0,0,2,1,6.72
13.05,3,24.0,15,5,1,0,1,2,34.15
13.74,1,37.5,12,6,1,1,1,0,28.67
3.98,3,45.2,18,4,0,0,0,1,5.77
16.93,4,8.0,8,4,0,1,2,2,134.72
6.01,4,14.5,11,3,0,0,1,0,28.6
10.26,1,29.3,7,3,0,0,2,0,30.29
9.9,4,7.5,16,1,0,0,1,1,89.8
1.03,2,22.0,19,3,0,0,2,1,3.96
7.1,2,23.2,18,2,0,0,2,2,20.52
3.8,3,16.4,21,1,0,0,2,2,15.65
1.58,3,43.7,22,0,0,0,0,0,2.39
7.7,2,60.8,18,2,0,0,0,1,9.36
9.45,2,44.9,9,4,0,0,1,3,14.76
4.7,3,39.4,8,4,0,1,0,1,7.67
7.4,1,24.6,12,2,0,1,2,1,23.77
13.4,1,35.1,23,5,1,0,2,2,26.14
6.0,3,39.0,11,3,0,0,0,1,9.65
2.82,4,25.6,8,3,0,1,0,1,6.47
10.85,3,13.0,21,3,0,2,1,1,53.49
5.44,3,19.4,10,4,0,0,1,2,17.82
4.48,3,23.0,17,2,0,0,1,1,14.57
5.74,3,25.0,18,3,0,0,1,3,15.82
5.61,2,34.0,19,5,1,0,1,1,13.83
2.02,3,17.6,19,1,0,3,1,2,7.36
8.1,3,19.4,19,4,0,0,1,0,29.61
8.01,2,72.6,17,6,1,0,0,2,7.11
5.84,4,8.4,11,5,1,3,1,1,44.63
7.65,3,20.3,17,2,0,0,1,1,29.29
9.81,1,44.4,19,5,1,0,1,1,18.4
7.94,2,19.4,10,2,0,1,2,1,31.69
4.36,3,19.0,9,2,0,1,1,2,15.94
3.75,3,17.5,10,2,0,0,2,3,12.98
18.31,1,49.9,14,0,0,0,1,2,24.16
8.06,2,35.3,3,1,0,0,1,2,15.44
6.23,3,18.4,18,5,1,1,1,2,23.72
9.17,2,27.3,6,0,0,1,1,1,25.69
4.73,3,19.3,6,5,1,0,1,1,16.29
10.91,1,83.7,7,3,0,0,0,2,8.42
5.49,2,31.9,15,5,1,0,1,0,14.23
1.7,4,9.9,9,0,0,0,1,1,11.35
6.47,3,46.8,10,0,0,0,0,1,8.33
3.45,2,30.9,21,4,0,0,1,1,8.03
6.03,4,9.3,19,2,0,0,2,2,40.6
5.55,2,22.7,19,0,0,1,2,2,17.25
8.54,2,74.6,15,2,0,0,0,3,7.37
15.04,2,21.6,20,1,0,0,2,1,57.48
10.32,3,26.1,18,0,0,0,1,1,29.94
8.05,1,54.5,22,4,0,0,1,2,10.71
7.32,4,29.7,4,4,0,0,0,1,16.18
8.21,3,20.7,1,3,0,1,1,1,28.71
14.01,2,23.9,7,0,0,1,2,2,38.83
9.09,4,22.8,21,1,0,1,0,1,22.14
1.72,1,43.5,15,2,0,0,1,0,3.24
3.57,2,26.8,11,5,1,0,2,1,10.98
11.98,3,13.8,13,6,1,1,2,0,58.22
7.94,2,69.7,19,5,1,0,0,2,7.26
13.86,2,26.2,21,5,1,1,1,0,43.51
9.96,2,52.4,17,5,1,2,0,2,11.32
7.18,3,26.4,18,0,0,0,1,3,17.76
7.11,3,26.3,9,3,0,0,1,3,18.77
4.69,1,42.5,12,4,0,0,1,0,9.81
5.94,3,43.5,20,6,1,0,0,2,7.92
2.97,4,12.1,18,5,1,1,1,2,15.6
4.02,2,59.7,17,0,0,0,0,1,4.71
3.41,3,20.3,4,3,0,0,1,0,11.51
6.65,3,16.2,2,1,0,2,1,3,26.2
5.02,1,30.5,6,5,1,0,2,2,11.02
2.18,2,26.2,15,6,1,2,1,2,5.52
9.18,3,20.3,14,2,0,0,1,1,30.56
5.32,3,13.3,21,1,0,2,2,1,27.31
10.71,3,43.4,17,1,0,0,0,1,17.0
8.85,4,13.0,9,5,1,0,1,2,42.37
19.5,3,24.1,7,2,0,0,1,1,66.25
6.68,2,33.7,19,6,1,0,1,1,15.48
4.75,2,31.5,12,0,0,0,1,0,12.29
3.99,1,59.6,16,2,0,0,1,3,5.24
9.71,3,21.4,15,3,0,1,1,2,30.06
10.23,1,41.6,6,1,0,1,1,0,20.09
6.75,1,68.8,3,5,1,1,0,0,6.58
7.83,2,19.8,10,2,0,1,2,1,28.02
12.17,2,61.5,10,4,0,0,0,0,12.88
9.97,4,14.5,17,2,0,0,1,1,49.16
8.08,4,15.3,16,2,0,0,1,3,33.08
3.06,2,71.9,22,3,0,0,0,2,2.47
4.1,1,84.6,19,5,1,1,0,3,3.07
5.43,3,41.1,13,1,0,1,0,0,8.76
5.64,3,11.9,13,3,0,1,2,1,30.48
4.35,4,6.5,17,3,0,2,2,2,41.73
4.03,1,49.8,6,4,0,0,1,2,5.85
5.78,2,28.5,23,3,0,3,1,1,15.81
7.37,2,60.4,13,5,1,0,0,1,7.45
8.96,3,11.7,20,3,0,2,2,1,58.39
2.05,2,70.4,22,4,0,0,0,2,1.76
5.04,1,81.9,15,6,1,0,0,1,4.3
2.24,4,12.4,5,0,0,0,1,0,12.54
6.7,2,36.8,15,3,0,0,1,2,12.03
6.64,1,81.8,15,2,0,0,0,1,5.74
6.32,4,28.4,18,3,0,0,0,2,11.62
5.76,1,26.4,3,6,1,1,2,0,18.23
5.1,1,32.3,12,1,0,2,1,1,13.05
6.33,3,21.9,21,2,0,0,1,1,21.55
9.09,2,32.7,23,2,0,3,1,3,19.35
5.34,2,29.6,7,0,0,1,1,0,13.42
3.18,3,26.6,20,1,0,0,1,2,8.01
7.82,2,39.8,7,1,0,0,1,3,13.73
10.27,1,24.1,19,1,0,3,2,1,33.41
3.08,3,42.1,9,3,0,1,0,1,5.24
2.76,4,31.7,22,6,1,0,0,3,5.89
3.01,2,31.8,17,3,0,0,1,1,7.7
6.28,4,8.0,11,2,0,1,2,2,47.9
15.66,2,35.5,9,0,0,0,1,2,30.35
14.31,3,19.8,8,3,0,0,1,1,52.97
7.83,4,31.3,17,5,1,0,0,1,16.11
2.96,3,17.5,20,5,1,0,2,2,11.5
14.22,3,19.0,18,3,0,0,1,2,49.07
14.63,1,48.7,19,6,1,0,1,1,27.1
3.91,3,19.3,18,0,0,1,1,2,12.2
6.75,1,47.7,23,6,1,0,1,0,13.71
10.24,4,27.0,18,1,0,0,0,0,22.64
13.2,3,13.3,8,2,0,2,1,1,66.92
6.18,3,38.2,18,3,0,1,0,1,9.62
10.82,2,22.0,9,0,0,1,2,2,33.72
8.27,2,66.9,23,0,0,0,0,1,9.22
8.01,3,46.1,10,6,1,0,0,1,11.49
7.6,3,24.1,9,1,0,0,1,2,19.63
16.06,1,49.7,8,6,1,1,1,2,24.19
6.98,2,31.8,16,6,1,0,1,1,18.23
8.87,2,31.6,6,4,0,0,2,2,19.45
16.12,2,66.5,22,6,1,0,0,2,16.02
9.23,2,32.2,9,4,0,0,1,1,23.24
4.88,2,28.7,9,4,0,3,1,1,14.09
6.55,1,92.4,2,6,1,0,0,3,4.38
4.15,4,30.2,8,4,0,0,0,2,9.16
6.49,3,9.4,11,3,0,1,2,1,48.92
6.18,2,35.2,10,6,1,0,1,2,12.35
5.39,1,36.1,9,5,1,0,2,2,10.57
7.6,2,51.5,2,5,1,1,0,0,9.75
2.36,4,8.8,9,0,0,0,1,3,17.34
18.05,1,39.4,18,5,1,2,1,2,32.55
6.26,1,52.2,12,5,1,0,1,1,11.49
6.76,3,23.1,9,2,0,0,1,3,20.92
14.08,3,13.2,9,6,1,0,2,0,72.13
9.16,2,63.4,14,5,1,1,0,2,9.13
5.31,2,36.1,9,5,1,0,1,2,9.74
5.75,2,28.1,16,6,1,0,2,2,13.95
11.93,4,28.3,23,6,1,0,0,1,27.3
12.85,2,27.3,2,5,1,0,1,0,31.35
4.97,2,30.0,7,3,0,0,1,1,11.74
13.9,2,31.1,7,4,0,0,1,1,35.29
2.5,2,39.4,12,2,0,0,1,3,4.5
14.92,2,34.2,2,2,0,0,1,0,32.99
8.35,3,13.4,12,5,1,0,2,0,43.32
13.8,2,54.0,21,5,1,1,0,1,16.61
9.69,1,34.8,0,4,0,0,2,2,21.44
5.16,3,16.1,10,2,0,0,1,1,22.68
6.44,3,17.6,18,3,0,1,1,0,25.7
5.28,4,22.9,7,1,0,3,0,0,14.0
4.39,1,83.0,4,3,0,0,0,2,3.47
8.93,1,47.6,16,3,0,0,1,1,15.96
1.99,3,51.4,0,1,0,0,0,3,2.31
6.21,2,26.1,18,4,0,0,1,1,17.86
7.22,2,65.8,4,4,0,0,0,2,6.72
2.06,4,12.5,14,6,1,0,1,2,10.5
8.23,3,21.9,18,1,0,3,1,3,23.78
9.68,2,26.4,8,5,1,0,2,3,26.97
8.89,3,18.5,5,6,1,0,2,2,34.25
8.82,3,19.9,7,3,0,2,1,1,35.64
7.32,4,13.6,19,0,0,0,1,3,36.93
3.64,2,35.2,17,2,0,0,1,1,8.41
15.47,2,38.4,7,2,0,0,1,2,28.43
0.82,1,75.0,17,2,0,0,0,0,1.5
6.11,2,22.5,17,0,0,0,2,2,18.97
5.15,1,33.1,23,3,0,0,2,2,10.0
7.21,2,56.4,10,4,0,0,0,0,8.29
4.25,2,19.6,19,5,1,1,2,1,16.51
12.29,4,10.0,12,1,0,0,2,2,73.5
2.46,2,23.2,20,2,0,1,2,2,7.57
4.75,2,69.9,5,5,1,0,0,2,4.0
5.94,2,35.9,7,0,0,0,1,0,13.24
8.95,1,47.8,19,5,1,0,1,2,13.86
8.98,3,40.3,19,1,0,3,0,3,13.65
11.28,1,60.6,9,3,0,0,1,3,13.13
10.4,2,53.7,15,0,0,1,0,0,12.27
6.17,1,39.6,10,5,1,0,2,3,11.56
10.87,1,68.2,0,0,0,3,0,2,9.09
6.21,2,39.0,1,1,0,0,1,2,10.44
2.33,2,23.1,3,1,0,0,2,1,8.03
2.51,2,22.3,15,2,0,1,2,2,7.63
5.83,4,12.4,9,3,0,0,1,0,31.09
3.46,2,26.2,7,1,0,2,1,2,8.56
6.46,4,16.9,21,2,0,0,1,2,26.54
10.58,1,48.0,6,5,1,1,1,2,16.1
5.5,2,59.5,17,2,0,0,0,0,5.83
1.76,4,27.8,20,1,0,0,0,1,3.8
9.28,1,35.1,7,0,0,0,2,2,19.12
5.15,1,48.6,8,5,1,1,1,2,7.4
5.94,3,41.9,15,0,0,0,0,1,8.95
20.93,2,34.3,13,0,0,0,1,1,49.96
11.29,2,31.8,14,2,0,0,1,1,27.52
12.82,1,76.4,14,0,0,1,0,2,10.22
5.58,3,24.8,22,3,0,0,1,3,14.22
18.4,1,53.6,3,0,0,0,1,2,23.48
3.92,1,53.5,18,6,1,0,1,2,5.39
2.36,1,40.7,8,5,1,0,1,1,4.95
20.21,2,33.0,10,5,1,1,1,2,42.28
1.79,3,48.7,5,0,0,0,0,2,2.12
5.17,1,76.7,12,2,0,1,0,2,4.22
9.36,1,45.5,18,5,1,0,1,1,19.09
5.63,1,73.0,5,6,1,1,0,1,5.2
4.55,2,23.1,9,6,1,0,2,2,12.64
6.98,2,39.5,10,4,0,0,1,3,12.04
6.73,4,9.0,5,3,0,0,1,1,48.9
7.47,4,8.3,18,2,0,1,1,1,57.97
13.49,3,23.1,18,3,0,1,1,3,36.7
9.67,4,26.3,19,3,0,0,0,0,22.95
6.06,1,59.1,15,0,0,2,0,1,6.71
8.05,2,35.8,13,3,0,0,1,2,15.88
0.8,1,52.1,8,6,1,0,1,2,1.5
6.32,2,23.9,16,0,0,0,2,1,22.0
8.44,3,24.6,12,3,0,0,1,2,23.0
4.26,4,11.6,22,5,1,0,2,0,25.4
5.27,3,13.7,22,6,1,0,2,1,28.75
11.32,4,7.4,20,4,0,0,2,0,98.65
3.42,4,13.4,10,3,0,1,1,1,17.04
11.49,3,43.3,10,1,0,0,0,1,17.99
16.17,2,55.4,19,0,0,0,0,0,17.6
5.36,3,15.6,17,4,0,0,2,1,25.33
3.46,2,35.7,17,0,0,0,1,0,7.5
4.4,1,84.9,9,4,0,0,0,2,3.34
15.53,4,6.3,19,0,0,0,1,1,150.84
3.32,2,32.5,15,6,1,0,1,2,6.76
3.46,1,31.8,12,1,0,0,2,2,7.87
1.76,1,49.3,19,5,1,0,1,2,2.62
5.2,3,51.8,11,1,0,0,0,2,6.47
7.62,4,14.9,16,6,1,1,1,2,33.51
14.37,3,25.7,12,4,0,0,1,1,39.69
5.5,2,66.6,15,2,0,0,0,1,5.61
9.19,1,31.9,2,0,0,1,2,2,20.57
4.46,1,47.0,12,2,0,0,1,1,8.48
3.04,2,53.6,14,3,0,1,0,1,3.64
13.27,3,39.7,13,1,0,0,0,1,20.6
7.49,1,76.5,19,6,1,1,0,2,5.85
9.65,3,11.3,9,0,0,0,2,2,60.28
7.36,4,18.1,20,1,0,0,1,2,26.88
2.29,4,11.9,11,3,0,0,1,1,12.63
11.28,2,69.2,17,5,1,0,0,2,10.01
4.28,3,22.2,5,4,0,0,1,0,13.29
8.91,3,42.6,8,0,0,0,0,0,13.15
3.16,2,32.0,18,6,1,0,1,2,6.75
3.32,2,35.4,0,0,0,0,1,2,6.29
4.51,3,13.0,22,0,0,0,2,2,22.58
3.78,1,48.9,7,4,0,0,1,1,7.12
2.95,4,25.1,20,1,0,0,0,0,7.37
19.92,4,23.0,13,4,0,1,0,1,48.62
6.82,2,33.6,15,5,1,0,1,1,15.91
2.09,3,22.3,5,1,0,0,1,2,5.98
3.06,3,17.7,10,5,1,0,1,0,12.23
3.96,1,35.9,7,0,0,0,2,3,8.57
4.96,1,72.6,14,4,0,0,0,0,4.75
10.05,4,27.3,14,5,1,0,0,1,22.46
7.62,1,40.5,17,6,1,2,1,2,12.76
6.71,2,24.9,20,6,1,2,1,2,17.77
2.43,1,56.4,12,6,1,0,1,2,3.1
9.09,3,45.1,8,3,0,0,0,0,13.83
2.32,4,5.6,9,4,0,2,2,3,26.79
5.92,1,77.5,19,1,0,1,0,2,4.54
7.93,3,45.6,7,0,0,0,0,2,11.63
8.09,1,76.8,16,1,0,0,0,1,7.61
7.32,1,72.5,0,2,0,0,0,1,6.49
7.51,4,6.9,8,0,0,0,2,2,70.24
7.14,1,85.7,15,3,0,0,0,2,5.1
2.7,2,38.2,12,3,0,0,1,2,4.74
2.6,4,26.5,13,2,0,0,0,2,5.81
10.65,3,41.2,16,1,0,0,0,0,18.06
10.74,3,14.9,8,6,1,0,2,1,49.42
3.29,2,22.1,9,3,0,2,2,2,9.83
7.39,3,22.2,17,1,0,1,1,2,22.2
8.29,3,21.9,14,0,0,0,1,1,25.39
6.71,2,23.9,0,4,0,0,2,2,18.0
11.53,1,47.1,17,6,1,0,1,0,21.19
5.06,2,33.5,16,0,0,0,1,2,9.32
5.34,2,33.8,5,1,0,0,1,0,12.73
11.6,2,34.7,18,5,1,1,1,1,29.34
2.76,2,31.7,14,2,0,0,1,1,7.91
10.42,1,49.2,8,5,1,0,1,2,16.01
14.72,2,31.9,14,0,0,1,1,2,31.98
8.97,4,9.1,15,6,1,0,2,2,67.65
6.41,3,43.7,21,3,0,1,0,1,9.31
2.84,2,66.9,18,6,1,0,0,2,3.0
7.36,3,37.4,9,0,0,3,0,2,12.5
4.18,3,13.8,6,0,0,0,1,1,21.19
5.59,4,10.9,19,0,0,3,1,3,32.35
8.21,4,21.5,19,2,0,0,0,0,23.66
3.81,2,41.3,7,6,1,0,1,3,6.73
3.15,4,10.4,4,1,0,2,1,2,19.75
4.76,1,56.1,17,2,0,0,1,2,6.16
13.81,3,47.7,17,3,0,0,0,1,18.59
8.31,2,26.2,7,6,1,0,2,2,21.8
4.14,3,24.1,17,1,0,0,1,2,11.67
4.43,4,12.4,9,3,0,0,1,1,24.6
12.45,1,28.5,8,6,1,0,2,0,35.36
2.59,3,38.5,9,1,0,1,0,1,4.77
13.66,3,21.1,13,1,0,0,1,1,47.21
3.72,3,23.7,18,5,1,0,1,1,13.08
13.35,3,43.1,13,0,0,1,0,2,18.09
10.61,3,14.7,9,0,0,0,2,0,55.68
3.43,3,49.7,20,2,0,0,0,2,4.38
9.71,2,60.3,3,1,0,0,0,0,11.09
2.17,2,69.8,18,3,0,0,0,3,1.79
11.79,3,21.5,18,0,0,0,2,2,35.87
3.37,3,18.5,8,5,1,2,1,3,11.55
11.8,2,41.5,8,3,0,0,1,3,18.66
2.71,2,75.3,20,5,1,0,0,3,2.36
3.52,2,40.6,14,0,0,2,0,0,5.62
15.55,1,34.7,2,1,0,0,2,2,34.12
8.82,4,8.0,20,3,0,0,1,1,72.77
3.75,3,41.2,10,2,0,0,0,1,5.96
7.8,3,22.6,10,6,1,0,1,1,23.7
7.7,1,34.4,16,2,0,2,1,0,17.84
5.78,2,55.7,16,2,0,1,0,1,6.94
7.66,2,25.2,10,0,0,2,1,2,22.03
12.53,1,62.7,7,0,0,3,0,1,13.17
10.44,1,33.8,14,2,0,0,2,2,21.81
9.05,2,33.7,16,3,0,1,1,2,19.45
3.68,4,10.1,19,0,0,0,2,1,25.94
2.68,3,16.2,13,2,0,3,1,0,10.85
6.38,2,42.7,16,0,0,0,1,3,10.4
10.58,2,42.1,3,4,0,0,1,3,17.5
1.53,3,22.1,20,3,0,0,1,1,5.24
4.95,2,30.0,9,1,0,0,1,1,12.95
8.7,2,37.0,16,3,0,0,1,3,16.89
13.51,2,35.0,21,6,1,0,1,1,33.27
0.99,3,12.4,18,1,0,0,2,1,5.61
6.35,1,44.0,16,2,0,0,1,0,11.45
4.74,2,26.2,17,0,0,0,2,1,15.55
6.71,3,17.8,21,2,0,0,2,2,26.77
9.06,1,52.7,19,5,1,0,1,2,12.13
2.02,2,21.9,16,1,0,0,2,0,7.63
3.57,1,59.6,16,4,0,0,1,3,4.02
3.86,2,27.1,7,1,0,0,2,2,10.08
5.34,1,79.9,12,0,0,0,0,1,4.59
12.11,4,22.3,9,4,0,0,0,2,32.61
3.37,3,20.7,11,0,0,1,1,2,12.63
4.33,1,49.2,16,4,0,1,1,3,6.08
2.62,1,37.5,7,0,0,2,1,2,4.53
5.37,1,87.4,0,1,0,0,0,2,4.11
5.68,3,15.5,11,1,0,0,2,1,26.0
5.96,4,14.1,9,1,0,3,1,3,29.04
21.55,4,28.8,11,1,0,0,0,2,45.05
10.52,3,19.1,21,4,0,0,1,1,39.71
6.52,2,27.1,17,6,1,1,1,0,18.15
8.97,3,22.7,9,3,0,0,2,2,25.49
4.59,4,16.0,7,3,0,1,1,2,17.78
19.19,4,26.5,16,6,1,0,0,1,43.85
10.8,3,10.5,16,2,0,0,2,0,72.07
9.96,1,35.0,13,3,0,0,2,2,20.8
13.76,4,31.1,8,2,0,0,0,2,27.39
16.58,2,53.2,1,1,0,2,0,2,18.07
3.43,3,20.5,8,0,0,1,1,1,11.4
12.84,2,35.2,12,3,0,0,1,0,30.18
8.59,3,19.7,18,3,0,0,1,1,30.46
7.89,3,18.2,19,1,0,1,1,1,31.89
15.42,3,46.6,11,1,0,1,0,2,20.43
3.63,4,9.9,18,3,0,0,1,2,21.04
6.59,2,46.3,23,1,0,2,0,0,8.6
6.06,2,27.1,17,3,0,2,1,1,18.34
8.52,2,40.0,17,0,0,0,1,3,15.4
8.75,1,65.1,20,5,1,2,0,2,7.96
12.55,3,19.0,10,0,0,1,1,1,48.95
6.94,1,40.1,0,2,0,2,1,2,11.89
16.13,2,62.2,23,3,0,0,0,2,17.13
9.08,4,15.5,13,5,1,0,1,0,40.76
3.38,4,10.2,18,0,0,0,1,2,19.81
4.67,1,81.3,19,5,1,1,0,3,3.77
9.94,1,42.7,11,6,1,0,1,0,18.36
8.73,1,47.5,14,0,0,0,1,1,16.38
8.44,1,78.5,14,6,1,0,0,1,7.29
17.47,2,61.3,8,6,1,0,0,1,18.31
11.82,2,29.9,6,4,0,1,1,1,28.86
5.26,1,42.7,14,5,1,1,1,1,10.44
6.17,1,69.9,6,0,0,1,0,1,5.71
5.09,1,28.3,10,2,0,0,2,0,15.49
3.9,3,18.0,7,0,0,3,1,0,15.13
18.16,3,43.7,17,1,0,0,0,2,24.64
8.68,3,47.3,20,4,0,0,0,2,12.43
3.02,2,61.3,15,3,0,0,0,0,3.67
15.27,3,14.1,11,2,0,3,2,2,70.05
4.26,2,33.8,23,5,1,0,1,0,10.45
7.8,2,34.8,1,5,1,0,1,1,16.74
7.13,2,33.1,9,0,0,0,1,1,18.85
2.37,3,21.3,9,3,0,0,1,3,7.47
1.6,4,7.1,10,0,0,2,2,2,14.8
10.6,3,48.5,8,4,0,0,0,2,13.35
13.32,4,16.3,8,6,1,0,1,3,54.0
8.1,4,22.2,8,3,0,1,0,1,22.24
24.68,3,41.5,13,1,0,0,0,0,40.62
4.49,3,21.8,10,5,1,0,1,2,13.64
1.94,2,30.5,16,1,0,1,1,2,4.02
8.84,3,13.4,13,5,1,2,2,2,39.48
3.57,2,63.7,7,3,0,0,0,1,3.77
6.57,2,31.6,18,1,0,1,1,0,16.37
11.96,1,40.9,12,2,0,0,2,2,22.95
4.84,2,36.0,7,5,1,0,1,2,9.3
6.57,2,38.8,7,4,0,0,1,2,10.47
12.97,3,23.9,18,2,0,0,1,2,36.96
6.06,3,24.2,17,3,0,0,1,3,17.81
8.84,1,34.4,13,2,0,0,2,2,19.7
9.48,3,23.6,9,5,1,0,1,3,25.52
6.09,2,29.6,12,4,0,1,1,1,15.22
6.21,2,74.3,16,4,0,0,0,3,5.39
6.73,3,44.1,20,5,1,1,0,2,9.73
4.51,1,29.0,14,6,1,0,2,1,13.37
8.58,3,21.9,9,3,0,0,1,2,23.46
4.57,1,43.6,2,5,1,0,1,1,8.75
4.97,1,45.2,7,2,0,0,1,0,9.66
3.61,1,28.2,16,5,1,1,2,1,10.21
13.55,4,20.0,7,4,0,0,1,3,46.7
2.72,1,43.7,13,3,0,2,1,3,4.3
17.71,2,60.0,17,5,1,0,0,0,19.42
6.34,2,36.8,9,4,0,0,1,3,12.86
5.28,2,59.0,17,5,1,0,0,1,5.72
3.61,2,29.1,15,0,0,0,1,1,9.04
3.86,1,59.4,12,0,0,0,1,3,4.79
4.55,3,53.1,20,4,0,0,0,3,5.52
28.38,3,46.7,17,3,0,1,0,2,37.26
4.55,2,73.4,10,0,0,0,0,2,3.54
8.97,4,11.3,18,4,0,1,1,1,55.21
5.88,1,81.0,18,5,1,0,0,1,5.25
18.53,3,56.2,18,1,0,0,0,3,20.09
7.72,1,46.0,16,5,1,0,1,1,15.25
3.06,3,16.1,10,2,0,0,2,1,15.62
5.05,3,48.9,10,4,0,1,0,2,5.99
22.42,2,56.7,16,6,1,1,0,2,23.26
10.81,2,27.5,6,0,0,1,1,1,30.76
6.61,4,8.4,19,4,0,0,2,1,51.91
3.72,1,62.8,10,5,1,3,0,1,4.11
4.0,2,25.6,16,6,1,0,1,1,11.67
3.35,1,50.7,13,3,0,0,1,2,4.89
2.26,3,14.0,13,0,0,3,1,0,11.15
10.42,3,15.7,18,3,0,3,2,2,46.23
9.37,2,36.4,16,3,0,0,1,1,23.16
7.37,3,22.0,8,5,1,0,1,1,24.49
14.58,1,48.6,4,3,0,0,1,0,29.47
10.21,3,47.3,19,6,1,0,0,1,15.16
2.6,1,51.8,20,6,1,1,1,2,3.72
6.78,2,70.8,7,4,0,0,0,2,6.11
11.14,3,21.5,9,0,0,0,1,1,38.05
6.82,3,16.8,9,3,0,0,2,1,28.04
7.21,4,23.3,21,1,0,1,0,2,19.02
2.22,4,30.5,8,2,0,0,0,2,4.56
4.64,1,34.7,7,6,1,3,1,0,10.8
9.01,1,44.1,7,4,0,1,1,1,16.57
6.19,2,61.8,17,1,0,0,0,1,6.79
2.46,2,17.2,20,6,1,0,2,1,11.52
11.05,3,17.9,11,0,0,0,2,1,49.01
6.02,1,29.4,6,2,0,0,2,1,17.77
7.15,2,49.3,15,6,1,2,0,2,8.95
2.62,4,33.5,8,6,1,0,0,3,4.82
2.03,2,29.8,4,3,0,1,1,0,5.26
7.38,4,32.3,20,1,0,0,0,2,14.75
13.57,2,60.4,20,1,0,0,0,0,15.39
10.86,3,21.2,22,3,0,0,1,1,37.24
9.98,2,32.2,12,5,1,1,1,2,21.81
7.77,2,36.6,9,5,1,0,1,2,14.61
2.95,2,33.8,18,3,0,0,1,1,7.66
1.36,2,37.6,7,6,1,0,1,3,2.41
24.15,3,22.2,8,1,0,0,1,2,73.53
6.0,2,63.0,8,0,0,0,0,1,5.99
4.73,1,45.1,22,4,0,1,1,2,7.82
7.07,4,14.1,17,0,0,0,1,1,35.59
3.6,1,86.9,6,0,0,0,0,2,2.78
5.09,2,30.7,5,4,0,0,1,1,13.74
17.47,4,9.8,19,0,0,0,1,0,124.4
8.33,4,9.6,18,2,0,1,2,2,54.52
9.49,3,21.1,17,3,0,1,1,2,30.41
6.33,1,46.1,7,1,0,1,1,2,9.03
12.59,2,56.4,13,4,0,1,0,1,14.87
12.4,2,26.9,15,0,0,0,2,1,37.22
5.9,3,13.2,21,1,0,3,2,3,28.02
6.81,1,56.0,7,5,1,0,1,2,8.6
13.78,2,17.8,13,2,0,1,2,1,60.47
7.05,4,14.4,7,0,0,0,1,2,31.7
5.48,3,23.6,12,0,0,0,1,0,17.13
5.73,3,46.5,8,0,0,0,0,2,6.99
5.06,2,58.3,19,2,0,0,0,0,5.9
7.0,4,10.1,8,3,0,0,1,1,42.99
5.17,3,46.7,11,1,0,0,0,2,6.72
6.99,2,25.3,11,6,1,0,2,1,21.79
4.31,4,6.8,19,6,1,1,2,2,40.14
8.43,4,18.5,18,0,0,0,1,2,26.47
9.16,3,46.3,3,5,1,0,0,1,13.43
10.09,1,53.2,4,0,0,1,1,3,13.64
9.26,3,49.5,14,2,0,0,0,2,12.01
12.05,4,6.3,11,2,0,0,2,1,120.02
7.33,1,38.3,9,1,0,3,1,1,16.94
6.95,3,47.1,18,1,0,0,0,1,9.23
4.68,1,47.1,6,5,1,0,1,0,8.11
10.64,3,42.2,22,0,0,0,0,1,14.48
4.88,1,70.2,1,6,1,1,0,1,5.06
1.97,2,59.1,6,5,1,0,0,1,2.05
4.54,2,22.0,9,5,1,0,2,1,17.13
11.1,3,18.9,13,5,1,0,1,0,41.55
9.86,3,20.2,8,0,0,0,1,0,36.0
7.92,2,69.3,17,0,0,0,0,2,7.66
21.45,4,11.1,10,0,0,0,1,1,130.18
8.46,2,32.6,2,0,0,0,1,1,21.51
4.07,2,34.1,20,5,1,0,1,2,7.81
3.83,4,9.3,21,2,0,1,1,3,27.94
9.25,3,38.6,16,6,1,0,0,0,16.63
14.96,4,6.9,18,3,0,0,2,2,129.43
6.9,1,83.4,6,1,0,0,0,1,5.21
8.61,4,6.1,8,2,0,0,2,0,100.21
8.87,2,36.0,9,4,0,0,1,1,20.72
21.91,2,25.8,22,4,0,0,2,2,59.1
11.66,2,36.4,13,4,0,0,1,3,20.58
13.28,1,24.5,0,1,0,0,2,0,44.0
3.96,2,55.6,10,0,0,1,0,1,5.0
4.87,1,80.7,0,4,0,0,0,1,3.88
4.63,4,14.3,8,4,0,0,1,3,21.09
5.98,2,67.3,12,3,0,0,0,2,5.58
7.22,2,22.2,9,2,0,1,2,1,25.8
8.26,2,37.7,2,5,1,0,1,1,19.33
6.61,2,16.6,6,1,0,2,2,1,28.67
4.56,1,46.9,14,1,0,0,1,0,8.33
3.43,3,17.6,17,3,0,0,2,3,12.94
8.76,1,54.0,11,6,1,0,1,3,12.12
10.26,3,43.1,17,4,0,0,0,0,16.43
6.14,4,29.0,7,5,1,0,0,1,12.72
2.21,2,28.1,6,5,1,1,1,0,6.45
11.59,3,15.3,19,3,0,0,2,1,57.79
5.98,3,44.6,10,0,0,0,0,3,8.62
2.76,4,14.4,11,4,0,0,1,3,12.22
6.84,1,38.1,21,6,1,2,1,2,11.85
12.04,1,35.1,11,5,1,0,2,3,26.18
5.34,2,28.0,0,1,0,0,2,2,13.27
1.05,2,58.3,21,5,1,0,0,1,1.5
5.79,2,34.0,0,2,0,0,1,2,11.06
4.42,1,47.7,16,3,0,1,1,2,7.12
7.59,2,40.4,9,5,1,0,1,2,13.95
6.94,2,70.0,12,5,1,0,0,2,6.03
5.06,3,15.3,14,5,1,0,2,2,20.99
4.87,2,62.9,11,6,1,0,0,1,5.06
14.04,3,24.4,18,3,0,0,1,3,38.05
9.22,2,59.5,21,1,0,0,0,0,10.45
9.05,1,50.2,5,5,1,1,1,2,13.36
11.22,2,23.9,18,6,1,1,2,2,32.45
5.95,3,37.3,6,5,1,1,0,0,9.69
16.13,3,14.4,5,4,0,1,2,1,81.52
8.31,4,17.8,22,6,1,0,1,1,32.71
7.37,1,52.2,13,4,0,0,1,3,11.58
8.25,1,74.2,7,4,0,1,0,2,6.63
5.78,2,30.9,15,5,1,0,1,1,16.26
4.55,2,71.9,8,5,1,0,0,3,3.87
12.7,2,21.7,12,5,1,1,2,1,44.06
3.23,1,62.6,16,2,0,2,0,2,3.25
3.42,1,46.0,20,6,1,0,1,1,6.89
6.46,2,27.5,0,2,0,0,1,0,19.18
3.99,3,28.9,8,4,0,0,1,2,9.45
2.22,1,30.8,5,2,0,0,2,1,6.43
3.34,1,73.6,5,3,0,1,0,1,3.37
4.06,1,31.0,21,6,1,0,2,1,11.58
8.52,1,88.4,21,5,1,0,0,2,6.28
6.16,3,35.4,18,4,0,3,0,1,10.23
11.5,2,25.1,16,2,0,0,2,1,35.42
3.22,3,23.9,19,5,1,0,1,1,10.02
3.59,1,40.7,3,5,1,0,1,0,6.72
7.78,3,36.2,6,3,0,1,0,0,13.3
4.43,3,44.4,9,3,0,1,0,2,6.34
5.6,4,19.1,19,2,0,0,1,3,19.67
3.37,1,51.4,12,4,0,0,1,2,4.74
3.21,1,33.9,13,4,0,2,1,1,7.62
4.33,2,36.9,8,6,1,0,1,2,8.28
11.88,2,25.9,16,2,0,0,2,2,30.79
2.72,4,7.5,20,2,0,0,2,0,22.81
12.66,3,45.3,9,0,0,0,0,0,18.14
11.25,3,21.9,16,3,0,0,1,3,33.06
5.05,4,20.6,9,4,0,2,0,1,14.47
6.92,3,11.8,18,1,0,0,2,1,43.9
8.15,3,38.0,12,3,0,1,0,1,14.08
9.96,2,27.1,10,5,1,1,1,0,26.26
3.59,2,35.3,11,4,0,0,1,2,7.0
10.62,1,64.4,5,5,1,3,0,1,10.72
7.26,2,33.9,19,0,0,0,1,2,15.4
3.77,2,77.7,22,3,0,0,0,3,3.35
7.3,1,74.3,12,3,0,0,0,0,5.87
3.74,4,14.4,8,5,1,0,1,1,17.67
6.78,3,16.8,17,6,1,0,2,3,25.45
5.19,3,16.5,12,4,0,0,2,1,20.89
7.53,4,12.3,8,1,0,0,2,3,42.84
7.79,3,12.9,2,2,0,0,2,1,43.04
13.62,2,34.3,20,1,0,1,1,1,32.53
9.63,1,45.0,18,5,1,1,1,2,14.73
8.69,2,20.3,19,6,1,0,2,0,33.86
2.12,1,70.6,12,6,1,1,0,1,1.81
11.67,3,16.0,18,0,0,0,2,1,52.82
5.33,2,28.7,15,3,0,0,1,0,14.19
3.37,3,23.8,10,5,1,0,1,1,12.02
19.53,1,71.5,19,6,1,1,0,1,17.61
4.43,3,40.2,23,5,1,1,0,0,7.03
14.44,1,46.0,20,6,1,0,1,0,29.43
8.21,4,15.5,18,4,0,0,1,2,33.57
9.25,2,33.5,18,3,0,0,1,1,19.95
6.81,1,71.7,16,2,0,1,0,1,6.14
3.83,3,16.6,19,1,0,2,1,0,14.63
10.27,3,18.5,13,1,0,0,1,0,38.34
7.88,2,33.7,7,0,0,0,1,1,19.0
7.81,2,56.8,18,4,0,0,0,0,8.95
7.17,4,8.7,21,2,0,3,1,2,52.47
5.87,2,55.7,10,6,1,2,0,3,6.37
10.31,2,56.9,18,5,1,3,0,2,11.88
9.11,2,37.8,9,2,0,0,1,2,17.09
10.96,2,32.2,21,4,0,0,1,0,26.48
6.03,2,26.7,17,6,1,2,1,1,16.2
5.74,2,24.0,15,0,0,2,1,0,17.16
4.92,1,55.9,18,5,1,0,1,3,6.58
7.29,4,23.6,19,2,0,1,0,0,19.27
2.2,1,59.2,20,0,0,2,0,1,2.3
24.79,1,52.5,20,6,1,2,0,0,31.49
4.6,4,5.5,3,4,0,1,2,0,56.68
13.36,1,85.9,6,4,0,0,0,2,9.53
5.26,1,28.8,19,4,0,1,2,0,15.46
9.56,3,19.8,21,2,0,0,1,0,35.12
16.9,2,40.8,9,4,0,0,1,3,28.0
9.26,3,22.8,0,2,0,0,1,1,27.01
16.37,3,24.4,9,0,0,0,1,2,44.47
12.93,4,30.2,10,3,0,0,0,3,25.49
3.66,3,50.2,18,0,0,0,0,2,4.16
10.36,3,21.1,3,6,1,0,1,0,33.73
8.44,3,13.1,8,2,0,0,2,1,44.92
4.37,3,20.0,20,6,1,0,1,1,15.15
12.31,2,34.2,7,1,0,1,1,2,24.98
3.15,3,14.3,18,1,0,0,2,1,16.13
11.87,2,28.5,10,5,1,1,1,0,31.13
10.44,2,38.4,16,3,0,0,1,1,23.88
7.38,2,25.2,4,4,0,0,2,2,21.33
4.75,3,42.6,9,0,0,0,0,1,7.51
10.28,4,23.3,11,0,0,1,0,1,27.07
1.74,3,47.7,19,2,0,0,0,1,2.18
4.19,2,31.1,15,5,1,0,1,1,11.09
6.88,1,34.1,2,3,0,1,2,3,14.87
7.39,3,20.4,18,4,0,0,1,2,22.7
4.25,3,25.3,3,3,0,0,1,1,12.42
4.32,2,34.8,21,6,1,0,1,0,10.02
9.43,2,41.8,8,1,0,0,1,3,16.13
3.73,2,36.2,13,5,1,0,1,2,7.13
5.54,3,15.4,4,3,0,3,1,0,23.91
3.14,1,50.2,14,6,1,0,1,2,4.49
7.1,3,40.3,13,4,0,0,0,1,11.97
6.09,2,28.4,11,5,1,0,1,0,16.49
1.62,1,50.9,2,4,0,0,1,2,2.33
2.72,4,13.2,20,0,0,3,1,1,14.07
13.83,4,8.5,18,0,0,3,1,3,97.5
4.48,1,38.8,16,4,0,1,1,0,10.02
8.57,1,53.1,15,0,0,0,1,3,11.7
3.57,4,9.1,17,0,0,2,1,0,24.89
14.97,2,34.9,7,0,0,0,1,0,34.83
2.09,1,35.7,21,6,1,0,2,2,4.78
13.07,3,23.6,9,4,0,0,1,2,30.57
7.37,2,64.7,16,0,0,0,0,1,7.74
10.13,3,11.9,15,1,0,2,2,3,52.18
13.95,1,70.4,16,5,1,3,0,2,13.99
8.03,3,7.4,20,4,0,2,2,1,69.04
17.17,2,23.4,9,3,0,0,2,1,59.87
13.82,1,53.8,18,5,1,0,1,2,19.31
9.95,3,15.7,15,6,1,2,1,2,40.17
12.6,2,65.9,4,6,1,0,0,2,12.38
6.95,3,43.8,11,2,0,0,0,1,10.05
3.85,1,51.5,19,5,1,0,1,2,5.33
22.83,4,18.0,9,6,1,0,1,2,80.51
7.24,2,20.4,13,2,0,2,2,2,22.64
8.26,2,42.4,13,1,0,0,1,3,13.07
2.82,4,18.6,16,4,0,0,1,2,9.99
14.43,4,32.9,20,3,0,0,0,3,26.78
8.13,1,51.3,7,4,0,0,1,2,11.72
9.42,2,62.8,13,3,0,0,0,0,10.05
10.16,3,12.5,11,3,0,0,1,1,52.68
4.4,3,14.6,9,4,0,3,2,2,18.71
14.21,2,29.0,21,5,1,1,1,1,40.14
8.64,4,33.7,0,0,0,0,0,3,16.51
1.71,2,33.2,6,2,0,1,1,2,3.57
12.63,3,17.5,17,0,0,1,2,3,46.77
6.57,2,31.2,8,2,0,0,1,1,16.41
4.71,3,25.7,17,0,0,0,1,3,13.28
2.26,3,18.4,19,4,0,2,1,2,8.77
5.54,2,23.2,8,4,0,0,2,1,20.36
5.17,3,41.8,7,3,0,0,0,1,8.35
13.41,3,15.4,7,1,0,1,2,3,62.9
4.91,4,14.9,8,4,0,0,2,3,21.97
2.6,2,25.0,8,2,0,1,1,0,7.76
9.48,3,14.2,20,3,0,1,1,1,45.2
13.79,3,13.9,18,2,0,1,2,3,65.63
5.77,2,23.3,0,0,0,0,2,0,19.36
19.07,4,6.0,20,1,0,3,2,3,193.61
12.54,1,47.1,5,4,0,0,1,1,22.49
14.48,1,67.9,16,0,0,1,0,0,15.1
9.32,1,75.4,7,3,0,0,0,1,8.37
8.73,2,25.5,4,2,0,0,2,2,24.25
4.78,2,40.7,18,5,1,0,1,3,8.62
16.71,1,73.1,12,6,1,0,0,0,14.72
15.18,1,86.2,15,1,0,0,0,2,11.9
16.92,3,53.1,11,4,0,0,0,3,19.58
6.98,1,93.6,4,2,0,0,0,3,4.39
5.83,3,10.6,18,4,0,0,2,1,36.29
10.86,1,38.5,19,4,0,0,2,3,19.95
5.32,1,33.2,2,2,0,0,2,1,16.76
7.02,2,73.3,10,4,0,0,0,2,5.9
1.86,2,64.5,14,3,0,1,0,2,1.76
8.28,1,85.2,15,1,0,0,0,2,5.97
9.93,1,76.0,15,0,0,0,0,1,9.44
14.66,3,46.8,17,1,0,0,0,2,19.11
11.1,3,14.7,22,0,0,0,2,2,46.66
12.18,4,6.8,10,3,0,0,2,0,111.92
18.36,3,41.0,14,1,0,0,0,1,31.01
4.23,3,46.0,17,3,0,0,0,1,5.57
3.76,3,51.3,15,2,0,0,0,3,4.82
7.95,4,13.9,10,0,0,0,1,3,34.76
3.46,4,10.7,16,2,0,0,1,1,20.36
8.6,1,54.1,16,2,0,0,1,2,11.63
3.55,3,18.5,15,1,0,0,2,2,12.12
4.05,3,51.0,8,4,0,1,0,3,5.07
2.28,2,60.4,13,6,1,0,0,0,2.16
8.21,3,37.2,20,4,0,1,0,2,14.38
2.92,4,19.5,20,3,0,2,0,1,10.12
9.58,4,9.3,18,1,0,2,1,2,63.54
10.49,4,30.1,17,2,0,0,0,3,22.75
4.55,3,24.6,7,5,1,0,1,0,12.94
11.33,1,54.8,12,3,0,0,1,2,14.67
10.61,2,31.9,6,2,0,1,1,2,23.05
12.92,3,48.5,19,3,0,0,0,1,17.96
4.3,3,20.5,9,5,1,0,1,1,14.29
4.19,3,17.3,18,0,0,0,1,2,15.61
10.18,4,7.5,19,3,0,0,2,3,84.7
7.89,4,9.4,20,3,0,1,1,2,53.27
8.32,3,42.3,18,2,0,0,0,0,14.05
14.94,1,38.6,15,6,1,0,1,0,31.8
2.62,1,92.6,15,4,0,0,0,3,1.87
11.77,3,19.6,9,2,0,0,1,2,38.66
10.62,3,20.1,7,1,0,0,1,0,35.96
9.94,2,68.7,6,2,0,0,0,2,9.71
12.35,3,11.2,7,6,1,1,2,1,82.17
6.38,3,17.1,21,6,1,1,1,3,24.71
3.38,1,73.2,7,5,1,0,0,0,3.29
4.9,2,24.9,17,4,0,2,1,0,14.58
4.52,1,55.7,7,1,0,0,1,2,6.22
0.91,3,22.9,22,5,1,0,1,2,2.44
9.95,2,35.9,10,6,1,0,1,1,23.2
5.87,1,50.8,11,6,1,0,1,1,10.87
6.45,2,63.1,11,4,0,0,0,1,6.72
5.09,3,27.1,19,6,1,0,1,2,12.63
7.04,3,17.2,8,1,0,0,2,1,30.0
16.17,2,61.2,19,6,1,0,0,0,18.26
2.25,1,52.8,16,2,0,0,1,1,4.03
17.83,3,20.9,8,4,0,0,2,3,52.85
8.16,3,16.4,4,5,1,0,2,1,36.52
5.3,3,23.5,18,5,1,0,1,2,14.76
5.71,3,16.4,8,4,0,3,1,2,22.04
4.0,2,32.9,20,5,1,1,1,2,8.62
1.71,2,25.4,6,5,1,0,2,2,4.53
3.56,1,91.3,16,6,1,0,0,3,2.48
7.06,3,20.1,17,0,0,0,1,1,23.8
6.12,1,68.6,16,0,0,1,0,0,5.44
9.24,2,61.8,9,3,0,0,0,0,9.85
5.12,4,12.6,20,6,1,0,1,2,26.41
4.69,4,10.0,18,0,0,1,1,2,28.47
21.22,1,87.4,13,4,0,0,0,2,14.31
4.07,3,27.8,15,3,0,0,1,3,9.77
4.24,3,39.8,15,2,0,1,0,2,6.16
12.23,4,7.5,21,6,1,1,2,0,109.01
10.6,1,46.3,20,3,0,0,1,1,20.4
5.54,2,32.8,8,5,1,1,1,1,12.83
11.09,4,22.7,8,1,0,0,2,2,32.61
7.56,3,16.2,23,6,1,0,1,1,34.57
5.16,4,13.7,8,3,0,0,2,2,25.92
10.2,1,34.4,22,0,0,0,2,3,22.69
7.13,2,34.9,16,6,1,0,1,0,17.3
1.79,3,21.6,3,6,1,0,1,1,5.63
10.2,3,21.0,9,2,0,1,1,2,31.52
6.52,2,36.4,12,1,0,0,1,2,12.34
15.46,3,20.0,19,3,0,0,1,2,49.11
11.38,2,59.9,9,2,0,0,0,0,12.66
7.91,4,7.5,9,0,0,0,2,1,77.28
5.63,2,80.2,21,6,1,0,0,3,4.69
7.02,1,50.4,5,2,0,0,1,2,9.81
3.94,3,55.1,14,2,0,0,0,3,4.67
7.91,3,20.2,13,1,0,0,1,1,27.38
16.11,2,23.4,3,4,0,1,2,1,56.85
19.04,3,11.5,5,0,0,2,1,1,116.79
13.55,2,34.8,10,1,0,0,1,2,27.12
7.65,4,27.4,6,1,0,0,0,2,17.99
2.6,1,44.8,12,1,0,0,1,1,4.65
6.76,3,18.6,16,4,0,0,2,0,28.45
11.8,4,13.4,17,4,0,0,2,2,53.39
11.07,1,50.6,14,6,1,1,1,2,16.12
6.38,4,8.3,10,3,0,0,1,2,47.33
6.08,3,36.0,6,3,0,2,0,2,9.81
8.83,4,11.2,8,0,0,0,1,1,50.5
7.27,2,32.3,11,5,1,0,1,1,18.71
6.74,3,13.3,21,0,0,2,1,2,30.71
6.55,2,28.6,8,4,0,0,2,3,15.45
14.6,3,22.2,11,4,0,1,1,1,51.77
3.6,3,23.8,17,4,0,0,1,2,9.42
5.86,1,62.9,17,6,1,1,0,1,6.17
6.07,1,86.3,22,1,0,0,0,2,4.35
7.77,2,31.7,7,4,0,0,1,0,21.64
7.14,1,48.6,0,1,0,0,1,1,13.6
6.86,1,48.5,9,1,0,0,1,1,13.15
3.75,3,40.5,7,0,0,0,0,1,6.28
7.13,3,16.2,14,6,1,3,1,1,30.95
10.05,1,50.4,20,2,0,0,1,1,16.99
7.93,4,10.8,17,3,0,0,1,1,51.07
3.55,3,24.8,6,3,0,0,1,3,9.08
7.49,2,36.2,6,6,1,1,1,2,13.86
7.21,1,25.2,20,0,0,2,2,1,25.12
5.72,4,12.6,13,0,0,0,2,2,29.57
7.98,2,33.9,21,4,0,0,1,1,20.9
4.79,4,14.1,17,4,0,1,1,2,23.79
10.3,3,22.4,23,4,0,0,1,0,33.81
18.4,4,13.8,20,1,0,0,1,1,85.38
10.8,4,29.3,11,1,0,0,0,3,22.83
4.31,3,19.0,18,4,0,0,1,0,15.18
9.98,1,48.0,12,6,1,0,1,0,20.27
11.4,3,24.3,8,1,0,0,1,1,37.66
8.75,4,24.9,8,0,0,0,0,1,21.84
9.26,4,31.2,11,4,0,0,0,2,19.0
6.75,3,18.5,6,3,0,0,2,3,25.46
3.19,1,71.9,7,3,0,0,0,0,3.09
6.48,1,33.6,13,5,1,0,2,1,18.0
3.91,1,47.7,22,1,0,0,1,2,6.09
6.15,1,75.0,15,3,0,0,0,1,5.42
5.06,4,26.7,11,4,0,0,0,2,11.44
3.74,3,19.5,8,6,1,0,1,1,12.57
14.28,3,46.1,7,3,0,0,0,2,18.84
7.05,2,22.9,16,0,0,1,2,2,19.29
5.16,3,14.9,19,1,0,0,1,1,24.02
2.34,2,22.8,11,3,0,2,1,1,7.65
11.07,2,20.8,14,1,0,0,2,0,45.06
8.08,2,62.4,17,0,0,0,0,1,8.9
19.84,2,28.4,3,3,0,0,2,2,49.6
4.55,1,32.0,10,5,1,2,2,3,9.71
13.65,3,23.6,17,4,0,0,1,2,36.04
6.48,4,18.6,17,2,0,0,1,2,21.46
4.04,4,9.1,3,6,1,0,1,2,27.47
5.53,4,8.6,8,3,0,0,2,1,46.0
7.55,3,50.7,17,0,0,0,0,2,8.87
5.17,1,79.5,8,5,1,0,0,2,4.03
3.27,1,45.5,19,5,1,0,1,0,6.45
3.95,2,24.4,1,2,0,2,1,1,13.48
9.49,2,76.6,7,5,1,0,0,3,8.27
3.63,2,29.1,9,3,0,0,2,3,9.06
4.75,4,5.7,21,1,0,3,2,1,54.17
3.72,3,45.6,18,0,0,0,0,2,5.12
8.2,3,14.6,20,3,0,0,2,0,41.35
25.24,3,42.3,12,6,1,0,0,1,37.09
9.27,2,42.1,19,6,1,0,1,2,16.05
4.41,4,26.9,19,0,0,0,0,2,10.23
8.19,3,22.1,11,4,0,0,1,2,24.17
4.58,2,24.8,23,2,0,0,2,2,12.4
7.75,2,57.9,19,2,0,1,0,1,8.31
15.23,1,52.2,22,4,0,1,1,3,20.84
6.83,3,35.1,20,2,0,2,0,1,12.03
8.52,3,39.1,18,2,0,2,0,3,13.17
7.0,1,25.6,21,5,1,1,2,0,19.51
11.62,1,48.1,11,6,1,0,1,2,17.24
10.15,4,11.9,18,4,0,0,1,1,54.72
5.68,3,22.5,8,1,0,0,1,2,15.68
10.15,2,62.6,17,5,1,0,0,0,11.06
7.79,4,29.4,18,2,0,0,0,0,15.92
5.41,4,14.8,17,1,0,0,1,0,26.87
5.46,4,7.2,19,0,0,1,2,1,50.38
7.66,3,13.1,11,0,0,0,1,1,40.49
8.45,3,20.0,14,6,1,0,1,1,33.09
6.38,2,33.2,0,2,0,0,1,1,15.47
8.57,1,31.7,7,0,0,0,2,1,24.18
4.34,3,55.0,16,4,0,0,0,3,4.92
3.53,3,17.2,15,2,0,3,1,2,13.81
2.58,1,35.8,7,4,0,2,1,1,6.0
9.4,2,22.5,8,6,1,0,2,1,31.49
2.42,2,32.8,10,1,0,2,1,3,4.5
8.52,4,14.0,17,3,0,0,1,1,41.41
5.21,1,47.8,16,3,0,0,1,1,10.09
5.79,2,61.8,4,5,1,0,0,1,5.85
5.84,2,30.0,18,6,1,1,1,1,15.16
22.79,2,27.7,8,2,0,0,2,1,65.12
4.84,3,16.2,17,6,1,0,2,2,18.3
3.88,1,44.3,6,4,0,0,1,1,7.31
17.84,2,37.4,23,3,0,0,1,1,41.3
2.77,1,38.5,5,2,0,0,2,2,4.69
3.22,1,44.5,18,6,1,1,1,2,4.93
11.19,1,76.4,14,5,1,0,0,0,8.99
8.68,2,30.3,5,6,1,3,1,2,17.76
5.45,2,27.3,1,3,0,3,1,3,14.09
3.59,2,22.7,10,6,1,0,2,0,12.64
1.64,1,55.2,18,5,1,0,1,3,2.22
15.69,2,61.7,2,3,0,0,0,0,16.8
10.17,2,43.3,17,0,0,0,1,3,16.45
14.75,2,71.5,16,6,1,0,0,2,12.95
12.35,4,6.9,8,6,1,0,2,2,111.58
8.93,3,40.7,4,6,1,1,0,0,14.19
4.76,3,38.6,21,2,0,0,0,0,8.05
3.6,1,54.6,9,5,1,0,1,3,4.67
13.02,2,73.8,6,5,1,0,0,3,11.49
5.22,2,53.9,17,3,0,3,0,1,6.7
3.73,2,33.5,8,5,1,0,1,1,8.73
4.55,2,34.6,12,2,0,0,1,0,11.14
13.47,4,14.0,3,0,0,0,1,3,55.9
3.98,1,37.9,23,2,0,0,2,3,8.06
5.47,3,18.6,12,6,1,1,1,0,21.65
6.48,4,9.0,23,0,0,0,2,1,47.48
7.9,2,44.2,10,6,1,0,1,3,12.31
3.78,3,16.9,10,3,0,1,1,0,16.44
6.35,1,37.8,21,5,1,0,2,3,11.91
11.31,2,35.2,9,5,1,1,1,1,28.46
19.86,4,27.8,11,3,0,1,0,0,42.58
3.35,2,25.5,4,3,0,1,1,0,9.27
3.71,1,65.4,22,0,0,2,0,2,3.84
4.07,3,21.3,5,1,0,0,1,0,14.48
9.79,2,21.7,18,0,0,0,2,0,41.94
3.51,1,51.3,14,0,0,0,1,2,4.52
6.22,1,89.6,4,6,1,0,0,2,4.28
5.84,2,79.4,0,5,1,0,0,3,4.43
20.83,3,19.7,21,4,0,1,1,2,68.32
4.81,4,28.9,18,3,0,0,0,0,10.44
4.64,3,38.0,17,3,0,0,0,0,8.55
9.79,2,68.3,12,6,1,0,0,2,8.73
8.18,3,23.3,8,4,0,1,1,3,23.78
4.44,2,35.3,17,5,1,0,1,2,8.86
13.99,3,48.9,16,1,0,0,0,1,18.51
2.71,2,25.5,17,2,0,0,2,2,7.69
6.6,4,6.0,10,3,0,0,2,0,72.18
5.62,1,41.5,23,3,0,3,1,2,9.85
6.27,3,37.3,4,0,0,3,0,1,10.49
4.42,2,40.3,5,1,0,0,1,3,7.04
6.35,3,22.8,21,1,0,0,1,1,20.71
7.65,2,57.7,16,5,1,1,0,1,9.89
1.16,4,11.6,9,1,0,0,1,1,6.55
5.09,4,17.8,18,1,0,0,1,2,18.45
4.09,1,25.9,12,4,0,0,2,0,14.18
17.19,1,71.7,1,0,0,0,0,0,14.62
8.76,1,60.6,16,6,1,2,0,2,9.09
3.94,2,76.3,8,5,1,0,0,3,3.05
4.93,2,19.9,6,6,1,1,2,2,16.02
5.75,3,41.2,8,4,0,0,0,1,8.89
4.86,2,30.1,12,4,0,0,1,1,13.54
9.14,3,13.2,3,2,0,0,2,1,48.29
15.58,3,9.7,20,0,0,2,2,2,103.68
0.8,2,37.8,14,1,0,0,1,1,1.75
5.54,2,24.2,9,5,1,0,2,2,16.32
19.8,2,36.2,17,0,0,0,1,2,39.26
5.67,3,17.1,18,1,0,0,2,2,23.54
7.91,1,85.1,16,2,0,0,0,2,6.15
1.41,4,12.0,8,3,0,1,1,3,7.69
13.9,2,32.7,6,4,0,0,1,1,34.12
3.31,4,14.1,19,2,0,1,1,2,16.5
8.64,3,24.5,8,4,0,0,1,2,23.55
3.72,2,60.1,1,5,1,0,0,0,4.2
0.89,2,68.0,16,1,0,0,0,3,1.5
8.19,1,45.5,7,5,1,1,1,2,13.4
10.3,3,16.7,23,1,0,1,1,0,41.01
6.48,2,74.0,20,6,1,0,0,2,5.73
3.04,1,26.7,16,2,0,1,2,0,8.91
21.99,4,30.1,19,3,0,0,0,1,47.53
10.07,1,78.1,12,3,0,0,0,1,8.25
7.47,2,36.8,18,4,0,0,1,1,16.73
12.66,3,22.1,16,1,0,0,1,2,39.2
4.86,2,22.1,1,1,0,0,2,2,15.03
18.14,2,67.6,21,3,0,0,0,2,16.18
10.18,2,32.5,19,6,1,0,1,2,18.97
11.99,3,22.0,22,1,0,0,1,1,39.33
5.47,1,43.1,17,5,1,0,1,0,11.53
3.25,2,33.0,11,1,0,1,1,1,8.29
7.53,1,46.3,8,2,0,0,1,0,15.25
4.99,3,15.5,7,3,0,0,2,3,21.12
19.33,2,17.1,7,6,1,3,2,2,76.68
2.65,4,6.8,8,3,0,1,2,3,23.82
14.57,2,28.6,14,5,1,2,1,1,37.39
2.06,2,32.3,17,6,1,0,1,2,3.92
3.71,2,59.9,9,5,1,0,0,1,4.31
2.02,1,78.8,14,0,0,0,0,2,1.57
4.87,1,47.0,10,5,1,0,1,1,9.11
5.94,2,37.6,17,3,0,0,1,2,11.6
4.48,3,48.4,23,3,0,0,0,2,5.63
8.64,2,41.2,17,5,1,0,1,2,16.2
5.97,4,11.1,3,0,0,1,1,1,34.1
1.45,3,43.6,12,1,0,0,0,0,1.98
3.58,3,23.4,18,1,0,1,1,1,10.98
5.43,4,11.0,14,4,0,2,1,1,34.13
12.35,2,26.2,22,1,0,1,2,2,32.66
7.25,4,12.8,3,3,0,0,1,1,36.21
5.02,2,62.7,9,4,0,0,0,1,4.8
2.43,3,50.6,8,4,0,0,0,2,2.99
7.44,1,85.6,18,5,1,0,0,2,5.04
14.0,1,70.3,14,5,1,1,0,1,12.99
5.58,2,29.9,6,1,0,0,1,0,15.14
3.81,4,12.2,9,4,0,1,1,1,21.7
9.4,3,14.9,14,0,0,1,1,1,40.68
12.63,3,19.8,23,6,1,0,1,3,40.07
6.06,3,25.3,10,4,0,0,1,2,16.76
10.04,1,38.5,7,2,0,0,2,3,19.09
5.19,1,27.3,13,0,0,0,2,1,16.8
10.31,3,46.5,9,3,0,0,0,2,12.2
14.39,2,29.1,15,1,0,1,1,1,37.63
11.19,3,41.9,12,1,0,0,0,1,16.38
9.18,1,47.8,17,5,1,0,1,0,16.34
17.08,4,16.3,21,2,0,0,1,2,64.88
5.76,3,24.7,8,1,0,0,1,3,16.73
9.18,3,48.5,19,3,0,1,0,2,11.78
5.88,4,20.8,21,4,0,1,0,1,15.88
9.18,4,28.1,10,1,0,0,0,2,20.05
10.09,1,27.6,6,3,0,3,2,2,24.89
11.6,3,46.8,19,5,1,0,0,2,15.75
6.94,2,15.7,17,0,0,0,2,0,32.74
1.78,1,31.9,8,6,1,0,2,2,3.86
5.95,3,52.9,12,3,0,0,0,2,7.61
9.89,4,14.8,15,5,1,0,1,2,43.16
8.15,1,33.2,7,2,0,1,2,2,17.75
8.86,2,37.9,17,3,0,0,1,1,19.97
10.45,3,16.0,17,6,1,1,1,1,43.58
3.25,4,15.4,20,1,0,0,2,3,13.36
10.76,1,37.9,15,4,0,2,1,2,21.09
17.55,4,27.6,15,3,0,1,0,2,37.16
5.43,3,46.7,16,2,0,0,0,1,7.08
11.74,3,23.8,9,0,0,0,1,3,30.29
7.19,3,37.6,18,2,0,1,0,0,11.63
8.72,1,37.1,16,5,1,0,2,3,18.49
11.1,4,9.7,19,0,0,0,1,1,73.26
8.13,3,16.1,18,3,0,1,1,0,37.9
5.23,3,12.1,16,4,0,3,2,1,31.24
8.34,2,18.1,7,2,0,1,2,2,28.75
3.8,2,29.5,21,4,0,1,1,1,9.64
2.46,3,20.5,10,5,1,0,1,1,8.31
1.25,2,35.1,22,3,0,0,1,2,2.75
14.91,4,17.4,11,4,0,0,1,2,57.24
8.98,1,53.5,7,4,0,0,1,2,11.41
10.15,3,14.9,20,2,0,0,2,1,49.28
7.85,3,17.0,18,3,0,1,2,1,35.64
2.06,3,15.2,18,4,0,0,2,1,9.77
14.34,1,72.9,5,0,0,0,0,0,14.4
5.24,3,43.8,20,1,0,0,0,1,7.74
1.36,1,84.5,15,0,0,0,0,2,1.5
5.91,1,27.9,12,5,1,0,2,0,19.35
13.37,4,23.3,21,4,0,1,0,0,35.14
3.76,2,73.4,17,3,0,0,0,2,3.61
5.59,1,25.7,6,0,0,2,2,1,18.24
5.35,3,47.7,13,3,0,0,0,2,7.07
3.69,1,94.7,16,5,1,0,0,3,2.56
7.27,4,7.1,20,0,0,0,2,1,68.17
4.03,3,22.6,9,3,0,0,1,0,12.69
14.69,2,24.2,18,4,0,0,2,1,51.52
2.33,2,35.7,18,2,0,1,1,3,4.54
2.96,3,23.5,6,6,1,1,1,2,8.23
5.59,1,59.1,0,0,0,2,0,1,6.05
6.78,2,21.0,15,5,1,1,2,2,21.76
4.44,1,41.4,18,6,1,3,1,1,9.27
10.55,3,48.3,14,3,0,0,0,2,13.96
6.08,2,35.1,19,0,0,0,1,2,12.96
9.28,4,30.0,16,3,0,0,0,2,18.88
14.09,1,41.2,16,3,0,0,1,1,28.07
16.77,1,87.0,1,2,0,0,0,2,12.29
5.67,2,29.6,5,3,0,1,2,3,14.07
7.23,2,43.8,17,0,0,0,1,3,12.08
8.1,1,37.5,18,5,1,0,2,2,16.23
5.79,4,10.7,14,6,1,2,1,1,36.59
3.53,2,36.7,15,6,1,0,1,1,7.38
12.15,1,50.7,16,4,0,0,1,2,17.83
3.53,2,38.8,5,5,1,0,1,2,6.08
12.84,3,49.5,17,1,0,0,0,2,16.1
8.89,1,47.7,12,3,0,0,1,0,16.74
7.92,3,14.7,15,1,0,2,1,2,34.16
4.25,3,19.9,15,4,0,1,1,1,15.75
1.65,2,69.9,18,5,1,0,0,2,1.5
11.98,4,29.2,9,1,0,0,0,1,25.06
4.21,3,16.2,10,3,0,0,1,1,18.05
9.21,4,23.4,10,0,0,1,0,1,25.78
9.49,2,61.8,18,5,1,0,0,1,9.93
6.84,1,85.6,11,5,1,0,0,2,5.48
7.98,1,61.9,7,2,0,2,0,1,8.86
8.81,2,62.4,23,5,1,1,0,1,9.12
7.59,4,9.4,13,6,1,2,2,1,55.46
3.94,3,21.1,6,3,0,0,1,1,13.77
2.35,4,11.8,17,3,0,0,1,3,12.07
4.46,3,19.3,18,2,0,0,2,3,14.77
5.38,1,36.4,13,2,0,0,2,1,14.75
14.51,1,45.0,16,6,1,0,1,0,28.22
3.05,1,39.0,7,5,1,1,2,3,5.55
15.69,4,6.9,10,2,0,0,1,1,126.95
18.57,1,49.2,7,2,0,0,1,1,34.0
4.57,3,17.8,10,2,0,1,2,3,16.16
18.2,1,88.2,15,3,0,1,0,3,12.52
6.25,2,32.1,12,1,0,0,1,0,15.93
5.63,1,45.6,15,0,0,0,1,1,10.27
14.52,2,36.3,13,6,1,1,1,2,26.09
7.76,3,35.7,9,3,0,0,0,1,14.18
7.1,4,6.9,7,6,1,0,2,2,67.48
4.42,4,22.3,8,4,0,1,0,0,11.94
4.68,1,51.9,8,5,1,0,1,2,7.16
7.25,3,15.1,17,6,1,3,2,1,32.52
14.52,3,47.7,19,3,0,0,0,1,18.86
3.07,1,34.2,17,5,1,0,2,2,5.95
6.45,1,42.6,16,3,0,0,1,1,12.55
2.65,2,21.9,9,6,1,0,2,0,9.09
4.27,3,15.2,17,1,0,0,2,2,17.16
9.99,2,31.3,15,5,1,0,1,1,24.52
3.75,1,29.6,3,6,1,0,2,1,10.79
12.48,2,31.7,20,2,0,1,1,1,29.9
3.74,2,32.6,5,5,1,0,1,1,9.11
4.78,1,52.3,13,6,1,0,1,2,6.47
1.78,1,82.9,13,4,0,0,0,2,1.5
12.49,3,10.8,19,1,0,2,2,0,82.12
11.47,2,53.5,21,0,0,2,0,2,12.91
2.7,1,77.6,21,6,1,0,0,0,2.42
5.65,1,49.7,15,4,0,1,1,2,8.15
5.36,4,9.8,17,4,0,0,1,0,38.63
5.07,4,18.6,5,1,0,0,1,3,18.95
18.64,2,35.6,13,4,0,0,1,3,33.27
5.03,4,5.7,20,3,0,1,1,1,58.49
3.88,1,74.8,12,3,0,0,0,0,3.42
1.94,2,18.7,4,2,0,2,2,0,7.45
4.01,4,8.4,8,1,0,3,1,2,31.72
14.49,2,58.2,11,6,1,0,0,0,15.9
7.71,4,26.5,8,3,0,0,0,2,17.43
7.72,1,56.7,11,6,1,0,1,2,10.13
4.17,3,21.3,9,4,0,1,1,1,14.02
13.22,1,35.1,9,6,1,0,2,2,27.72
9.3,1,83.1,5,4,0,0,0,2,6.89
5.11,3,14.3,20,3,0,0,2,2,24.52
3.51,4,16.9,17,1,0,0,1,1,13.96
6.46,1,37.8,16,1,0,3,1,1,15.59
3.7,2,21.9,15,0,0,0,2,0,13.69
6.0,4,9.8,11,1,0,0,2,2,38.93
7.3,2,32.9,19,5,1,0,1,1,17.78
4.3,2,78.6,21,5,1,0,0,3,3.66
1.12,4,25.0,0,5,1,0,0,0,2.58
8.66,2,34.0,5,3,0,0,1,2,16.9
4.38,4,27.4,17,0,0,0,0,2,10.28
7.26,1,46.0,8,4,0,0,1,1,13.58
6.17,4,12.2,20,3,0,0,1,1,34.29
16.86,3,23.3,17,2,0,0,1,2,47.59
6.8,1,48.0,10,2,0,1,1,3,9.87
11.4,4,8.5,11,1,0,0,1,0,85.48
5.28,4,26.8,17,0,0,0,0,1,13.34
3.74,2,35.7,6,0,0,0,1,1,8.6
8.88,4,10.1,20,4,0,2,1,2,58.23
4.18,1,85.7,0,6,1,0,0,2,2.9
10.26,2,60.2,23,1,0,0,0,0,11.65
2.92,2,44.7,7,0,0,2,0,0,4.63
8.21,1,54.4,18,6,1,0,1,3,11.27
6.69,2,27.3,2,3,0,1,1,0,17.39
15.05,3,45.1,11,4,0,0,0,1,23.91
8.7,1,44.7,16,0,0,1,1,2,14.35
6.23,1,42.7,4,2,0,0,1,1,13.54
10.71,1,38.1,12,2,0,3,1,1,21.57
1.1,2,21.7,9,0,0,1,2,1,4.27
9.34,2,37.2,13,5,1,0,1,1,20.27
9.83,2,29.6,13,5,1,1,1,1,25.38
10.48,3,13.8,18,2,0,2,1,0,51.5
10.05,2,27.1,6,3,0,0,2,3,26.6
9.12,4,9.9,5,4,0,2,1,2,54.58
5.44,2,60.3,11,3,0,0,0,0,5.59
7.39,2,19.7,20,2,0,0,2,2,24.02
4.54,3,20.9,19,0,0,0,1,2,13.87
3.93,4,10.6,14,0,0,2,1,3,23.15
5.58,4,13.4,20,4,0,3,1,2,26.15
6.02,4,26.3,18,2,0,2,0,3,14.2
8.45,4,14.7,9,2,0,0,1,2,38.97
13.74,1,35.0,7,2,0,3,1,0,32.89
11.28,1,35.6,9,6,1,0,2,2,24.06
8.06,3,51.6,8,1,0,0,0,2,9.62
12.78,1,48.5,16,0,0,0,1,2,18.55
6.84,1,43.8,15,2,0,3,1,3,11.04
9.2,1,27.9,15,4,0,0,2,0,27.56
5.45,2,64.3,7,5,1,0,0,0,5.75
6.73,1,50.2,18,6,1,0,1,2,9.73
5.77,4,6.7,11,1,0,0,1,1,54.82
2.21,2,34.7,12,2,0,0,1,1,5.51
2.25,1,34.2,23,0,0,0,2,1,6.21
2.72,1,46.3,9,5,1,0,1,2,3.81
8.09,3,21.4,11,1,0,0,1,0,26.08
13.91,3,16.7,17,6,1,1,1,2,56.13
12.76,4,25.8,20,3,0,0,0,1,32.07
2.14,1,89.0,6,4,0,0,0,2,1.54
9.25,4,12.7,17,0,0,1,1,0,50.57
4.88,3,26.7,21,3,0,0,1,2,13.13
3.85,2,58.7,11,0,0,0,0,0,4.6
7.26,3,23.4,9,4,0,0,1,2,21.3
4.8,3,44.5,17,2,0,0,0,1,7.19
2.55,3,18.7,8,3,0,0,1,1,10.19
3.48,3,47.7,10,3,0,0,0,2,4.43
5.42,2,74.9,20,1,0,0,0,3,4.67
13.65,1,49.8,15,2,0,0,1,1,24.44
2.01,2,23.4,5,4,0,1,2,2,6.01
2.99,1,81.3,9,5,1,0,0,1,2.6
5.71,2,71.3,16,1,0,0,0,2,5.17
4.13,3,8.6,13,3,0,1,2,0,32.89
8.63,3,25.4,16,0,0,0,1,3,22.03
5.81,2,34.8,18,6,1,0,1,1,13.67
2.52,1,29.0,13,6,1,1,2,1,8.29
4.87,2,33.8,23,4,0,1,1,2,10.28
7.44,3,21.6,21,1,0,0,1,3,23.14
9.85,4,9.6,3,5,1,2,1,2,60.37
2.97,3,22.6,8,2,0,0,1,1,9.32
7.73,4,9.6,9,5,1,0,2,2,49.98
5.51,3,18.8,7,0,0,0,2,1,20.91
12.69,4,14.7,9,1,0,1,1,1,58.7
4.91,2,72.2,11,6,1,0,0,2,4.37
2.57,2,24.3,3,6,1,0,2,1,8.26
4.32,1,72.2,6,4,0,0,0,0,4.03
1.56,2,30.7,5,6,1,0,1,1,3.96
1.69,1,91.1,3,0,0,0,0,3,1.5
2.0,2,60.2,13,1,0,1,0,2,1.86
8.68,3,28.6,9,1,0,0,1,3,18.0
8.11,2,62.8,21,5,1,0,0,1,9.07
8.96,1,89.5,5,4,0,0,0,2,6.29
4.58,3,49.2,21,2,0,0,0,2,5.62
3.54,3,18.4,5,0,0,0,1,1,13.83
20.35,2,34.5,16,5,1,0,1,0,50.5
7.19,3,19.0,8,1,0,3,1,2,26.6
3.26,2,42.4,19,5,1,0,1,2,5.11
14.7,2,32.8,4,5,1,0,1,0,36.62
13.5,1,75.6,22,5,1,0,0,1,13.06
9.5,2,36.7,3,4,0,0,1,2,19.28
5.98,3,18.4,8,1,0,0,1,1,22.74
3.88,2,50.8,12,4,0,1,0,0,4.97
5.03,3,17.1,18,4,0,1,1,2,17.94
12.46,1,95.5,22,1,0,0,0,3,8.15
4.2,1,70.9,11,5,1,1,0,1,4.18
2.89,2,24.2,18,5,1,1,1,0,8.18
9.41,2,61.2,17,4,0,0,0,1,9.76
6.46,1,82.3,15,6,1,0,0,1,5.22
4.3,4,27.0,17,0,0,0,0,1,9.89
4.56,1,70.7,2,5,1,0,0,0,4.14
1.4,1,91.4,12,4,0,0,0,3,1.5
4.76,3,19.6,18,2,0,1,1,0,16.13
11.81,4,24.5,12,6,1,0,0,1,28.59
3.57,1,34.4,20,2,0,0,2,2,7.1
22.22,4,6.9,19,4,0,0,2,2,189.45
6.54,2,37.4,19,6,1,0,1,1,15.84
2.41,1,75.1,6,6,1,0,0,1,2.11
0.8,4,5.7,8,0,0,1,2,1,8.69
7.58,1,41.8,1,5,1,1,1,0,15.69
3.56,2,56.5,23,6,1,1,0,1,4.29
9.54,3,25.0,8,3,0,0,1,0,29.19
12.92,3,19.4,10,3,0,1,1,0,51.25
10.65,2,32.6,9,0,0,0,1,0,25.0
10.51,1,47.3,2,2,0,0,1,1,19.41
5.03,4,27.4,8,4,0,0,0,2,12.73
3.63,1,91.2,5,1,0,0,0,3,2.44
8.9,3,14.3,11,4,0,0,2,2,39.86
3.81,2,35.8,22,4,0,0,1,1,8.33
5.14,2,61.5,17,3,0,0,0,1,6.05
3.91,2,40.4,17,6,1,0,1,2,6.58
4.22,1,76.5,12,4,0,0,0,0,4.03
9.31,2,18.5,19,3,0,0,2,1,36.03
4.06,4,13.8,20,1,0,0,1,2,18.44
9.41,3,10.8,22,4,0,0,2,1,62.49
12.88,1,34.0,5,0,0,0,2,2,24.13
4.67,3,16.9,20,4,0,1,2,3,17.03
3.18,4,23.8,8,5,1,0,0,1,7.92
11.44,2,27.6,11,5,1,0,2,2,28.8
7.86,1,86.9,10,0,0,0,0,3,6.08
3.98,2,33.9,17,3,0,0,1,2,7.96
5.31,2,72.1,15,4,0,0,0,2,3.89
8.26,2,30.9,6,3,0,1,1,1,19.27
2.19,4,12.7,18,0,0,0,1,3,11.68
15.94,3,20.1,12,3,0,0,1,1,58.74
10.91,4,8.9,0,2,0,1,2,0,81.82
6.62,2,38.0,11,5,1,0,1,3,12.58
15.49,1,37.2,13,0,0,3,1,1,35.47
14.07,1,52.6,4,3,0,0,1,2,18.6
5.84,1,49.3,7,4,0,1,1,2,9.27
5.56,1,47.0,23,3,0,0,1,1,9.54
5.7,3,13.1,20,1,0,0,2,1,31.96
9.07,2,57.1,6,6,1,1,0,1,10.89
8.66,3,26.9,15,0,0,0,1,3,21.45
1.69,3,52.8,10,3,0,0,0,2,1.81
8.31,1,59.4,14,5,1,0,1,3,10.36
8.28,2,20.0,12,2,0,0,2,1,32.09
5.74,4,12.4,3,5,1,0,1,2,29.19
6.86,3,11.7,9,1,0,1,2,1,39.16
1.95,1,47.2,6,0,0,0,1,1,3.41
2.83,1,48.7,13,1,0,0,1,1,5.13
3.81,4,13.3,20,4,0,1,1,2,17.27
9.14,3,44.3,23,2,0,0,0,2,11.75
13.24,1,36.8,21,4,0,0,2,1,31.74
8.79,1,71.5,23,5,1,0,0,0,7.86
7.09,2,36.6,0,5,1,0,1,2,13.35
9.94,4,12.8,17,3,0,0,2,2,52.15
0.87,2,61.7,9,1,0,0,0,1,1.5
12.63,3,15.0,19,4,0,1,1,0,61.36
6.08,2,60.0,19,6,1,0,0,0,6.51
11.74,2,64.0,11,3,0,0,0,1,12.41
9.57,2,65.4,12,2,0,0,0,1,9.54
3.98,1,32.6,8,5,1,0,2,1,10.79
7.62,3,23.2,9,4,0,0,1,2,21.49
4.21,1,87.5,23,1,0,0,0,2,3.1
8.6,2,26.0,20,4,0,0,2,2,24.31
17.02,3,22.7,7,2,0,0,1,3,47.48
8.63,3,16.2,9,3,0,2,1,2,34.66
3.86,2,27.9,6,4,0,0,1,0,10.17
10.92,2,28.1,23,4,0,1,1,0,28.57
3.72,1,77.5,20,5,1,0,0,1,3.25
12.94,1,44.1,14,0,0,0,1,1,24.08
3.28,3,14.3,17,3,0,0,2,2,14.53
11.97,1,83.0,18,6,1,0,0,2,8.95
4.75,2,31.6,8,6,1,0,1,1,12.01
9.15,3,14.5,21,6,1,1,2,2,43.89
10.98,1,93.0,14,5,1,0,0,3,8.05
7.57,1,79.1,5,0,0,0,0,1,6.37
5.1,3,43.9,11,0,0,0,0,1,7.09
7.74,2,63.6,15,5,1,0,0,1,8.08
6.08,3,15.6,10,2,0,1,1,0,28.25
6.75,3,39.3,17,2,0,0,0,0,10.75
2.19,3,42.3,20,1,0,0,0,1,3.06
9.78,2,25.8,18,5,1,0,2,3,27.21
7.43,1,50.2,16,3,0,1,1,3,12.09
1.79,2,40.5,13,3,0,0,1,2,2.82
5.31,3,22.9,8,2,0,0,1,2,14.59
1.28,2,23.0,12,2,0,1,2,3,3.64
6.84,3,15.7,9,0,0,2,2,3,25.0
8.99,4,9.2,21,2,0,1,2,2,60.12
4.31,2,15.8,20,6,1,2,2,1,19.1
4.11,4,17.5,7,4,0,0,1,0,17.36
5.13,3,19.5,19,3,0,0,1,0,17.77
4.09,4,13.7,17,1,0,0,2,2,18.85
3.62,2,31.8,22,0,0,1,1,1,9.42
1.59,3,14.3,12,4,0,1,1,0,7.75
4.01,3,13.9,17,2,0,0,1,1,19.21
2.25,1,53.8,13,1,0,0,1,1,3.69
12.6,1,52.9,4,2,0,0,1,2,16.79
13.88,3,18.0,3,5,1,1,1,1,55.03
8.69,2,69.7,6,4,0,0,0,2,7.86
12.25,2,32.8,9,5,1,0,1,0,30.22
3.79,2,36.9,8,6,1,0,1,3,7.29
8.94,2,24.7,17,5,1,0,2,3,24.0
8.81,3,18.5,17,1,0,2,1,2,30.22
7.81,1,27.3,22,5,1,0,2,2,19.19
5.04,4,11.8,9,2,0,2,1,2,27.66
6.54,4,9.1,21,4,0,0,2,3,42.58
7.63,2,70.8,16,4,0,0,0,2,6.4
7.52,2,33.4,13,1,0,1,1,2,16.22
3.47,4,9.4,17,5,1,1,1,1,25.17
13.4,1,72.0,17,5,1,1,0,1,13.12
6.86,2,72.0,7,4,0,0,0,2,5.8
10.14,4,13.5,18,2,0,1,1,3,47.84
4.6,3,13.8,17,1,0,2,1,2,20.8
8.61,2,23.5,23,5,1,0,2,2,23.69
7.14,3,23.6,20,5,1,0,1,2,18.1
3.72,1,58.3,17,0,0,0,1,3,4.47
6.6,2,31.2,17,4,0,1,1,2,12.99
5.43,4,30.6,21,2,0,0,0,2,11.14
5.78,2,36.8,22,1,0,0,1,0,12.71
11.18,4,10.9,19,5,1,0,1,2,63.74
6.15,3,50.7,18,0,0,0,0,2,7.99
10.8,2,31.6,6,0,0,1,1,0,25.61
9.1,3,20.9,19,3,0,1,1,1,34.52
7.04,1,43.9,8,5,1,1,1,0,13.64
11.55,1,43.0,15,3,0,1,1,1,23.37
11.03,3,19.1,11,5,1,0,1,2,37.42
7.05,4,22.8,10,1,0,1,0,1,18.55
7.37,3,38.2,9,4,0,0,0,0,11.9
11.62,1,46.1,19,5,1,1,1,2,17.56
9.43,3,46.4,18,2,0,0,0,2,12.19
13.32,1,34.7,14,4,0,0,2,1,37.54
6.07,3,24.0,17,2,0,0,1,3,16.9
3.07,2,28.0,23,2,0,2,1,2,7.78
4.23,3,26.5,11,3,0,0,1,2,10.33
1.69,2,55.7,14,3,0,0,0,0,1.9
4.05,1,43.2,14,4,0,0,2,3,7.63
9.37,3,44.1,21,1,0,0,0,1,14.33
6.13,3,42.7,10,2,0,1,0,2,8.69
3.7,2,67.4,23,3,0,0,0,2,3.68
4.67,3,21.6,9,1,0,0,1,2,14.46
7.81,1,90.2,6,3,0,0,0,2,6.31
4.82,3,13.5,7,2,0,0,2,0,26.06
5.72,1,78.5,11,0,0,0,0,1,5.15
2.3,1,33.0,16,3,0,0,2,2,4.77
12.44,2,32.6,13,1,0,0,1,0,30.85
13.44,3,10.8,10,6,1,2,2,2,81.43
3.83,1,49.8,14,6,1,0,1,2,5.96
5.31,3,44.6,19,4,0,0,0,1,7.61
1.54,1,48.9,19,6,1,0,1,1,2.47
11.87,1,40.0,17,4,0,0,1,0,24.76
2.78,3,16.4,22,2,0,0,2,2,10.52
6.42,3,13.4,15,5,1,0,2,0,35.92
3.33,1,78.0,0,0,0,1,0,2,2.68
6.51,3,28.3,9,6,1,0,1,3,15.38
10.61,1,50.0,9,6,1,0,1,1,19.85
9.06,1,51.1,14,3,0,0,1,1,15.25
9.45,1,55.9,20,5,1,2,0,0,11.53
2.57,3,47.1,19,3,0,0,0,2,3.44
6.32,1,35.0,8,6,1,1,2,3,13.04
18.15,2,48.3,13,0,0,2,0,1,24.78
7.54,1,79.5,16,2,0,0,0,1,6.16
6.66,1,60.1,23,2,0,2,0,2,7.24
5.59,2,34.2,1,1,0,1,1,3,11.39
7.14,3,27.7,12,1,0,0,1,3,17.13
6.5,2,36.2,23,6,1,0,1,1,14.1
16.41,1,47.8,23,1,0,1,1,2,25.5
10.24,3,23.3,9,6,1,0,1,2,29.92
6.04,1,32.2,0,2,0,0,2,2,12.79
9.95,2,52.2,15,3,0,2,0,2,11.77
4.04,4,19.8,20,4,0,2,0,0,11.16
6.44,3,24.8,9,2,0,0,1,1,20.15
4.82,3,13.0,21,0,0,0,2,2,25.23
9.58,2,29.5,9,4,0,2,1,2,22.09
6.16,4,25.6,16,2,0,1,0,0,13.68
7.08,1,69.3,17,5,1,1,0,1,6.33
5.88,3,18.8,10,6,1,0,2,3,19.83
8.02,2,31.2,10,2,0,0,1,2,16.82
9.66,1,87.4,12,1,0,0,0,2,7.53
13.47,4,13.6,19,3,0,0,1,1,74.18
5.55,3,11.5,5,5,1,1,2,1,33.41
3.47,2,35.9,16,3,0,0,1,2,6.11
8.27,2,40.1,17,4,0,0,1,2,12.95
2.88,1,50.0,14,2,0,0,1,2,3.93
5.45,3,22.5,21,1,0,0,1,1,16.22
2.36,4,6.9,15,5,1,0,1,2,21.59
26.12,2,20.1,16,0,0,0,2,0,108.09
12.51,1,55.3,15,2,0,0,1,2,17.5
11.86,3,24.3,17,1,0,0,1,2,33.8
13.84,3,22.8,6,0,0,0,1,0,49.83
11.13,2,22.8,20,0,0,0,2,1,40.14
7.57,2,34.4,2,4,0,0,1,2,14.8
7.7,3,19.2,16,3,0,2,1,2,26.34
13.1,3,47.2,16,3,0,0,0,1,16.12
13.59,2,22.3,8,4,0,0,2,0,45.77
3.67,3,18.1,2,2,0,0,2,2,13.18
6.06,3,18.4,6,6,1,2,1,2,22.08
6.93,3,50.7,8,5,1,0,0,2,7.91
11.33,4,10.2,20,1,0,0,1,0,71.83
4.06,2,63.4,19,5,1,1,0,2,4.16
3.77,3,37.6,4,5,1,1,0,0,6.71
2.73,3,38.3,9,3,0,2,0,2,4.34
4.88,2,35.8,20,5,1,1,1,3,9.19
5.41,3,17.6,8,4,0,0,2,2,19.78
15.24,2,69.6,23,3,0,0,0,2,15.41
10.61,3,10.7,8,3,0,0,2,1,71.64
11.32,3,19.8,18,3,0,1,1,1,39.8
3.39,4,6.3,11,2,0,0,2,1,35.79
5.84,1,79.7,6,4,0,1,0,2,4.53
9.87,4,16.0,8,3,0,0,1,2,37.2
7.23,1,49.8,17,6,1,0,1,2,11.22
8.92,3,21.4,10,3,0,0,1,3,26.56
2.76,4,7.3,15,4,0,3,2,3,22.99
7.06,2,25.3,8,0,0,0,2,2,18.8
10.17,4,12.9,12,5,1,1,1,2,44.66
3.47,3,38.4,13,2,0,0,0,1,5.88
1.92,4,14.0,11,2,0,0,1,3,9.01
3.37,2,61.4,7,6,1,0,0,0,3.76
13.0,1,42.2,12,5,1,1,1,2,21.99
3.03,2,33.5,17,1,0,0,1,1,7.6
6.73,1,31.1,22,1,0,0,2,0,20.05
1.87,2,31.9,18,5,1,1,1,2,3.86
3.77,2,63.2,7,0,0,0,0,1,4.03
7.49,1,32.8,9,6,1,0,2,2,16.04
6.64,2,38.0,5,1,0,0,1,2,12.19
11.88,2,35.0,6,3,0,0,1,1,26.06
8.41,4,8.1,8,3,0,0,2,1,72.84
3.47,1,26.7,8,5,1,0,2,1,10.7
5.79,4,5.2,8,1,0,2,2,2,74.04
5.1,3,17.5,8,5,1,3,2,3,19.81
1.28,3,38.0,9,2,0,0,0,1,1.98
15.46,1,54.9,6,0,0,0,1,2,20.67
6.82,2,32.7,9,3,0,0,1,1,16.97
7.55,4,16.4,17,0,0,0,1,3,31.97
9.69,3,25.1,8,1,0,0,1,3,24.17
9.76,2,18.9,7,4,0,3,2,1,42.69
10.36,3,49.4,4,5,1,0,0,2,13.51
5.27,1,56.5,13,5,1,0,1,3,7.01
4.89,1,35.3,19,6,1,2,1,1,11.66
12.13,2,30.0,3,0,0,2,1,1,30.39
15.68,1,55.9,14,0,0,0,1,3,21.64
1.86,4,13.4,16,1,0,0,1,1,9.85
11.89,1,32.5,15,6,1,0,2,1,35.09
5.79,4,13.0,20,1,0,1,1,3,28.29
6.39,3,16.1,20,3,0,2,1,2,25.88
0.87,1,47.1,3,6,1,0,1,1,1.67
6.73,3,16.8,10,4,0,0,2,2,26.59
4.65,2,76.9,17,6,1,0,0,3,3.75
1.17,1,47.1,22,4,0,0,1,0,2.06
12.8,3,17.0,18,0,0,0,1,1,52.51
7.5,1,38.3,7,4,0,2,1,2,14.09
8.17,2,57.3,9,1,0,0,0,0,9.18
12.75,2,21.8,18,5,1,1,2,3,38.6
9.87,2,64.9,12,6,1,0,0,2,10.03
2.67,1,50.2,14,1,0,1,1,2,4.05
11.16,4,21.6,16,1,0,1,0,0,33.9
2.19,2,35.6,5,6,1,0,1,1,5.29
9.43,2,36.4,19,0,0,0,1,1,21.62
17.52,4,23.6,19,2,0,0,0,2,47.21
9.48,3,40.3,12,1,0,1,0,1,13.55
5.41,2,27.7,16,4,0,0,1,1,14.34
17.19,3,27.5,16,6,1,0,1,2,44.65
7.48,1,34.9,7,4,0,0,2,2,16.06
3.54,1,53.6,6,1,0,0,1,2,4.36
4.42,4,12.4,1,5,1,0,1,1,23.85
4.32,1,41.8,21,2,0,1,1,1,8.41
19.43,3,18.4,10,0,0,0,1,0,76.45
9.39,1,58.1,5,1,0,0,1,3,12.15
9.58,2,33.7,12,0,0,1,1,1,21.11
8.69,1,45.5,4,6,1,0,1,0,18.27
7.82,1,27.8,5,6,1,1,2,1,22.68
4.93,2,21.8,13,2,0,1,2,0,18.53
3.0,3,19.1,13,1,0,1,2,2,10.73
8.24,3,20.0,15,5,1,1,1,1,31.28
16.9,1,73.7,16,1,0,0,0,1,15.43
8.0,1,47.7,17,1,0,1,1,3,12.24
13.48,4,7.6,11,3,0,1,1,1,102.9
1.82,1,31.7,16,6,1,0,2,1,4.76
8.02,3,43.2,9,1,0,0,0,2,12.7
4.73,1,37.2,12,1,0,0,2,3,8.9
3.41,4,19.5,11,5,1,0,1,3,10.95
14.91,4,11.6,9,2,0,1,1,2,73.97
5.13,3,33.3,8,2,0,2,0,2,9.58
9.38,3,14.6,5,3,0,0,2,1,46.18
6.26,2,24.5,13,1,0,2,1,1,18.93
2.67,2,29.8,14,4,0,0,1,1,6.62
10.14,2,28.2,9,0,0,1,1,1,28.36
5.37,3,48.8,22,5,1,0,0,2,7.13
11.02,2,28.6,14,1,0,2,1,2,25.75
3.79,1,77.4,20,5,1,1,0,2,2.92
4.79,2,34.1,15,6,1,3,1,3,9.71
9.18,3,22.4,7,3,0,1,1,2,29.1
4.0,3,48.4,22,4,0,0,0,2,5.0
10.04,4,12.4,20,2,0,0,1,2,55.01
1.54,2,22.7,12,0,0,1,2,2,4.71
3.03,4,22.1,8,3,0,0,0,0,8.59
7.0,1,52.2,8,2,0,1,1,3,9.32
9.59,2,72.9,18,6,1,0,0,3,8.56
7.19,1,33.2,4,1,0,0,2,2,15.13
8.96,1,32.4,16,3,0,0,2,2,19.52
5.17,2,35.9,16,1,0,0,1,2,9.57
1.44,1,43.4,7,3,0,0,1,1,2.93
5.58,3,10.4,17,3,0,1,2,0,35.69
5.66,4,14.3,17,1,0,0,1,1,27.85
12.85,3,24.8,10,3,0,0,1,1,38.65
9.93,2,56.5,13,6,1,1,0,1,10.91
3.21,2,46.2,19,5,1,0,1,3,4.76
1.14,4,13.8,14,2,0,0,1,3,4.81
6.23,1,80.1,16,6,1,1,0,2,5.14
4.71,1,57.4,11,5,1,2,0,1,5.48
16.19,4,11.5,7,5,1,0,1,0,93.67
13.07,4,15.0,23,2,0,0,1,3,54.29
2.66,2,48.1,14,0,0,2,0,2,3.47
9.76,1,81.7,10,0,0,0,0,1,8.27
8.89,4,19.3,17,3,0,2,0,0,29.73
8.69,2,20.3,16,2,0,2,2,3,30.83
24.89,2,49.6,8,5,1,2,0,2,32.64
6.36,4,7.9,20,1,0,1,2,3,51.78
10.44,1,48.6,4,3,0,0,1,1,16.96
11.28,1,52.3,15,5,1,0,1,2,16.02
8.27,2,23.3,12,6,1,0,2,3,26.2
16.07,1,48.1,9,1,0,0,1,1,30.41
7.57,4,14.2,19,4,0,0,1,1,36.74
10.95,3,21.2,16,0,0,0,1,2,30.75
4.31,2,23.9,18,3,0,0,2,0,14.25
3.01,3,49.7,11,3,0,0,0,2,3.48
9.14,3,17.7,21,1,0,0,1,3,32.22
6.56,3,18.2,10,6,1,0,2,1,26.7
6.79,1,49.7,14,0,0,0,1,2,9.8
5.5,3,17.1,21,1,0,1,2,2,21.27
10.81,2,17.1,5,1,0,1,2,1,47.44
7.49,2,25.1,6,0,0,2,1,0,22.63
20.78,1,81.1,23,6,1,1,0,2,17.2
7.34,2,58.6,22,6,1,0,0,1,9.11
8.5,4,29.1,18,4,0,1,0,2,18.46
11.58,2,27.7,13,2,0,1,1,2,29.49
9.1,1,35.6,13,5,1,0,2,2,18.66
3.1,4,10.9,8,2,0,1,1,2,17.77
5.98,4,10.9,11,4,0,0,1,3,34.38
4.12,2,57.4,11,0,0,0,0,0,4.89
8.83,2,35.9,2,3,0,0,1,2,17.01
7.91,1,57.0,12,0,0,1,1,3,10.56
11.17,2,36.3,13,5,1,0,1,2,21.53
12.05,3,20.2,17,1,0,0,1,0,44.21
4.12,3,14.5,13,5,1,0,2,3,17.43
11.91,2,24.4,19,0,0,2,1,2,31.02
12.96,2,73.4,10,2,0,0,0,3,11.35
3.56,3,43.3,11,3,0,1,0,1,5.05
8.51,1,82.7,15,5,1,0,0,2,6.04
14.32,4,19.0,8,4,0,0,1,1,54.73
5.92,2,67.5,11,0,0,0,0,2,5.9
6.81,4,18.5,17,3,0,0,1,2,23.12
8.48,4,30.4,11,5,1,1,0,3,16.28
0.8,3,25.6,20,3,0,0,1,3,2.06
7.41,3,49.9,16,2,0,0,0,2,8.97
7.7,1,46.8,7,1,0,0,1,1,12.88
9.81,2,21.7,13,6,1,0,2,2,29.44
10.04,1,45.7,18,3,0,1,1,2,14.8
6.67,1,50.9,16,3,0,0,1,2,10.12
16.98,2,37.9,20,0,0,0,1,3,30.8
4.11,1,72.0,18,4,0,1,0,1,3.61
10.98,4,23.3,4,0,0,3,0,2,27.76
1.19,3,22.2,6,2,0,0,2,3,3.52
7.09,1,49.9,16,3,0,0,1,1,12.55
1.0,3,47.7,8,1,0,0,0,2,1.5
7.38,2,31.6,15,3,0,0,1,0,19.81
9.03,4,11.3,18,1,0,1,1,0,53.44
5.59,1,35.8,15,6,1,0,2,2,11.31
6.97,3,29.0,11,1,0,0,1,3,16.53
10.47,1,53.2,16,6,1,2,0,0,12.73
0.8,2,36.7,7,5,1,0,1,2,1.5
5.0,2,62.8,17,5,1,1,0,2,4.92
14.56,2,37.4,17,6,1,0,1,2,26.1
3.05,2,60.6,13,1,0,0,0,1,3.73
4.44,3,23.5,9,4,0,0,1,1,14.1
1.51,2,33.5,18,0,0,0,1,1,4.13
5.03,1,45.2,13,6,1,0,1,1,9.56
6.45,2,37.3,3,5,1,0,1,3,12.13
24.37,4,10.2,21,6,1,0,1,2,155.76
8.7,3,11.8,18,2,0,0,2,1,50.28
5.19,1,49.9,15,5,1,0,1,2,7.46
2.22,2,61.7,11,4,0,1,0,2,2.22
4.46,2,65.0,22,4,0,0,0,2,4.74
3.88,4,20.2,18,1,0,2,0,0,12.1
1.29,2,51.1,14,4,0,3,0,2,1.61
2.98,1,22.6,16,2,0,2,2,1,9.97
5.3,3,39.5,9,2,0,1,0,1,8.3
5.81,2,68.7,7,6,1,0,0,2,5.15
10.36,2,45.2,9,3,0,0,1,3,17.69
14.94,3,49.6,9,4,0,0,0,2,19.64
5.73,3,40.6,18,5,1,0,0,1,9.18
11.2,3,23.5,6,3,0,0,1,2,32.84
5.19,3,10.7,18,5,1,0,2,0,31.17
3.66,3,51.8,14,2,0,0,0,2,4.38
10.06,1,51.7,10,6,1,2,0,0,12.88
5.14,3,13.3,9,6,1,0,2,1,26.35
3.99,2,69.2,13,4,0,0,0,2,3.31
3.53,4,8.9,9,1,0,0,1,1,24.21
2.01,2,65.5,11,1,0,0,0,1,1.88
6.95,3,23.7,18,4,0,1,1,2,19.85
4.6,2,34.8,16,5,1,0,1,2,9.11
11.44,1,77.4,18,3,0,0,0,1,9.31
17.14,3,11.8,17,3,0,1,2,2,90.12
3.52,4,13.7,19,6,1,0,1,1,17.42
2.54,4,10.6,8,1,0,1,1,1,15.78
15.19,1,41.7,23,3,0,0,1,0,36.06
7.39,1,57.3,12,1,0,0,1,2,9.74
7.23,4,16.8,17,0,0,0,1,1,29.81
8.24,2,72.9,17,1,0,1,0,3,7.31
12.6,2,52.7,15,6,1,1,0,1,17.48
12.55,3,23.3,23,0,0,1,1,2,34.26
9.78,3,44.8,8,4,0,0,0,1,14.43
3.04,4,8.4,11,0,0,1,2,1,25.09
1.7,4,6.9,6,2,0,0,2,2,15.31
3.06,3,41.3,7,5,1,0,0,1,4.95
2.13,3,19.2,17,3,0,0,1,1,7.34
10.47,2,25.1,0,0,0,2,1,1,32.99
4.4,4,11.5,20,2,0,0,1,1,25.33
9.66,1,42.3,16,6,1,1,1,1,19.79
6.74,2,27.6,12,2,0,1,1,0,17.92
4.35,3,18.6,9,3,0,0,1,1,17.95
3.57,1,52.3,6,1,0,0,1,2,4.5
4.15,3,43.6,21,2,0,1,0,2,5.5
2.57,1,78.7,17,5,1,0,0,1,2.48
17.41,3,46.2,9,0,0,0,0,1,24.28
6.28,1,46.6,4,3,0,0,1,1,11.33
6.75,4,31.4,9,0,0,0,0,3,13.64
6.63,1,34.7,7,1,0,0,2,2,13.43
10.31,4,20.6,18,3,0,1,0,2,30.77
3.89,4,17.5,17,2,0,0,1,3,14.51
12.97,1,84.5,13,0,0,0,0,2,10.06
5.46,2,26.7,20,5,1,0,2,2,14.52
5.32,2,69.3,7,6,1,0,0,2,4.68
14.13,3,16.9,12,0,0,1,1,1,58.07
3.85,2,29.0,17,5,1,0,2,3,9.34
8.54,2,59.8,4,2,0,0,0,1,9.89
6.6,2,40.2,10,6,1,0,1,3,10.74
4.34,2,32.1,15,2,0,1,1,2,9.29
9.36,3,23.3,10,1,0,0,1,1,29.83
2.88,1,40.0,13,1,0,3,1,1,6.19
4.31,1,35.1,15,6,1,2,1,1,9.59
7.09,3,39.0,10,2,0,1,0,1,12.36
15.96,2,27.8,6,6,1,0,1,0,43.75
15.13,1,54.5,6,3,0,0,1,3,16.92
8.61,1,46.4,14,2,0,0,1,1,16.33
5.54,4,7.4,7,2,0,0,2,2,46.19
1.4,2,27.8,20,6,1,3,1,1,4.0
11.26,1,51.4,19,4,0,0,1,2,16.26
12.21,3,17.4,10,6,1,0,2,2,48.95
8.54,3,15.2,19,3,0,2,1,3,40.71
5.7,1,47.7,14,3,0,0,1,1,10.07
10.69,2,32.4,7,5,1,0,1,1,27.89
6.49,3,40.0,16,1,0,3,0,2,10.1
6.01,2,35.0,17,1,0,0,1,1,12.83
2.13,2,22.7,5,1,0,1,2,2,6.7
10.36,4,30.0,9,0,0,0,0,2,22.86
7.25,1,42.0,0,3,0,0,1,2,11.74
15.09,4,34.2,9,4,0,0,0,3,26.48
4.54,4,17.7,9,1,0,0,1,3,17.99
3.68,2,35.3,16,1,0,0,1,0,8.26
12.14,4,8.9,8,1,0,0,1,1,88.35
13.66,2,31.2,1,1,0,0,1,1,31.08
6.73,3,41.0,9,1,0,0,0,1,10.04
10.97,2,25.1,19,0,0,1,2,2,29.13
5.45,4,12.5,11,4,0,1,1,3,29.64
5.64,3,44.5,11,3,0,0,0,1,7.58
8.57,2,63.9,12,4,0,0,0,1,9.14
5.59,3,40.8,18,2,0,2,0,3,8.39
7.81,2,31.2,13,5,1,0,1,1,18.41
7.13,1,45.6,5,3,0,0,1,1,15.59
3.11,2,21.7,8,1,0,1,2,2,10.56
7.79,3,16.3,7,2,0,0,2,0,35.83
3.18,1,51.8,13,5,1,0,1,2,4.92
10.47,2,35.6,1,2,0,0,1,0,22.53
12.26,1,32.8,9,6,1,2,1,1,30.94
6.05,2,35.3,15,2,0,0,1,1,12.23
16.02,3,24.3,10,2,0,0,1,2,40.16
13.51,4,26.3,17,1,0,0,0,1,30.15
7.87,1,50.1,10,6,1,0,1,2,11.6
5.66,2,24.4,23,5,1,0,2,2,15.57
11.66,1,53.4,22,2,0,0,1,2,16.19
16.19,2,35.4,18,4,0,1,1,3,30.88
8.24,1,29.4,22,1,0,1,2,2,19.25
17.69,4,14.3,8,2,0,1,1,2,75.83
4.9,3,23.3,18,2,0,0,1,2,14.24
9.88,2,41.6,9,6,1,0,1,2,17.4
6.69,4,25.2,17,4,0,0,0,1,15.34
3.56,3,55.6,10,5,1,0,0,3,4.31
5.2,1,27.4,9,0,0,1,2,0,14.83
12.23,1,49.3,22,0,0,0,1,1,21.38
6.25,3,13.2,8,4,0,1,2,2,31.84
4.76,1,29.9,18,5,1,0,2,1,12.89
13.89,3,26.9,17,0,0,0,1,2,33.77
12.02,3,14.8,9,3,0,0,2,0,59.87
5.33,2,40.1,12,5,1,0,1,3,10.0
18.2,2,70.9,7,3,0,0,0,3,16.27
6.44,1,54.5,21,5,1,0,1,3,8.63
8.26,2,29.6,22,3,0,0,1,0,21.0
7.08,2,64.4,17,6,1,0,0,1,7.42
3.94,4,27.1,19,0,0,0,0,1,9.47
6.14,1,48.4,5,3,0,0,1,1,11.19
6.63,1,48.1,10,3,0,1,1,2,10.3
1.76,3,49.9,9,0,0,0,0,2,2.08
8.02,1,48.1,15,4,0,0,1,0,14.99
11.17,3,19.9,7,5,1,0,1,0,41.43
3.21,1,94.7,15,1,0,0,0,3,2.17
10.04,1,29.2,16,3,0,1,2,1,28.98
12.59,3,16.3,6,5,1,2,1,0,56.42
0.8,2,26.9,6,0,0,0,2,2,1.99
6.2,2,69.2,2,1,0,0,0,2,5.91
18.02,2,22.4,18,1,0,0,2,2,56.64
7.9,2,23.4,9,5,1,0,2,2,20.89
1.69,4,13.5,8,2,0,0,1,2,7.66
2.8,4,6.8,18,1,0,3,2,1,26.86
8.12,1,52.5,7,3,0,0,1,2,10.9
9.74,2,74.2,11,4,0,0,0,3,8.07
6.99,1,41.3,18,5,1,0,2,3,13.31
7.83,3,18.8,15,3,0,3,1,2,29.45
7.12,2,27.9,14,2,0,1,1,2,18.53
4.48,1,77.9,7,1,0,0,0,1,3.97
7.13,3,20.1,7,5,1,0,1,1,25.87
2.27,1,57.2,15,2,0,0,1,3,3.16
5.49,2,22.8,1,3,0,1,2,2,17.41
9.35,4,13.1,20,3,0,0,1,1,50.41
3.78,4,15.7,10,3,0,1,1,2,14.87
5.8,4,12.8,11,4,0,0,1,0,30.16
7.43,4,19.1,8,3,0,2,1,3,25.82
17.42,1,54.5,20,6,1,0,1,2,23.99
11.97,1,47.2,16,3,0,0,1,1,22.94
2.21,3,15.1,12,1,0,0,2,0,10.89
19.8,1,57.9,15,5,1,0,1,2,24.67
14.44,4,8.1,10,5,1,3,1,3,107.61
7.72,1,37.2,12,5,1,0,2,2,14.88
10.85,3,18.1,10,4,0,0,2,1,46.83
4.15,1,57.5,11,5,1,2,0,1,4.69
6.65,4,11.0,9,1,0,1,1,2,37.51
3.98,2,23.9,4,2,0,0,2,2,11.55
9.68,1,36.0,2,0,0,0,2,1,21.46
23.22,3,47.6,7,6,1,1,0,3,35.23
5.31,2,31.6,8,5,1,0,1,1,13.19
6.22,4,23.9,20,1,0,0,0,2,14.98
6.79,2,43.1,16,5,1,0,1,3,10.77
5.49,4,9.6,22,4,0,0,2,2,36.94
9.36,2,39.7,10,1,0,0,1,2,17.94
12.5,4,13.3,11,6,1,1,1,2,57.24
4.74,2,24.0,17,6,1,1,2,1,14.72
6.74,1,45.7,15,0,0,1,1,3,10.43
10.08,1,72.5,14,1,0,1,0,1,9.29
3.75,1,41.0,15,5,1,1,1,0,7.26
2.95,1,92.5,15,5,1,0,0,3,2.21
4.68,4,13.3,18,0,0,1,1,2,21.89
10.38,3,21.9,17,4,0,0,1,2,30.04
3.62,3,53.0,22,1,0,0,0,3,4.45
4.89,4,23.2,21,6,1,1,0,2,12.82
6.77,4,14.1,11,4,0,0,1,1,32.03
7.47,2,22.4,2,4,0,1,2,1,24.67
6.23,3,38.4,0,2,0,2,0,2,10.44
6.87,1,28.1,6,2,0,0,2,1,21.21
2.42,1,47.8,4,1,0,0,1,2,3.6
4.56,4,6.9,10,1,0,0,2,2,43.51
10.83,1,34.8,3,5,1,1,2,2,20.9
4.32,2,68.6,16,5,1,0,0,2,4.23
7.59,2,24.0,7,4,0,0,2,1,26.43
7.15,4,14.9,13,2,0,0,1,1,33.07
10.2,3,17.0,5,1,0,1,1,1,43.8
11.06,2,34.0,19,6,1,0,1,1,27.76
12.83,3,45.6,18,1,0,0,0,2,17.18
15.05,3,18.7,10,6,1,0,1,2,50.81
3.65,2,34.4,20,1,0,0,1,0,8.11
1.46,3,22.7,7,2,0,0,1,2,4.18
5.32,3,24.1,19,1,0,1,1,3,13.94
3.47,1,42.7,14,4,0,1,1,0,7.54
3.99,3,17.1,9,1,0,0,1,0,16.83
9.14,3,14.5,5,6,1,0,2,2,42.88
12.4,2,32.7,7,3,0,0,2,3,25.72
7.71,1,34.6,19,5,1,2,1,0,19.24
4.44,2,27.6,15,0,0,1,1,1,11.84
7.94,4,23.0,8,4,0,0,0,0,22.9
10.41,1,22.2,13,1,0,2,2,1,37.84
2.43,1,35.2,6,3,0,0,2,2,4.88
5.56,1,78.9,5,2,0,0,0,1,5.0
5.86,1,49.7,20,6,1,0,1,1,10.74
6.12,1,39.0,12,6,1,3,1,1,13.75
3.8,3,20.5,10,6,1,0,1,2,11.83
8.05,4,13.3,21,4,0,0,2,2,38.43
8.5,4,29.9,11,4,0,0,0,2,16.43
3.6,3,21.5,9,1,0,0,2,2,11.08
14.11,4,26.6,9,2,0,0,0,2,32.16
3.01,2,33.5,15,1,0,0,1,3,6.4
4.34,2,64.4,14,3,0,0,0,1,4.53
2.81,2,21.4,0,0,0,3,2,3,9.24
2.52,2,48.2,16,5,1,2,0,1,3.66
7.26,1,51.2,18,5,1,0,1,2,10.86
4.33,2,25.9,16,2,0,1,2,2,11.82
11.1,3,20.2,20,0,0,1,1,2,34.15
3.84,2,26.2,9,3,0,0,2,2,10.29
4.37,2,38.6,7,4,0,0,1,2,8.47
10.27,3,48.9,17,3,0,0,0,2,13.52
3.23,1,46.8,7,5,1,0,1,0,5.98
5.0,2,63.2,5,0,0,1,0,2,4.97
13.98,1,78.7,5,2,0,0,0,1,11.61
0.88,4,13.7,18,1,0,0,1,1,4.29
0.8,1,31.3,1,0,0,0,2,1,2.15
2.44,4,27.8,9,2,0,0,0,2,4.85
15.37,1,87.8,6,0,0,0,0,2,10.69
8.6,2,34.8,18,6,1,0,2,3,16.57
8.03,1,43.3,13,5,1,1,1,1,15.16
2.44,4,11.8,8,6,1,1,1,1,13.41
7.09,3,13.1,18,4,0,0,2,1,38.5
3.65,1,44.6,18,5,1,0,1,0,7.04
11.27,1,30.2,14,4,0,1,2,2,26.18
11.58,4,14.3,9,1,0,0,1,1,57.21
4.63,1,52.2,15,4,0,0,1,2,6.47
8.98,4,19.9,21,3,0,0,1,3,29.44
8.27,1,44.8,3,5,1,0,1,1,15.8
6.18,1,46.6,8,5,1,0,1,1,10.52
3.74,4,18.7,9,6,1,2,0,1,11.82
5.02,2,62.0,16,5,1,0,0,2,4.81
11.02,1,43.9,16,1,0,0,1,1,21.76
14.1,1,55.4,8,6,1,0,1,3,19.39
5.32,2,27.3,8,5,1,3,1,1,15.12
14.92,4,12.6,21,0,0,0,1,0,75.59
8.6,2,24.1,18,6,1,1,2,2,25.63
6.31,2,29.3,21,6,1,0,1,0,17.18
5.87,1,77.1,19,5,1,0,0,1,4.89
3.89,3,41.9,11,3,0,1,0,1,5.8
9.36,1,73.4,6,2,0,1,0,1,8.25
16.39,2,27.5,16,0,0,1,2,3,43.16
6.16,2,34.3,10,5,1,0,1,1,14.23
3.43,2,16.3,11,5,1,1,2,0,14.4
10.26,1,78.2,11,5,1,0,0,0,8.37
5.15,2,31.3,21,4,0,0,1,1,13.1
3.86,4,16.1,4,0,0,0,1,2,15.46
2.35,1,30.4,7,4,0,0,2,1,6.82
9.18,1,52.1,15,6,1,0,1,2,12.54
12.82,4,12.5,20,3,0,0,1,3,69.27
2.88,2,18.2,21,6,1,3,2,1,11.99
5.5,1,31.4,14,5,1,0,2,2,12.01
5.82,2,66.4,2,3,0,0,0,2,4.88
4.04,4,11.0,10,3,0,1,1,2,23.45
14.69,4,25.4,21,5,1,0,0,3,30.97
2.27,2,23.2,13,1,0,0,2,2,6.79
8.65,1,26.5,17,6,1,0,2,0,27.12
9.65,4,9.5,8,4,0,0,1,0,61.73
4.02,3,11.3,1,0,0,0,2,0,23.57
3.38,3,22.2,15,5,1,1,1,1,10.86
4.48,2,29.9,19,0,0,0,1,1,11.81
1.69,1,46.8,23,6,1,1,1,2,2.45
16.64,2,28.5,19,0,0,2,1,2,41.49
4.73,1,36.9,14,1,0,0,2,3,9.79
5.15,1,79.5,16,1,0,1,0,2,4.64
18.31,1,35.9,19,4,0,0,2,3,40.44
1.93,3,21.4,1,1,0,0,1,1,6.95
6.12,3,20.5,22,5,1,1,1,2,19.01
10.42,4,23.7,14,3,0,0,0,0,30.0
16.67,1,53.4,22,6,1,0,1,2,24.56
2.11,2,25.1,18,6,1,0,2,2,5.83
18.02,1,42.1,7,0,0,1,1,1,37.87
5.49,2,30.3,7,3,0,0,1,1,13.91
5.51,2,32.6,10,1,0,0,1,1,13.65
2.92,3,20.3,8,0,0,1,1,2,9.37
6.96,1,55.8,12,6,1,0,1,2,9.99
18.06,1,50.2,15,2,0,0,1,2,24.73
6.88,2,27.7,11,3,0,0,2,2,18.55
3.75,1,31.2,3,2,0,0,2,1,10.68
4.29,1,90.6,22,4,0,0,0,3,2.94
4.43,3,26.7,11,6,1,0,1,2,10.5
15.35,3,23.3,19,5,1,0,1,2,39.95
17.3,3,50.0,4,3,0,0,0,3,21.81
2.27,2,24.8,18,6,1,0,2,1,7.78
3.08,1,82.7,7,0,0,0,0,1,2.85
3.35,2,30.0,17,6,1,1,1,2,8.0
4.61,1,79.8,16,0,0,1,0,2,3.82
19.21,2,18.5,20,5,1,0,2,0,80.21
17.86,4,8.1,9,2,0,0,1,1,140.1
6.64,1,71.5,6,0,0,0,0,0,5.94
4.99,4,11.9,19,5,1,1,1,2,26.09
1.37,3,22.0,9,3,0,0,1,1,4.8
7.55,2,66.1,8,1,0,1,0,3,7.51
7.04,2,22.2,13,6,1,0,2,2,22.27
2.84,3,18.5,7,1,0,0,2,3,9.32
8.49,1,24.0,9,5,1,2,2,1,28.14
11.39,2,75.0,10,0,0,0,0,3,9.11
2.81,3,27.7,9,4,0,0,1,3,6.61
4.78,2,60.1,12,3,0,0,0,0,5.36
11.06,2,35.2,10,4,0,0,1,0,24.01
4.14,3,9.3,18,2,0,0,2,1,30.28
4.65,1,60.2,21,5,1,3,0,1,5.07
4.85,2,39.5,5,6,1,0,1,2,8.62
8.73,2,27.2,19,6,1,0,1,0,23.79
12.32,4,14.6,21,0,0,1,1,2,49.43
16.08,2,65.9,17,5,1,0,0,1,14.18
11.8,1,77.7,23,6,1,0,0,1,9.72
6.6,3,24.3,9,2,0,0,1,2,17.69
9.65,2,31.8,19,6,1,0,1,0,23.84
2.67,1,47.3,17,6,1,1,1,2,4.15
20.64,4,21.0,9,4,0,0,0,0,63.4
3.87,2,71.2,17,6,1,0,0,2,3.12
9.22,2,21.3,13,3,0,1,2,2,28.1
7.27,2,65.6,7,4,0,0,0,2,7.06
2.47,2,29.1,7,1,0,0,1,1,6.91
3.88,1,46.6,17,6,1,0,1,1,8.08
12.79,3,42.4,17,4,0,1,0,2,18.41
6.07,2,31.2,14,4,0,0,1,0,13.48
3.45,1,36.1,13,6,1,0,2,3,6.39
5.5,2,59.1,7,4,0,1,0,2,5.7
3.44,2,41.2,11,6,1,0,1,2,5.39
4.61,3,24.0,20,4,0,0,1,3,12.0
2.05,4,11.9,19,3,0,0,2,2,10.75
6.6,1,72.7,16,0,0,0,0,0,5.39
7.22,3,51.2,23,3,0,0,0,1,9.06
4.66,1,88.4,20,5,1,0,0,2,3.74
12.75,2,41.4,7,2,0,0,1,2,22.16
4.84,3,23.0,11,1,0,0,1,0,16.08
6.07,1,48.5,6,0,0,0,1,1,11.64
4.48,4,14.7,12,6,1,0,1,2,21.27
5.15,1,33.7,18,5,1,0,2,2,11.19
9.89,2,40.9,7,6,1,0,1,3,17.72
2.73,2,28.3,20,6,1,2,1,3,6.52
8.44,4,29.7,15,5,1,1,0,3,18.02
4.12,3,14.7,18,1,0,2,1,2,16.86
2.82,1,35.5,2,1,0,0,2,2,6.33
5.26,2,21.4,5,0,0,0,2,1,18.85
15.32,3,28.6,16,5,1,0,1,3,33.15
9.17,3,12.5,19,5,1,0,2,2,48.91
5.18,2,32.5,20,0,0,0,1,2,11.02
3.54,2,26.0,17,5,1,0,2,2,8.94
17.5,2,21.8,8,2,0,0,2,2,52.25
7.78,1,94.1,7,3,0,0,0,3,4.87
6.74,4,16.2,20,6,1,0,1,2,27.9
9.01,2,36.9,6,6,1,0,1,2,17.37
9.58,2,66.1,17,0,0,0,0,2,9.61
4.8,1,45.3,14,5,1,0,1,1,9.44
10.68,3,50.4,11,2,0,0,0,2,13.23
2.39,3,49.0,12,4,0,0,0,2,3.1
9.33,2,35.6,21,0,0,0,1,2,18.15
5.0,2,65.0,19,3,0,0,0,1,4.98
12.98,2,19.7,19,4,0,0,2,1,54.37
4.78,3,18.7,11,4,0,0,2,2,16.66
11.64,2,26.8,6,4,0,1,2,3,30.11
7.93,1,28.9,23,6,1,0,2,1,22.54
25.36,2,29.2,7,4,0,1,1,0,62.91
10.43,1,50.4,13,1,0,0,1,2,14.76
6.84,2,65.0,8,3,0,1,0,2,6.98
1.84,1,68.6,13,2,0,2,0,2,1.81
12.44,2,26.2,9,0,0,2,1,3,28.3
12.91,3,21.5,20,2,0,0,1,1,42.97
5.31,2,31.4,22,6,1,0,1,0,12.84
4.22,2,66.5,11,1,0,0,0,2,4.16
10.94,3,45.5,4,4,0,0,0,2,14.75
7.85,2,53.4,16,5,1,1,0,0,9.95
5.95,4,6.9,10,0,0,1,2,3,55.57
8.75,1,53.5,23,3,0,1,1,3,11.43
5.3,3,25.2,5,0,0,0,1,2,14.28
12.8,3,41.2,6,6,1,0,0,0,19.79
5.58,3,44.4,17,0,0,0,0,1,8.71
10.94,3,19.9,18,2,0,0,1,1,38.08
6.83,1,74.1,12,5,1,0,0,0,6.08
8.17,4,12.0,9,4,0,0,1,2,40.53
17.19,3,14.6,9,3,0,1,1,0,76.11
4.88,2,57.9,10,0,0,1,0,1,5.32
10.52,3,17.4,8,1,0,0,1,1,44.18
14.96,4,12.7,19,1,0,0,1,1,81.02
10.3,1,30.0,4,6,1,0,2,1,31.37
13.22,2,44.6,11,5,1,0,1,3,21.3
7.26,4,16.9,18,4,0,0,1,3,29.63
9.97,1,50.0,0,6,1,0,1,2,13.54
11.61,1,75.3,20,5,1,0,0,0,10.39
6.74,3,9.2,17,0,0,3,2,2,50.72
22.74,1,54.6,4,4,0,0,1,3,31.02
3.86,4,10.2,20,0,0,3,1,3,24.55
3.43,2,39.8,13,3,0,0,1,2,6.59
16.1,2,60.7,16,1,0,0,0,1,15.99
14.62,2,19.5,20,6,1,3,2,2,55.0
4.28,2,27.7,20,5,1,0,2,2,11.27
13.22,3,42.9,11,2,0,0,0,1,19.41
8.8,1,45.4,8,5,1,0,1,0,18.3
6.88,3,41.7,8,4,0,1,0,1,9.99
4.19,2,51.3,18,3,0,2,0,2,5.35
6.29,4,11.0,21,1,0,0,1,1,35.6
3.67,4,9.3,4,6,1,1,2,1,25.24
5.65,1,38.9,0,3,0,2,1,2,10.12
3.6,4,14.4,19,5,1,0,1,3,16.05
2.61,2,22.4,10,6,1,0,2,0,9.24
13.41,1,41.0,9,5,1,3,1,2,21.33
6.05,2,54.1,7,2,0,0,0,0,6.71
8.34,2,72.6,10,0,0,0,0,3,6.36
4.72,1,87.1,22,0,0,0,0,2,3.69
5.87,1,43.1,23,3,0,0,1,1,11.5
3.53,4,8.0,9,3,0,1,2,2,29.34
16.18,4,17.6,22,6,1,0,1,2,53.79
1.35,3,48.7,9,4,0,0,0,2,1.51
11.19,1,53.4,19,6,1,0,1,3,13.42
4.66,3,53.1,8,3,0,0,0,3,5.42
3.52,1,69.9,19,6,1,0,0,0,3.6
2.45,3,48.1,10,0,0,0,0,2,3.01
7.25,1,39.5,7,5,1,0,2,2,12.96
10.4,2,38.4,21,6,1,0,1,2,18.86
9.79,3,17.2,8,3,0,0,2,3,37.4
5.09,2,33.4,23,1,0,1,1,2,10.52
5.84,2,36.9,6,1,0,0,1,1,12.01
3.45,2,22.3,0,0,0,0,2,2,10.47
3.86,2,56.4,20,3,0,1,0,1,4.71
13.38,1,33.3,15,6,1,0,2,1,36.59
1.86,1,80.0,11,5,1,0,0,2,1.5
1.68,2,22.3,5,3,0,1,2,1,5.92
4.28,1,33.8,15,3,0,0,2,2,9.17
16.07,3,17.3,11,1,0,0,2,3,64.0
6.79,3,17.0,13,0,0,0,2,3,26.89
22.75,3,20.3,16,4,0,3,1,1,79.2
5.43,2,20.3,16,5,1,1,2,1,20.52
9.99,2,39.9,22,1,0,0,1,2,17.9
12.36,1,50.2,16,0,0,0,1,2,17.6
20.47,4,6.0,10,0,0,0,2,0,243.16
4.54,3,23.5,9,4,0,0,1,1,14.0
6.75,2,69.3,12,2,0,0,0,2,5.8
5.97,3,12.7,8,4,0,0,2,1,35.41
10.48,3,39.9,10,4,0,1,0,2,16.89
15.09,1,43.3,19,0,0,2,1,2,24.38
15.07,4,14.4,19,2,0,0,1,3,67.3
4.47,3,18.9,16,2,0,0,2,3,16.94
3.87,1,29.6,15,3,0,0,2,1,11.53
9.83,4,12.9,11,4,0,0,1,1,51.4
3.16,1,51.1,16,4,0,0,1,1,5.92
10.63,2,22.5,18,2,0,0,2,1,38.1
6.74,3,22.6,18,2,0,0,1,2,18.89
13.73,4,17.0,2,5,1,0,1,1,57.78
12.5,2,57.9,17,6,1,0,0,1,13.49
7.27,3,11.9,17,2,0,0,2,0,45.58
2.97,2,33.3,5,0,0,0,1,1,7.29
3.15,1,41.6,7,0,0,1,1,1,5.85
6.95,4,26.0,18,0,0,0,0,0,16.64
8.89,4,13.8,14,6,1,0,1,2,41.81
5.5,2,38.3,19,5,1,0,1,3,10.9
3.63,1,72.9,7,4,0,1,0,1,3.31
5.62,2,25.5,1,5,1,0,2,3,15.35
13.79,1,33.2,7,5,1,0,2,1,35.71
5.62,4,23.8,12,2,0,0,0,0,14.14
4.57,1,41.6,14,6,1,3,1,2,6.66
3.08,3,45.7,19,0,0,3,0,3,4.14
6.45,3,19.9,17,3,0,0,1,1,23.25
12.57,3,25.9,23,2,0,0,1,2,33.87
12.92,2,30.7,5,5,1,1,1,2,31.06
3.98,4,27.2,6,6,1,0,0,2,8.64
7.31,1,77.1,5,2,0,1,0,2,5.93
4.24,1,42.1,14,5,1,1,1,1,8.24
5.33,2,24.2,8,6,1,0,2,0,19.26
6.38,3,11.6,17,2,0,2,2,0,38.71
4.9,1,38.4,6,0,0,2,1,1,10.91
0.8,3,43.1,5,1,0,0,0,0,1.5
16.21,2,65.0,12,3,0,0,0,0,17.92
4.55,3,22.7,10,3,0,0,1,0,13.06
4.32,2,60.4,19,6,1,0,0,0,4.65
3.96,4,17.6,19,1,0,0,1,2,14.76
2.31,1,30.7,6,3,0,0,2,0,6.16
16.49,2,76.4,19,6,1,0,0,3,14.06
6.65,1,34.4,15,0,0,0,2,2,13.56
8.95,2,55.9,13,6,1,2,0,3,10.03
8.28,3,19.4,5,2,0,0,1,1,32.35
4.8,3,18.6,18,1,0,0,1,0,16.99
6.64,1,44.3,3,2,0,1,1,2,11.16
10.14,1,31.5,9,5,1,0,2,1,25.76
2.52,1,33.9,5,3,0,3,1,0,6.13
5.27,3,21.1,14,4,0,0,1,1,18.24
5.85,2,27.1,16,3,0,2,1,2,13.68
4.71,3,10.3,20,3,0,1,2,1,32.95
4.65,3,15.2,17,1,0,1,2,1,20.79
7.42,2,37.4,22,2,0,0,1,2,14.41
14.18,3,16.8,18,1,0,0,2,3,55.16
8.71,4,11.6,9,0,0,0,1,2,44.72
3.89,2,28.7,14,2,0,1,1,0,11.08
25.41,2,64.0,12,0,0,0,0,1,26.01
14.25,2,69.1,15,0,0,0,0,2,12.54
4.93,2,32.6,15,6,1,0,1,0,12.34
14.37,2,72.9,17,6,1,0,0,2,12.51
7.52,3,17.0,5,1,0,1,1,2,29.73
3.03,1,38.7,18,6,1,0,1,0,6.27
13.35,3,46.4,7,3,0,0,0,2,17.88
3.9,1,50.3,1,5,1,0,1,3,6.08
8.94,1,50.2,13,4,0,0,1,2,13.91
7.28,1,92.2,15,5,1,0,0,3,5.13
9.38,3,30.6,2,3,0,0,1,2,20.35
17.2,3,17.3,13,3,0,2,1,2,69.63
6.58,1,49.0,14,2,0,0,1,3,8.78
3.0,2,30.9,3,1,0,0,1,1,7.68
4.26,3,46.8,17,2,0,0,0,1,6.03
2.85,2,62.2,8,4,0,0,0,0,3.21
2.25,3,25.3,18,1,0,0,1,3,6.01
12.42,1,34.0,9,5,1,0,2,2,26.65
7.13,2,39.0,12,5,1,0,1,2,12.74
6.12,3,27.6,20,5,1,0,1,2,14.82
5.0,1,45.4,18,3,0,0,1,2,8.13
10.79,3,20.6,18,0,0,0,1,2,33.8
15.31,2,21.3,7,6,1,0,2,1,58.34
3.82,1,36.3,3,3,0,0,2,3,7.24
8.74,3,22.0,15,3,0,0,1,0,30.38
11.92,4,8.9,11,1,0,1,1,2,86.89
7.73,4,9.1,20,3,0,0,1,2,51.27
10.28,3,17.8,10,4,0,0,1,0,42.08
2.97,1,46.7,11,6,1,0,1,1,6.01
15.55,2,38.4,14,3,0,0,1,2,28.3
10.81,3,44.2,18,0,0,0,0,1,15.82
9.26,2,72.8,8,1,0,0,0,2,8.38
11.44,3,36.3,21,5,1,2,0,0,20.14
5.53,2,30.8,14,4,0,1,1,1,13.01
3.37,1,72.7,19,5,1,2,0,3,3.18
2.87,3,16.1,14,1,0,0,2,1,12.49
2.56,3,20.3,18,0,0,1,1,2,7.69
8.66,1,70.1,3,2,0,1,0,1,8.52
5.14,2,22.0,18,4,0,1,2,1,19.0
15.0,1,51.6,14,0,0,0,1,2,20.9
13.26,4,13.4,12,5,1,0,1,2,61.47
10.77,3,23.1,6,2,0,0,1,3,32.72
9.44,2,38.2,18,5,1,0,1,1,20.27
4.25,2,37.4,6,0,0,0,1,2,8.26
4.77,3,20.1,7,2,0,1,1,2,16.45
4.24,2,31.7,6,2,0,3,1,2,9.01
3.29,2,32.3,0,1,0,1,1,1,7.28
6.23,3,42.3,16,6,1,1,0,2,9.86
11.83,2,21.7,8,3,0,0,2,2,37.8
5.99,3,16.2,7,3,0,0,2,3,24.38
4.1,2,23.3,9,0,0,0,2,3,11.92
5.99,3,24.0,13,2,0,0,1,1,18.39
7.39,1,21.2,13,3,0,2,2,2,22.51
4.87,3,18.7,10,0,0,2,1,3,17.62
6.26,3,24.0,13,0,0,0,1,3,18.59
25.16,2,28.2,11,4,0,1,1,0,63.08
2.51,4,17.8,19,1,0,0,1,3,8.76
1.39,2,34.5,1,1,0,0,1,1,3.58
7.07,1,73.3,20,5,1,1,0,2,6.02
8.43,3,52.2,8,6,1,0,0,2,10.74
6.07,1,34.4,17,2,0,0,2,3,13.45
3.49,1,82.2,11,3,0,0,0,2,2.9
14.85,3,53.1,9,2,0,0,0,3,17.71
6.82,1,79.7,16,3,0,0,0,2,5.55
7.27,4,15.7,18,3,0,0,1,1,33.03
10.67,1,31.9,12,3,0,2,1,1,28.06
5.92,2,29.5,12,5,1,1,1,1,15.67
5.58,3,18.7,3,3,0,0,1,0,22.53
14.85,2,70.1,21,3,0,1,0,3,12.46
1.98,4,28.4,19,4,0,0,0,1,4.44
8.17,3,19.2,11,4,0,1,1,3,27.87
7.75,2,72.7,18,3,0,0,0,2,6.86
5.11,2,21.1,9,5,1,1,2,3,17.09
6.08,4,14.3,17,0,0,0,1,3,26.82
14.12,3,23.3,13,0,0,0,1,2,41.81
3.89,2,58.3,12,1,0,1,0,1,4.24
10.27,4,11.3,3,3,0,0,2,1,62.13
6.7,2,30.0,22,0,0,1,1,1,16.81
9.64,3,16.1,19,1,0,0,1,0,40.3
8.52,1,50.0,18,6,1,0,1,2,12.52
1.32,3,12.4,9,0,0,0,2,2,6.38
3.83,4,22.5,9,1,0,1,0,0,10.05
4.22,1,64.0,15,2,0,2,0,2,4.03
3.47,2,73.3,19,0,0,0,0,2,3.05
4.58,4,13.0,21,3,0,1,1,0,24.62
7.26,3,48.8,8,6,1,0,0,1,9.61
11.26,1,44.2,15,3,0,1,1,1,23.17
2.75,4,14.2,17,4,0,0,1,2,11.83
6.76,2,40.5,8,2,0,0,1,3,11.14
7.92,3,21.4,11,2,0,0,1,2,24.03
12.5,1,45.1,7,0,0,1,1,2,19.74
15.81,3,13.7,17,1,0,0,2,1,79.65
5.9,2,73.6,19,6,1,0,0,2,4.32
3.52,2,31.5,20,5,1,0,1,1,7.7
8.23,3,25.0,17,6,1,0,1,2,21.99
3.64,3,40.7,10,6,1,0,0,1,6.14
7.84,1,44.5,16,4,0,0,1,0,14.26
4.09,4,8.1,19,2,0,1,2,2,31.78
9.01,1,48.0,16,2,0,0,1,1,18.19
4.28,2,52.9,11,5,1,2,0,2,5.25
14.99,3,14.6,21,3,0,0,2,2,66.63
6.71,2,39.0,19,5,1,0,1,2,12.05
2.14,4,12.2,20,3,0,0,1,3,11.21
11.45,2,34.9,20,1,0,0,1,2,22.44
5.95,4,24.7,11,0,0,0,0,1,13.84
9.41,3,43.3,19,1,0,0,0,1,13.96
11.57,3,46.6,15,0,0,0,0,2,15.09
6.93,1,44.1,2,4,0,0,1,1,13.58
2.63,2,24.7,16,5,1,0,2,1,9.07
7.32,3,18.4,12,2,0,0,1,1,27.75
13.86,2,52.2,9,6,1,3,0,1,18.02
6.29,1,58.8,22,1,0,0,1,3,8.28
8.53,2,17.2,3,6,1,1,2,1,38.56
3.91,4,27.6,21,0,0,0,0,1,8.59
2.31,3,14.6,7,5,1,0,2,1,12.44
6.03,3,18.2,10,4,0,0,1,1,22.04
6.81,4,22.9,11,1,0,1,0,1,19.72
12.36,2,35.1,17,6,1,0,1,1,29.39
7.08,3,51.7,8,2,0,0,0,2,8.89
11.81,2,22.6,23,4,0,0,2,2,35.26
5.05,4,9.3,18,3,0,3,2,2,31.73
2.57,1,44.1,18,2,0,0,1,0,4.79
8.81,1,42.1,6,6,1,0,1,1,18.05
14.7,3,50.7,12,3,0,0,0,1,19.24
4.62,2,42.8,21,4,0,0,1,2,7.99
9.58,3,42.8,8,4,0,0,0,1,13.02
9.79,2,30.9,7,3,0,1,1,1,25.11
2.33,1,79.0,13,0,0,0,0,0,1.88
5.87,2,34.5,21,5,1,0,1,2,13.05
10.04,3,50.6,13,4,0,0,0,2,13.65
8.22,2,72.6,11,1,0,0,0,2,7.88
10.04,1,56.3,16,5,1,0,1,2,13.03
9.09,4,12.7,21,1,0,0,1,1,49.31
6.34,1,45.7,3,4,0,0,1,2,10.47
6.8,1,79.4,7,5,1,0,0,0,5.92
12.17,2,58.8,6,3,0,3,0,3,12.43
7.31,4,19.0,5,3,0,1,0,0,23.25
4.22,3,21.9,9,2,0,0,1,3,12.03
5.93,3,34.5,8,3,0,0,0,0,11.12
8.51,3,16.5,14,0,0,0,2,2,35.38
11.73,3,16.0,9,0,0,0,2,3,47.95
2.29,4,7.8,11,1,0,1,2,2,18.8
5.73,3,15.6,21,4,0,0,2,1,28.6
11.24,2,26.4,7,1,0,1,1,0,32.9
3.88,3,16.1,10,4,0,0,2,2,14.34
3.89,4,10.9,8,1,0,1,1,2,22.42
6.75,3,25.2,14,4,0,0,1,1,19.78
2.16,4,10.7,17,4,0,0,1,1,13.32
16.93,2,26.0,19,1,0,0,1,1,48.22
8.45,2,81.8,13,2,0,0,0,3,5.84
9.56,1,54.8,19,0,0,1,1,3,13.46
12.64,3,18.3,18,3,0,1,2,3,46.79
22.28,1,40.6,7,6,1,2,1,2,41.47
6.35,1,57.2,8,6,1,0,1,3,7.63
2.27,3,16.5,17,0,0,1,1,1,9.46
8.02,3,20.3,22,3,0,1,1,1,27.76
4.04,2,58.5,10,4,0,0,0,1,4.66
3.07,3,19.0,8,5,1,0,1,1,11.44
4.91,3,40.3,20,1,0,0,0,1,8.0
6.28,1,70.0,8,6,1,0,0,0,6.71
12.77,4,6.0,17,1,0,1,2,0,138.62
17.18,1,75.6,2,3,0,0,0,1,15.7
3.35,1,40.8,1,1,0,0,2,3,5.98
5.13,1,32.5,12,1,0,0,2,1,14.79
9.31,3,20.9,16,1,0,0,1,2,29.9
10.06,1,32.7,6,0,0,0,2,2,22.66
3.61,4,18.6,18,1,0,0,1,2,12.43
11.25,1,82.7,6,2,0,0,0,2,9.0
4.21,4,9.3,14,3,0,0,1,2,29.13
3.52,4,9.1,9,0,0,0,2,0,28.07
9.08,3,17.5,18,0,0,2,1,2,31.76
12.96,1,47.9,18,6,1,1,1,2,19.66
8.01,1,71.5,4,4,0,0,0,0,7.75
7.24,1,39.3,7,4,0,1,1,0,15.3
6.35,2,32.8,20,6,1,0,1,2,13.39
7.0,3,26.4,11,1,0,0,1,2,18.13
5.83,1,44.0,12,0,0,1,1,2,9.65
9.24,1,46.4,7,5,1,0,1,1,17.79
7.0,2,69.0,23,6,1,1,0,3,6.02
21.52,2,33.5,21,0,0,0,1,0,52.5
8.21,2,56.7,0,1,0,0,0,0,9.08
5.83,3,27.4,14,6,1,0,1,2,14.37
3.38,3,19.8,20,3,0,0,1,0,11.94
3.68,3,20.7,11,0,0,0,1,0,13.4
8.41,3,21.8,11,4,0,0,1,3,25.09
4.74,3,45.0,10,1,0,0,0,1,6.49
7.46,3,21.7,1,0,0,0,1,2,23.19
13.39,1,28.7,18,5,1,1,2,1,39.98
2.93,1,26.6,12,5,1,0,2,0,9.03
6.07,4,8.7,14,4,0,0,1,1,44.6
1.07,4,6.3,8,2,0,0,2,1,10.87
2.34,2,38.0,18,0,0,0,1,2,4.46
7.63,1,59.8,18,6,1,2,0,1,8.57
2.53,1,49.8,14,5,1,0,1,0,4.69
2.88,4,12.5,20,1,0,0,2,2,15.18
16.09,1,43.3,6,4,0,0,1,0,33.41
4.44,3,46.3,18,0,0,0,0,1,6.27
3.51,3,13.6,14,4,0,2,2,3,15.18
13.34,2,27.0,8,1,0,0,1,0,39.02
3.49,1,86.9,6,0,0,0,0,2,2.58
8.13,3,20.0,9,6,1,0,1,0,28.94
8.27,2,68.8,19,6,1,0,0,2,8.46
10.83,3,43.6,18,5,1,1,0,2,16.15
3.12,4,23.9,16,1,0,1,0,1,8.48
3.87,3,37.6,5,3,0,1,0,1,6.59
4.47,1,54.5,22,0,0,0,1,2,5.96
3.98,3,43.4,9,0,0,0,0,2,5.07
10.42,1,29.2,15,6,1,0,2,0,32.56
8.28,1,47.2,18,6,1,0,1,0,14.87
9.03,3,17.0,6,5,1,2,1,1,34.86
2.25,1,86.9,16,4,0,0,0,2,1.5
7.52,3,11.8,2,0,0,0,2,1,44.05
14.55,2,33.5,5,3,0,0,1,1,35.3
19.98,3,22.4,17,4,0,1,1,2,58.3
4.96,2,56.3,7,4,0,1,0,1,5.53
10.96,3,42.7,12,2,0,0,0,1,15.85
3.93,3,23.2,8,0,0,0,1,2,10.47
2.32,4,8.3,11,2,0,2,1,1,19.06
2.42,2,24.6,4,5,1,0,2,1,8.21
13.45,4,7.9,18,3,0,0,2,2,114.39
5.2,1,95.1,5,0,0,0,0,3,3.46
4.57,3,10.5,19,2,0,3,2,1,30.39
10.21,2,25.0,16,2,0,0,2,2,28.69
2.8,2,38.8,11,6,1,0,1,3,5.11
8.79,2,28.2,20,4,0,1,1,0,22.07
5.82,3,49.0,7,2,0,0,0,2,7.15
18.91,1,81.8,8,2,0,0,0,1,15.59
5.11,1,79.7,6,5,1,0,0,1,4.01
6.1,3,14.6,10,0,0,1,2,1,32.2
2.4,3,14.4,23,6,1,0,2,2,9.9
20.56,1,49.4,7,6,1,0,1,2,27.88
5.33,3,16.7,19,0,0,0,1,1,21.57
16.52,2,33.8,16,4,0,0,1,0,38.83
1.89,2,35.0,0,6,1,0,1,1,4.53
7.86,2,29.5,21,0,0,0,1,0,22.56
19.33,2,67.0,22,3,0,0,0,2,18.29
4.45,4,17.7,21,4,0,1,1,2,15.56
7.55,1,98.7,13,3,0,0,0,3,4.69
13.71,4,25.3,8,0,0,0,0,0,35.02
5.38,2,31.4,10,0,0,0,1,1,12.49
2.34,1,45.2,16,4,0,0,1,1,4.54
4.88,1,43.1,10,6,1,1,1,1,10.31
7.92,3,23.0,17,2,0,0,1,2,23.29
7.87,3,45.4,18,1,0,0,0,0,11.0
9.89,2,23.2,8,1,0,0,2,0,35.88
3.82,3,27.5,11,0,0,0,1,1,10.46
18.48,1,26.5,22,3,0,0,2,1,62.14
3.9,1,29.6,8,4,0,0,2,0,11.0
7.0,4,32.1,10,2,0,1,0,3,14.08
8.09,2,22.7,2,5,1,0,2,2,23.35
7.64,3,15.5,9,0,0,1,2,0,38.05
3.13,3,48.3,10,3,0,0,0,1,4.52
13.9,2,69.5,5,0,0,0,0,2,12.16
4.73,1,30.1,0,5,1,1,2,0,15.22
8.52,2,48.8,15,1,0,2,0,1,10.69
7.51,3,9.9,9,0,0,0,2,0,51.65
7.49,2,64.0,0,3,0,0,0,1,7.15
2.19,2,36.8,19,1,0,1,1,3,4.23
4.48,1,33.1,15,5,1,3,1,1,10.78
8.47,1,30.8,7,5,1,1,2,2,18.5
2.28,1,46.6,19,6,1,0,1,1,4.42
5.81,2,66.0,8,0,0,0,0,1,6.21
7.11,3,22.8,8,1,0,0,1,2,21.06
9.61,1,53.2,20,5,1,0,1,2,14.32
7.02,3,19.3,7,4,0,0,1,2,23.88
5.92,3,17.8,20,6,1,0,1,0,21.76
7.72,3,49.3,18,3,0,0,0,2,9.35
5.7,3,21.2,9,3,0,1,1,2,17.55
3.73,2,31.0,2,4,0,0,1,0,8.77
4.85,2,22.7,5,5,1,0,2,1,17.4
8.41,1,54.9,6,5,1,0,1,2,11.77
5.96,3,18.4,20,3,0,0,1,1,24.46
23.89,3,14.8,11,3,0,0,2,2,105.2
3.04,3,21.1,2,0,0,0,2,2,9.27
8.25,1,45.8,14,2,0,1,1,2,13.38
9.03,2,33.2,8,0,0,0,1,1,22.54
6.92,4,11.4,8,4,0,0,1,1,40.49
5.47,1,28.4,7,4,0,2,2,2,13.2
6.58,3,50.3,18,2,0,0,0,2,7.29
6.6,2,68.9,0,0,0,0,0,1,6.35
15.45,1,50.9,12,0,0,0,1,2,22.45
1.76,1,48.8,5,0,0,0,1,1,3.52
3.67,4,25.7,14,1,0,0,0,0,8.9
7.75,2,39.2,10,6,1,1,1,3,13.88
11.94,1,82.0,1,5,1,0,0,2,9.27
3.82,3,44.9,12,1,0,0,0,2,5.56
3.18,1,29.6,15,0,0,0,2,2,7.98
6.1,4,12.9,8,1,0,0,1,0,34.3
3.68,4,25.7,18,0,0,1,0,2,9.0
6.13,3,15.2,10,4,0,0,2,2,27.1
3.73,2,63.6,18,0,0,0,0,1,4.26
9.7,3,23.8,15,1,0,0,1,2,27.15
3.8,4,9.9,20,2,0,0,2,2,24.36
2.02,1,76.6,14,4,0,0,0,0,1.7
9.72,4,9.9,7,3,0,0,2,3,66.18
6.66,3,19.1,19,2,0,1,1,2,22.07
5.11,4,13.5,18,2,0,0,1,2,23.76
5.2,2,26.0,22,5,1,2,1,1,15.08
7.12,2,34.3,5,3,0,1,1,2,14.81
3.19,2,23.3,15,4,0,0,2,2,9.17
2.53,4,23.9,13,5,1,0,0,0,6.24
3.8,2,23.8,17,6,1,0,2,2,11.44
5.48,1,32.2,23,6,1,0,2,1,15.04
3.6,2,32.2,14,6,1,0,1,1,8.19
15.4,2,76.8,17,3,0,0,0,3,11.7
3.8,3,46.8,10,4,0,0,0,2,5.4
6.82,2,28.4,9,4,0,0,1,0,19.53
8.71,2,73.5,9,5,1,0,0,2,7.66
12.81,2,61.4,2,6,1,0,0,1,13.71
16.75,4,11.8,9,4,0,1,1,0,93.9
20.38,1,46.1,7,2,0,0,1,1,37.47
12.46,4,5.4,12,4,0,2,2,0,144.83
11.38,1,46.5,12,5,1,1,1,2,17.27
3.33,2,71.1,18,3,0,0,0,2,2.86
9.01,1,75.3,13,2,0,0,0,1,7.75
5.67,2,39.4,12,4,0,0,1,1,11.2
5.71,4,11.9,8,1,0,0,1,0,30.23
5.13,2,39.1,19,1,0,0,1,2,8.75
3.28,3,19.6,5,4,0,0,1,1,11.29
4.62,1,28.3,23,1,0,1,2,0,14.27
3.66,1,78.0,12,0,0,0,0,1,3.28
1.76,1,75.2,7,6,1,0,0,0,1.5
13.91,3,26.0,10,5,1,0,1,2,34.99
6.73,1,42.8,0,2,0,0,1,1,13.07
6.9,1,46.6,7,0,0,0,1,1,13.53
6.37,4,23.5,9,2,0,1,0,2,16.01
11.9,1,81.4,14,3,0,0,0,1,9.45
7.28,4,25.9,6,1,0,0,0,1,17.85
14.16,3,27.3,17,1,0,0,1,2,34.16
9.54,2,39.4,19,5,1,0,1,1,20.67
4.12,1,52.1,15,1,0,0,1,3,5.64
12.97,2,17.1,9,4,0,1,2,1,52.01
8.06,3,48.7,6,2,0,0,0,3,10.08
6.28,3,23.7,0,4,0,0,1,2,18.26
11.13,4,33.6,17,1,0,0,0,3,18.89
6.78,3,12.5,16,6,1,0,1,1,36.03
10.01,2,28.7,12,3,0,3,1,1,24.56
2.94,1,50.9,5,1,0,1,1,2,4.26
6.87,1,85.4,8,6,1,1,0,3,5.11
4.3,1,46.0,19,6,1,0,1,2,6.39
19.99,1,36.3,13,5,1,0,2,2,41.23
13.62,4,7.8,22,4,0,0,2,2,98.25
7.54,1,73.1,23,1,0,0,0,0,7.96
12.92,2,41.6,18,6,1,0,1,3,23.25
4.35,4,29.2,8,0,0,0,0,1,9.78
4.99,2,29.9,8,0,0,0,1,0,13.61
1.5,4,14.8,8,4,0,0,1,2,6.71
9.72,2,74.3,23,0,0,0,0,2,8.49
1.37,3,23.6,9,2,0,0,1,2,4.14
4.67,4,5.8,17,6,1,2,1,1,50.38
2.87,1,70.7,22,5,1,1,0,0,2.78
11.74,2,37.1,19,2,0,0,1,2,19.79
18.9,2,32.4,15,5,1,0,1,0,47.15
10.61,1,37.9,7,6,1,0,2,2,21.29
9.57,1,86.8,7,5,1,1,0,3,7.29
7.59,4,31.5,13,4,0,0,0,3,13.98
7.2,1,81.4,22,0,0,0,0,1,5.67
3.86,3,15.9,20,2,0,0,2,0,17.42
2.22,2,29.6,7,0,0,0,1,0,6.04
7.11,3,15.5,9,1,0,2,1,1,31.48
8.12,1,68.6,15,5,1,2,0,2,7.34
8.09,2,57.1,12,0,0,0,0,0,9.69
8.78,1,46.3,6,0,0,1,1,1,17.08
10.14,1,88.8,10,4,0,0,0,2,7.43
6.93,1,29.0,22,6,1,0,2,0,20.61
3.61,2,38.2,22,1,0,0,1,3,6.06
8.61,1,83.6,14,6,1,0,0,2,6.12
9.78,2,64.5,16,2,0,0,0,1,10.48
5.54,1,76.7,8,5,1,0,0,0,4.85
9.8,2,26.4,18,5,1,1,1,0,29.98
7.16,1,83.5,3,5,1,0,0,2,5.6
3.26,4,16.8,8,2,0,0,1,2,12.58
22.49,3,17.0,0,5,1,0,2,0,104.66
5.37,3,53.6,10,0,0,0,0,3,6.75
3.43,2,22.3,19,3,0,0,2,1,12.3
4.27,3,20.3,23,3,0,0,1,2,12.9
1.08,2,21.6,17,5,1,1,2,2,3.43
5.65,4,15.8,18,2,0,0,1,3,23.79
14.01,3,51.6,8,0,0,0,0,3,17.57
7.52,2,22.3,13,0,0,0,2,2,22.38
4.0,2,60.0,17,6,1,0,0,0,4.32
6.49,2,36.4,13,6,1,0,1,2,12.23
1.5,1,39.0,5,1,0,0,2,2,3.14
6.53,4,23.8,18,4,0,1,0,2,16.57
5.46,2,39.6,8,3,0,0,1,3,9.78
11.33,2,22.8,5,5,1,0,2,2,34.81
8.18,3,20.4,12,0,0,0,1,1,29.75
3.54,2,32.7,4,2,0,0,1,1,8.79
11.15,1,43.5,16,3,0,1,1,1,21.82
13.27,1,45.8,16,4,0,0,1,1,25.23
8.33,3,15.5,8,0,0,1,2,2,34.4
5.81,2,43.0,22,3,0,0,1,3,9.69
4.76,3,14.7,19,0,0,2,1,1,24.7
15.79,4,13.9,6,5,1,0,1,3,75.72
7.95,3,19.2,18,4,0,1,1,3,25.62
7.06,3,15.1,10,1,0,0,2,1,35.42
3.03,2,75.6,18,3,0,0,0,3,2.56
3.78,2,29.0,18,4,0,0,1,0,10.19
2.47,2,38.3,7,1,0,0,1,2,4.55
5.76,2,67.6,16,1,0,0,0,2,5.22
4.7,4,6.3,19,4,0,0,2,1,48.19
7.27,3,14.6,9,2,0,0,2,0,34.65
12.33,3,42.0,5,6,1,0,0,0,18.57
9.83,3,26.5,1,4,0,0,1,3,24.77
10.95,3,20.7,6,0,0,0,1,2,35.44
12.16,3,19.1,0,2,0,0,1,1,41.77
3.98,3,16.2,9,1,0,1,2,3,16.33
5.19,1,81.4,9,6,1,1,0,3,3.82
4.75,2,26.4,6,6,1,0,2,1,13.64
10.12,1,57.1,16,6,1,0,1,2,13.75
2.96,2,27.5,23,3,0,0,1,1,8.64
14.39,2,71.8,20,1,0,0,0,2,13.8
5.07,3,14.2,8,3,0,0,2,3,23.73
3.11,1,41.8,18,6,1,1,1,0,6.71
5.21,2,55.6,21,3,0,1,0,1,5.58
5.43,3,49.8,20,4,0,0,0,2,7.0
5.91,4,9.5,20,4,0,2,1,2,38.4
6.08,3,39.6,18,1,0,1,0,1,9.58
12.09,3,16.2,9,4,0,0,1,1,53.15
8.03,1,38.3,5,1,0,0,2,1,19.81
3.08,1,48.3,13,6,1,0,1,2,4.54
5.36,2,62.0,3,6,1,0,0,1,5.97
4.66,4,28.8,23,4,0,0,0,1,10.09
6.89,3,49.6,10,4,0,0,0,1,9.71
6.31,1,38.6,22,6,1,1,2,3,11.91
16.88,4,14.8,18,3,0,2,0,0,70.28
10.92,4,25.8,11,2,0,1,0,1,26.74
9.3,3,11.8,6,4,0,2,2,1,54.47
1.4,2,35.5,8,5,1,0,1,1,3.53
10.68,1,49.6,17,5,1,0,1,2,16.19
1.83,3,16.2,19,5,1,0,2,1,7.54
4.94,2,35.6,23,4,0,0,1,1,10.53
5.34,2,69.9,6,1,0,0,0,2,4.3
11.83,2,40.4,7,3,0,0,1,2,19.43
3.45,3,47.1,2,5,1,0,0,2,4.29
5.92,2,37.8,8,6,1,1,1,3,10.68
2.62,4,5.7,19,3,0,3,2,1,30.99
8.88,3,18.5,8,2,0,0,2,3,36.2
4.97,3,19.7,14,2,0,0,1,1,17.22
7.32,3,21.4,12,2,0,0,1,1,25.66
0.8,1,89.2,9,6,1,0,0,2,1.5
3.19,3,21.0,16,4,0,1,1,2,9.6
7.45,2,30.5,13,1,0,0,1,1,21.66
9.62,1,46.1,9,5,1,0,1,1,19.42
14.49,3,25.6,17,0,0,0,1,2,35.89
13.32,1,53.1,9,5,1,0,1,2,17.95
4.52,1,70.5,16,5,1,3,0,2,4.29
7.25,3,16.4,22,1,0,0,1,1,29.48
10.23,1,56.9,17,6,1,2,0,1,11.06
7.94,3,48.3,11,3,0,0,0,1,10.62
5.37,4,28.9,18,2,0,0,0,0,11.14
7.44,3,16.3,18,0,0,0,2,1,36.87
13.9,4,13.8,9,3,0,2,1,3,62.89
6.49,3,11.0,17,2,0,0,2,2,36.34
8.99,1,41.7,11,5,1,1,1,0,17.01
7.73,3,41.7,19,0,0,0,0,2,10.65
4.36,2,72.7,9,1,0,0,0,2,3.48
11.79,2,71.8,21,5,1,0,0,2,11.24
6.6,2,34.2,15,3,0,0,1,2,13.66
5.33,2,53.5,10,4,0,1,0,0,6.93
7.68,1,81.4,11,5,1,0,0,1,7.2
12.56,2,21.9,10,0,0,0,2,1,46.29
7.39,2,56.8,7,0,0,0,0,0,8.16
7.31,1,50.4,4,5,1,0,1,0,14.12
8.83,3,23.7,9,5,1,0,1,1,29.67
10.04,2,29.2,12,1,0,0,2,3,24.56
5.69,3,23.5,10,1,0,1,1,3,14.89
6.14,1,48.2,0,3,0,1,1,2,9.15
5.44,3,14.4,15,4,0,0,2,1,27.14
8.78,2,39.5,7,2,0,0,1,3,13.87
6.6,2,27.7,8,5,1,0,2,3,16.52
6.8,3,17.3,6,0,0,0,2,1,27.82
6.93,1,85.9,13,6,1,0,0,2,4.63
2.88,2,63.9,5,0,0,0,0,1,3.15
9.56,4,14.4,8,3,0,1,1,3,41.68
5.58,3,18.7,12,2,0,1,1,1,21.16
6.64,1,29.2,7,6,1,0,2,0,20.1
5.0,1,78.7,12,2,0,0,0,1,4.42
3.44,1,51.7,10,5,1,0,1,1,6.01
7.36,4,13.5,19,2,0,0,1,1,36.99
8.49,4,19.8,18,3,0,0,1,2,29.6
22.29,2,70.7,23,6,1,0,0,2,18.75
4.74,1,73.6,14,0,0,1,0,2,3.73
10.44,1,86.5,15,1,0,0,0,2,7.73
5.51,4,11.1,21,0,0,0,1,2,28.72
10.95,3,21.5,11,1,0,1,1,0,37.01
9.26,2,71.8,14,1,0,0,0,3,8.47
4.78,2,29.5,10,3,0,3,1,2,10.73
3.25,2,20.7,14,5,1,0,2,2,10.47
2.6,1,94.8,5,2,0,0,0,3,1.97
11.56,3,23.6,18,5,1,1,1,3,31.72
3.84,3,56.4,23,3,0,0,0,3,4.22
2.3,1,26.7,4,5,1,3,2,1,7.15
11.42,3,15.6,18,5,1,0,2,3,53.42
6.84,3,44.6,8,1,0,2,0,3,9.03
5.75,3,22.5,7,0,0,0,1,2,16.79
10.02,2,61.6,17,6,1,0,0,2,9.4
5.53,1,36.4,2,1,0,0,2,3,10.34
9.5,2,34.7,12,6,1,0,1,1,22.91
4.78,1,43.5,0,3,0,1,1,1,9.2
13.79,1,50.5,14,6,1,0,1,1,25.3
4.34,2,71.9,12,5,1,0,0,3,3.74
9.58,2,33.9,21,5,1,0,1,0,25.34
12.42,4,25.4,17,6,1,0,0,1,31.59
0.8,1,40.7,6,6,1,1,1,2,1.5
9.06,3,24.5,10,0,0,0,1,2,24.91
4.39,2,22.7,21,2,0,0,2,2,12.33
9.99,3,20.7,17,3,0,0,1,1,35.38
7.74,3,21.7,15,5,1,0,1,1,25.38
8.89,4,21.9,14,6,1,0,0,2,26.54
6.55,1,44.0,11,5,1,3,1,2,10.51
12.87,2,61.1,15,4,0,0,0,1,13.55
2.68,1,77.3,18,5,1,0,0,1,2.78
12.11,3,19.7,6,1,0,1,1,1,42.97
4.83,3,10.8,22,2,0,2,1,2,26.4
1.75,3,20.7,8,2,0,3,1,2,5.53
7.0,3,14.3,12,5,1,1,2,2,31.54
4.49,4,18.5,1,0,0,0,1,2,15.31
8.7,2,32.7,14,3,0,0,1,1,19.65
9.18,2,27.1,10,5,1,0,1,0,24.64
6.19,1,33.3,8,5,1,0,2,3,13.11
8.93,3,22.7,23,1,0,0,1,2,23.68
8.01,3,8.5,11,5,1,2,2,0,62.11
6.92,1,74.0,11,4,0,0,0,1,6.39
6.08,1,52.2,12,1,0,0,1,2,8.26
5.03,1,45.9,6,5,1,0,1,1,8.7
16.97,3,18.4,11,5,1,0,1,0,68.26
6.74,1,48.5,9,6,1,0,1,2,9.15
8.22,1,36.5,12,3,0,2,1,1,19.02
9.73,4,10.5,19,2,0,1,1,2,59.15
5.78,2,35.7,7,4,0,0,1,3,10.29
8.56,1,35.2,15,0,0,0,2,2,17.2
16.12,3,46.6,2,3,0,0,0,2,22.51
4.33,3,22.9,9,1,0,0,1,3,12.05
16.12,1,70.8,12,3,0,1,0,1,14.01
10.13,2,37.6,4,0,0,1,1,3,19.49
4.79,1,75.4,14,1,0,1,0,2,3.93
4.17,3,15.8,9,4,0,2,1,1,19.65
16.07,1,43.5,23,6,1,1,1,1,31.4
11.65,2,72.5,16,1,0,0,0,2,9.96
6.31,3,15.7,8,1,0,1,2,3,26.45
5.15,3,40.0,5,6,1,0,0,0,8.28
4.8,2,17.5,2,0,0,2,2,2,17.03
6.13,3,44.3,5,1,0,1,0,1,8.21
6.47,2,35.4,17,3,0,0,1,1,14.09
7.51,3,19.2,19,2,0,1,1,1,30.39
3.78,4,14.8,7,0,0,0,1,3,15.07
4.68,3,14.4,11,0,0,3,1,1,21.74
5.95,2,33.5,10,0,0,0,1,1,14.2
19.42,2,33.1,16,3,0,0,1,1,44.7
7.98,2,23.5,7,3,0,0,2,2,24.0
2.92,2,61.2,22,3,0,0,0,1,3.34
3.9,2,65.0,17,5,1,0,0,1,4.06
15.96,1,29.5,22,3,0,0,2,1,49.3
12.93,2,56.7,9,6,1,0,0,1,13.7
5.49,1,75.4,15,1,0,0,0,0,4.55
9.03,3,36.4,17,0,0,1,0,0,16.75
8.46,2,41.1,17,5,1,0,1,3,13.62
6.86,4,12.7,1,0,0,0,1,3,32.2
4.2,1,84.0,23,4,0,0,0,2,3.34
2.14,4,26.4,21,2,0,0,0,1,4.58
10.97,1,43.3,6,1,0,1,1,1,21.36
8.57,2,64.3,14,2,0,0,0,1,8.76
4.24,4,25.0,9,1,0,0,0,1,11.06
12.62,4,13.3,20,1,0,0,1,2,62.4
15.62,2,38.9,17,1,0,0,1,1,34.1
7.83,4,30.9,8,0,0,0,0,3,16.55
6.71,1,50.8,2,2,0,0,1,1,11.31
2.57,2,20.6,9,2,0,0,2,0,9.7
6.17,1,88.0,2,3,0,0,0,2,4.89
3.56,1,88.2,6,2,0,1,0,3,2.71
6.38,1,45.5,16,3,0,2,1,3,10.45
11.88,3,37.4,18,4,0,0,0,0,20.97
9.7,4,19.0,12,3,0,0,1,2,35.35
12.82,3,13.5,15,5,1,0,2,1,72.32
5.87,2,67.6,7,1,0,0,0,2,5.28
3.04,3,14.9,9,0,0,2,1,1,13.32
5.73,1,29.6,17,5,1,3,2,1,17.5
7.85,2,22.5,10,1,0,0,2,1,30.27
13.12,2,33.2,10,6,1,0,1,1,33.39
10.75,2,60.2,7,4,0,0,0,0,12.08
2.3,1,52.2,15,5,1,0,1,2,3.51
7.71,4,15.5,18,0,0,0,1,2,32.25
11.82,2,33.9,12,4,0,1,1,3,22.29
13.63,3,15.3,6,5,1,1,2,2,60.54
12.33,4,9.3,19,1,0,1,1,2,84.03
4.53,1,44.8,4,0,0,0,1,1,8.48
4.67,2,37.3,12,4,0,0,1,2,8.77
16.97,4,13.7,8,5,1,3,1,3,85.14
5.27,4,31.3,21,3,0,0,0,1,10.99
15.5,3,20.0,18,2,0,0,1,2,52.41
3.92,2,72.1,15,1,0,0,0,2,3.35
6.37,3,40.9,17,3,0,0,0,1,9.02
1.67,1,48.6,14,4,0,0,1,2,2.57
6.11,1,31.4,7,4,0,0,2,1,16.21
4.15,2,36.0,17,5,1,1,1,2,8.3
9.74,1,75.3,13,5,1,0,0,0,8.08
9.7,1,32.4,16,0,0,0,2,1,27.29
8.74,3,20.7,2,3,0,2,1,3,29.01
4.27,1,39.3,6,4,0,2,1,2,7.85
12.85,1,50.5,15,0,0,0,1,1,22.66
7.03,3,24.0,12,2,0,0,1,2,20.46
10.18,3,26.4,8,2,0,0,1,0,28.58
12.36,4,23.6,8,0,0,1,0,1,31.81
7.48,2,49.1,16,3,0,3,0,0,10.29
2.85,1,55.1,3,0,0,0,1,3,3.49
7.98,1,39.8,11,5,1,1,1,1,16.49
6.16,3,15.7,14,0,0,0,1,1,26.41
4.02,3,16.1,9,3,0,0,1,2,16.34
14.57,3,14.3,19,2,0,0,2,1,77.31
5.77,2,38.5,3,4,0,0,1,1,11.9
9.38,2,39.5,19,2,0,0,1,2,16.29
10.63,4,14.9,17,5,1,0,1,2,46.14
7.98,1,55.1,12,3,0,0,1,3,10.94
5.39,3,17.9,21,6,1,0,2,1,26.0
2.65,2,35.7,17,1,0,0,1,1,6.46
8.69,4,21.9,21,3,0,1,0,2,23.64
5.8,1,88.9,12,2,0,0,0,2,4.06
16.73,2,28.5,12,2,0,2,1,3,40.27
4.6,1,52.1,14,6,1,0,1,2,6.83
1.71,3,40.6,4,3,0,1,0,2,2.58
3.34,3,28.7,20,3,0,0,1,2,7.9
12.32,3,18.1,17,3,0,0,1,1,50.59
10.81,1,81.3,16,2,0,0,0,1,9.17
14.51,4,29.5,21,6,1,0,0,1,30.04
6.22,1,53.2,23,5,1,0,1,2,8.51
10.07,1,52.6,7,0,0,0,1,2,14.33
7.77,2,60.3,18,1,0,1,0,2,8.48
4.81,1,35.1,15,0,0,2,1,1,11.32
7.0,1,72.2,12,5,1,0,0,0,6.63
5.56,2,22.1,23,2,0,1,2,1,20.05
14.06,3,24.4,19,0,0,0,1,2,35.45
4.79,3,11.6,17,3,0,1,2,1,29.08
15.18,2,28.3,10,4,0,0,2,3,33.2
4.6,3,21.3,17,3,0,0,1,1,16.33
5.56,2,34.5,14,1,0,0,1,2,10.56
7.19,3,25.0,8,3,0,0,1,3,17.42
4.48,2,31.9,12,4,0,0,2,2,9.33
7.16,3,19.7,8,2,0,0,1,1,26.9
7.71,1,38.8,13,0,0,1,1,1,15.47
13.65,3,17.9,17,3,0,0,1,1,52.04
1.69,3,41.6,2,5,1,0,0,0,2.47
4.63,2,38.3,18,0,0,0,1,2,8.06
16.25,3,20.2,1,1,0,0,1,2,53.03
5.49,2,69.9,13,6,1,0,0,2,5.18
5.49,3,18.9,15,5,1,0,1,0,20.63
4.45,2,39.4,18,5,1,0,1,3,7.82
9.94,4,6.9,18,0,0,0,2,2,98.13
2.51,2,21.3,11,1,0,0,2,0,9.73
8.45,4,6.0,4,1,0,0,2,0,93.53
17.56,3,23.5,17,5,1,0,1,2,54.44
2.1,1,31.4,13,3,0,0,2,1,6.04
10.01,1,47.5,9,5,1,1,1,1,18.74
3.22,2,30.4,8,5,1,0,1,0,8.73
8.74,3,46.6,6,5,1,0,0,1,12.04
8.33,3,14.2,9,4,0,0,2,0,40.4
10.39,1,43.1,12,0,0,1,1,0,17.65
5.08,3,26.4,12,1,0,0,1,1,15.94
5.24,2,59.6,15,1,0,0,0,0,5.56
10.55,4,11.0,10,1,0,0,1,0,63.23
5.05,3,16.3,21,2,0,0,2,2,18.67
11.23,3,15.1,13,5,1,0,1,1,52.54
1.36,3,14.3,11,0,0,0,2,0,7.15
8.04,2,29.4,3,0,0,0,1,0,23.33
10.84,4,23.7,15,1,0,0,0,0,30.23
6.22,1,50.4,15,0,0,0,1,2,8.83
13.96,2,35.2,15,0,0,1,1,2,29.34
5.18,4,12.7,20,2,0,0,1,1,27.02
7.86,3,21.2,18,1,0,1,1,3,24.7
11.86,3,40.5,20,0,0,0,0,0,18.47
3.45,3,12.8,3,4,0,0,2,0,19.59
12.43,3,18.7,9,1,0,0,2,1,48.97
8.4,3,38.4,9,0,0,1,0,1,12.37
4.34,1,44.9,16,2,0,1,1,1,8.95
6.82,1,54.7,12,5,1,0,1,3,8.33
4.11,2,48.9,18,4,0,1,0,1,5.79
9.58,3,8.5,10,3,0,0,2,1,86.65
5.93,4,23.8,8,3,0,1,0,2,14.56
5.51,1,44.8,9,5,1,1,1,1,11.18
9.74,1,40.4,7,4,0,3,1,2,16.9
6.14,1,27.5,7,3,0,0,2,0,18.92
7.02,3,20.3,8,6,1,0,1,1,25.12
6.74,2,23.5,0,4,0,0,2,0,24.99
1.64,2,31.1,17,6,1,0,1,1,4.02
2.82,1,86.4,11,5,1,0,0,2,2.34
4.67,4,24.0,1,6,1,0,0,1,12.26
4.87,3,17.2,10,5,1,0,2,0,20.81
1.53,2,36.8,20,0,0,0,1,0,3.09
7.01,1,53.1,13,3,0,0,1,2,9.63
6.42,1,42.6,23,3,0,0,1,0,12.63
7.47,1,63.3,14,4,0,2,0,2,7.12
5.72,2,22.6,22,0,0,0,2,1,20.61
14.91,2,22.8,8,0,0,3,1,1,46.44
9.11,4,16.3,9,1,0,0,1,2,35.99
15.96,3,16.9,17,1,0,0,1,2,59.91
3.44,2,69.3,23,0,0,0,0,3,3.41
5.62,1,72.8,19,5,1,0,0,0,5.2
4.92,1,52.3,14,5,1,0,1,3,6.95
2.4,1,88.9,5,5,1,0,0,2,1.58
6.23,2,32.0,10,4,0,3,1,3,13.15
1.45,1,77.8,5,2,0,1,0,2,1.5
9.52,3,24.8,9,2,0,0,1,2,25.88
13.01,4,34.9,8,1,0,0,0,2,24.45
6.02,2,19.9,10,3,0,0,2,0,25.2
7.43,3,48.1,19,2,0,0,0,2,9.55
13.07,2,28.0,7,3,0,0,2,2,35.4
3.86,3,21.1,9,3,0,0,1,3,11.53
2.38,1,46.6,8,6,1,0,1,0,4.72
1.42,2,71.6,9,5,1,0,0,3,1.5
4.13,1,94.2,10,5,1,0,0,3,2.69
4.57,2,25.3,8,5,1,2,1,1,13.67
9.92,4,10.1,21,0,0,1,1,0,62.76
2.92,1,48.8,11,2,0,0,1,2,4.74
2.32,4,30.9,6,2,0,0,0,2,4.63
10.89,2,38.6,12,3,0,0,1,2,20.44
4.76,4,9.8,7,3,0,1,1,2,29.34
7.47,1,80.6,8,5,1,1,0,2,5.69
10.25,4,9.5,9,0,0,0,2,1,65.53
23.79,2,30.4,6,5,1,0,2,3,51.74
8.5,2,27.8,17,4,0,1,1,1,24.06
4.45,4,11.0,18,2,0,0,1,1,27.28
10.77,2,28.5,11,5,1,1,1,1,27.2
3.72,3,52.0,17,5,1,0,0,2,4.53
12.99,3,25.1,10,2,0,0,1,3,34.4
4.27,2,60.6,7,0,0,0,0,1,5.19
3.29,4,10.4,11,0,0,0,1,0,22.42
6.95,3,10.7,14,6,1,0,2,1,48.76
8.35,3,25.8,2,4,0,1,1,3,20.98
3.38,3,52.8,16,3,0,0,0,2,3.88
4.68,4,7.8,18,2,0,0,1,0,40.24
8.89,3,15.3,19,3,0,0,2,2,36.14
7.59,1,63.4,5,2,0,2,0,2,7.46
8.61,4,9.3,0,6,1,0,1,0,62.5
13.12,3,14.6,4,0,0,0,2,0,66.89
8.06,1,34.4,21,5,1,0,2,0,19.85
15.13,2,37.8,18,6,1,0,1,2,28.26
11.12,3,21.4,19,0,0,2,2,2,33.62
4.75,1,79.9,13,6,1,0,0,1,3.9
13.46,2,47.3,14,0,0,2,0,1,17.63
7.87,1,75.6,9,6,1,1,0,2,6.43
12.32,4,32.6,19,4,0,0,0,2,21.44
8.7,4,27.5,19,6,1,1,0,3,19.74
17.22,4,9.9,11,2,0,1,2,2,101.97
3.29,1,27.9,9,6,1,1,2,1,10.29
5.96,2,42.1,18,0,0,0,1,3,10.25
9.62,2,15.4,1,5,1,1,2,0,46.73
7.38,3,24.0,19,6,1,0,1,1,23.19
3.74,1,86.4,12,4,0,1,0,3,2.63
16.26,2,37.3,12,3,0,0,1,3,31.79
6.48,3,24.0,17,4,0,0,1,2,17.4
11.65,1,74.3,16,4,0,0,0,0,10.46
9.2,2,17.6,8,1,0,0,2,1,39.36
10.55,4,9.1,21,3,0,1,1,3,76.19
3.15,2,28.7,23,1,0,2,1,3,7.63
6.64,1,34.9,14,5,1,0,2,3,12.43
10.69,1,32.4,14,6,1,0,2,1,32.04
11.61,1,55.0,14,2,0,0,1,2,15.89
11.04,1,84.9,13,4,0,0,0,2,8.06
4.29,3,50.9,21,4,0,0,0,3,5.26
2.15,2,29.4,8,6,1,1,1,2,5.23
2.88,1,28.5,6,4,0,1,2,1,8.74
6.85,4,11.0,21,4,0,0,2,2,40.5
7.25,3,42.0,8,1,0,0,0,1,11.13
6.83,4,9.0,18,2,0,0,2,0,54.51
3.21,4,31.1,8,1,0,0,0,2,6.78
4.85,1,36.3,22,4,0,3,1,2,9.33
16.18,3,50.6,18,2,0,0,0,2,19.26
8.4,2,60.1,21,3,0,0,0,1,9.85
6.57,3,21.9,22,1,0,0,1,0,21.79
15.97,1,51.7,5,6,1,0,1,1,27.72
18.02,3,18.4,11,0,0,0,1,2,64.44
5.17,1,30.9,16,3,0,0,2,1,15.01
8.44,2,25.5,18,3,0,1,2,3,23.13
2.47,1,89.7,8,4,0,0,0,2,1.69
2.01,3,18.5,21,4,0,0,1,1,7.44
5.94,4,22.5,8,3,0,2,0,3,14.58
3.08,3,17.3,19,6,1,0,1,0,12.74
4.86,4,10.6,13,6,1,1,2,3,28.9
7.97,2,29.2,13,1,0,0,1,2,18.15
14.19,3,18.9,10,2,0,0,2,2,44.94
8.57,2,33.5,5,1,0,0,1,0,19.18
5.2,4,7.8,10,1,0,2,1,0,37.59
18.59,3,13.6,11,3,0,0,2,1,99.04
7.15,1,42.4,12,1,0,1,1,1,15.25
11.69,1,47.6,18,6,1,0,1,2,18.68
12.26,3,20.0,10,2,0,0,1,0,46.14
6.54,1,78.8,11,6,1,0,0,1,5.35
1.03,3,18.6,20,3,0,0,1,1,3.9
2.06,4,24.8,18,1,0,2,0,2,4.95
4.49,1,32.1,1,4,0,2,1,1,10.69
4.63,1,45.7,19,5,1,0,1,1,9.2
6.68,1,80.0,23,1,0,0,0,0,5.38
5.83,1,37.4,21,5,1,1,1,0,13.03
6.02,1,33.4,19,6,1,1,2,2,13.72
6.93,2,35.6,16,5,1,0,1,2,12.42
7.7,2,39.5,9,5,1,0,1,2,12.82
2.1,2,30.1,16,3,0,1,1,1,5.98
7.63,2,35.4,17,3,0,0,1,1,17.47
10.05,1,47.1,9,5,1,0,1,1,19.18
18.73,3,23.2,8,4,0,0,1,2,51.71
7.47,3,20.8,11,3,0,0,1,1,25.12
11.28,1,47.7,16,6,1,0,1,1,20.46
9.54,1,29.3,9,5,1,0,2,0,27.49
4.15,1,47.6,14,5,1,0,1,1,7.6
7.75,2,30.6,20,0,0,1,1,2,16.78
15.2,1,48.2,9,6,1,0,1,2,22.06
14.76,1,72.5,22,3,0,0,0,0,13.32
14.75,2,59.5,12,1,0,1,0,1,15.83
26.8,2,59.9,5,2,0,0,0,0,31.2
9.97,1,29.5,3,1,0,0,2,1,30.34
5.27,3,16.9,10,3,0,2,1,0,21.83
10.11,4,26.6,8,5,1,0,0,2,25.55
3.77,3,17.4,19,6,1,0,1,2,14.48
9.14,3,44.5,18,0,0,0,0,1,13.03
3.63,3,51.0,20,1,0,0,0,3,4.75
4.46,2,30.5,15,2,0,1,1,2,9.86
1.94,1,49.9,11,5,1,0,1,1,3.58
8.76,2,25.6,8,1,0,0,2,1,29.39
14.32,2,75.0,15,4,0,0,0,3,11.63
7.49,2,26.0,16,0,0,1,1,1,22.29
6.93,3,17.6,11,3,0,1,1,1,25.3
4.68,2,26.5,21,6,1,0,2,2,12.0
11.92,2,34.4,16,1,0,0,1,1,29.93
13.06,3,20.4,19,1,0,1,1,1,47.7
2.56,4,25.6,16,6,1,0,0,1,5.91
7.89,3,46.4,9,1,0,0,0,2,11.15
11.68,2,21.0,17,1,0,3,2,2,37.09
5.24,3,23.7,8,2,0,0,1,2,14.32
2.28,2,36.4,15,4,0,0,1,2,4.31
3.5,1,49.2,11,5,1,0,1,0,5.79
15.64,2,68.7,7,4,0,0,0,2,14.38
12.8,4,12.0,11,0,0,0,1,3,63.95
13.73,4,24.3,9,0,0,0,0,2,36.8
2.88,1,28.9,6,2,0,0,2,0,8.24
11.61,1,28.6,19,6,1,1,2,3,29.53
16.21,2,24.7,13,6,1,0,2,1,53.68
4.49,3,39.7,10,4,0,0,0,0,7.47
6.16,3,15.8,13,0,0,0,2,1,26.09
8.09,2,32.7,18,3,0,0,1,0,18.99
8.89,1,35.6,0,4,0,0,2,1,23.79
5.42,1,78.6,14,1,0,0,0,1,4.45
12.38,2,73.8,12,4,0,0,0,2,10.21
9.75,4,6.9,20,3,0,0,2,2,80.7
3.92,1,84.5,14,1,0,0,0,2,3.17
11.92,1,46.8,6,4,0,0,1,1,23.28
6.44,3,28.1,10,1,0,0,1,3,14.58
9.99,2,35.9,16,1,0,1,1,1,22.73
4.15,4,6.9,2,2,0,0,1,1,39.55
4.3,2,40.3,20,3,0,0,1,1,9.15
2.14,1,68.8,4,2,0,1,0,0,1.91
13.3,3,15.1,1,4,0,0,2,1,69.21
11.27,4,12.2,0,6,1,0,1,1,51.7
8.12,4,22.6,17,5,1,0,0,0,22.97
2.8,1,85.0,12,6,1,0,0,2,2.2
14.56,2,24.0,5,6,1,0,2,2,42.72
9.88,4,21.1,19,1,0,1,0,1,29.98
5.42,4,10.3,8,4,0,0,2,1,36.39
8.58,2,25.9,9,4,0,0,2,3,24.62
6.34,1,79.7,7,5,1,0,0,1,5.17
9.88,4,12.0,21,2,0,0,2,3,55.27
3.68,3,43.8,18,4,0,0,0,0,5.26
1.5,3,48.2,17,3,0,0,0,2,1.9
9.36,2,35.6,2,1,0,0,1,2,19.12
10.23,3,20.5,14,0,0,3,1,2,33.52
2.14,1,76.9,15,5,1,0,0,0,1.7
1.04,2,32.7,10,3,0,0,1,1,2.1
8.17,2,29.3,9,6,1,0,1,1,22.39
9.55,4,17.0,19,0,0,2,0,2,35.45
6.18,4,18.3,1,5,1,0,1,2,21.65
3.85,1,47.8,16,0,0,0,1,1,7.43
18.8,2,45.1,11,2,0,2,0,1,27.5
9.06,3,12.1,17,0,0,2,1,1,52.19
13.2,1,89.8,7,1,0,0,0,2,9.63
3.26,3,24.4,8,2,0,0,1,3,9.34
14.32,1,38.4,15,3,0,3,1,0,30.98
8.86,1,46.5,23,3,0,0,1,1,15.77
17.75,1,37.1,22,3,0,0,2,1,46.93
9.99,1,59.9,8,5,1,0,1,3,13.17
7.42,3,44.6,5,6,1,0,0,2,10.71
6.66,3,17.9,15,4,0,0,2,0,31.19
4.59,2,30.5,11,6,1,0,1,1,12.19
6.7,3,22.0,18,2,0,0,1,1,22.67
10.09,1,54.2,14,2,0,0,1,2,13.12
11.11,1,77.6,13,2,0,0,0,1,10.36
4.13,4,6.9,16,1,0,0,2,2,32.89
2.57,1,42.5,6,2,0,1,1,2,3.93
8.43,3,22.2,17,1,0,0,1,2,24.72
2.05,1,76.8,13,5,1,0,0,0,1.52
6.79,4,11.5,19,3,0,0,2,3,36.1
2.84,2,23.5,6,4,0,0,2,1,9.23
10.85,4,8.4,9,0,0,0,2,1,95.07
5.4,1,86.4,22,6,1,0,0,2,4.14
5.84,4,8.5,14,6,1,1,1,1,45.13
2.45,3,54.1,21,4,0,0,0,2,2.5
12.48,4,28.5,17,4,0,0,0,1,27.09
7.9,3,21.2,21,5,1,1,1,1,25.02
8.07,4,10.0,9,6,1,1,1,1,55.35
2.93,1,62.7,5,4,0,3,0,1,3.43
1.9,3,20.1,18,0,0,0,1,1,6.45
4.11,4,6.5,18,1,0,2,2,1,42.83
5.32,1,77.8,16,3,0,0,0,0,5.0
4.03,3,24.4,15,5,1,0,1,2,10.55
17.79,4,7.5,21,0,0,0,1,0,151.45
12.67,1,33.2,7,6,1,1,2,2,26.5
6.89,2,27.7,16,3,0,0,1,1,19.22
4.32,3,21.1,3,1,0,0,1,1,16.57
3.32,2,32.7,6,3,0,0,1,1,8.16
6.71,3,16.4,11,1,0,1,1,0,27.99
8.22,1,45.6,19,6,1,0,1,2,13.21
5.14,3,20.6,17,0,0,0,1,1,17.85
8.92,1,46.7,22,0,0,0,1,1,17.27
4.89,2,18.5,2,6,1,1,2,1,20.97
3.29,3,19.9,10,6,1,0,1,0,12.3
8.93,3,14.6,7,3,0,0,2,2,37.75
1.84,1,87.1,2,5,1,0,0,2,1.5
2.56,3,20.5,8,3,0,0,1,0,8.5
3.69,4,31.9,8,4,0,0,0,3,6.77
4.65,3,21.7,11,4,0,1,1,1,16.84
10.11,1,42.1,6,3,0,0,1,1,21.97
2.46,1,30.1,13,4,0,0,2,1,7.14
5.85,2,54.7,21,6,1,1,0,1,7.1
8.28,4,6.9,18,3,0,2,2,2,74.92
7.88,4,10.1,19,2,0,1,2,1,55.58
10.11,3,20.2,18,4,0,0,2,2,33.51
5.96,4,11.7,10,6,1,0,1,2,29.58
4.55,2,25.5,17,3,0,2,1,1,13.44
13.76,3,46.5,18,2,0,1,0,2,16.67
4.44,3,20.5,8,6,1,0,1,3,12.6
4.05,4,20.3,19,4,0,1,0,2,12.21
3.86,1,31.1,12,0,0,0,2,0,11.5
3.77,2,28.3,0,3,0,3,1,1,10.74
15.57,2,60.6,16,0,0,1,0,2,16.39
17.02,1,34.1,17,5,1,0,2,1,43.33
10.82,1,67.6,14,4,0,2,0,2,10.01
9.14,1,34.7,8,5,1,0,2,2,19.37
4.05,1,85.0,13,2,0,1,0,3,3.08
5.09,2,29.7,11,3,0,0,1,0,13.23
2.22,2,26.9,22,2,0,2,1,1,6.18
5.88,1,48.0,19,6,1,0,1,1,11.33
2.76,3,18.8,18,0,0,2,1,1,10.61
7.55,1,52.8,7,3,0,0,1,3,10.3
4.26,4,26.8,9,5,1,0,0,1,10.04
7.92,4,11.7,10,0,0,0,2,2,47.44
3.81,2,36.3,13,0,0,1,1,2,7.4
1.94,1,30.7,1,2,0,0,2,1,5.08
3.41,1,38.1,15,5,1,2,1,2,6.54
8.33,3,19.7,10,4,0,1,1,1,30.32
8.65,2,22.0,14,5,1,1,2,0,29.14
8.15,2,38.7,0,0,0,0,1,3,15.43
7.49,1,45.9,9,6,1,0,1,1,14.28
6.9,2,23.0,18,0,0,1,2,1,23.77
9.77,2,62.8,13,1,0,0,0,1,10.44
1.07,3,11.0,18,2,0,1,2,2,6.2
15.17,3,52.6,17,0,0,0,0,3,17.25
5.78,1,55.4,19,5,1,0,1,3,7.92
9.81,2,19.5,0,1,0,2,2,1,39.37
6.55,3,20.3,8,6,1,1,1,3,21.07
4.21,1,79.8,14,2,0,0,0,1,3.7
5.51,3,20.4,21,3,0,0,1,0,19.8
3.28,3,16.0,17,4,0,2,1,1,14.49
3.66,2,37.8,12,2,0,0,1,1,8.2
8.88,3,30.6,6,0,0,0,1,3,20.34
7.58,3,27.2,13,1,0,0,1,3,19.74
1.78,3,14.3,12,6,1,0,2,1,9.06
3.75,2,63.7,18,1,0,0,0,1,4.09
5.77,3,54.8,11,3,0,0,0,3,6.32
6.57,3,21.3,9,1,0,1,1,2,18.75
18.46,2,48.1,5,0,0,2,0,1,24.69
7.46,2,29.7,3,2,0,0,1,1,20.58
1.58,2,43.1,12,3,0,0,1,3,2.56
6.78,3,22.2,10,4,0,1,1,0,23.04
2.81,2,76.9,14,6,1,0,0,3,2.24
5.94,3,15.4,17,4,0,2,1,0,25.62
19.41,3,36.1,2,0,0,0,1,3,38.97
4.9,1,27.7,13,3,0,0,2,0,15.8
11.1,4,19.0,19,3,0,0,1,3,35.58
6.74,2,30.3,12,0,0,0,1,0,17.43
14.77,3,29.5,14,5,1,0,1,3,32.18
9.23,3,38.0,13,3,0,0,0,0,15.79
11.92,1,78.7,10,6,1,0,0,0,10.57
8.27,2,26.2,6,1,0,1,2,3,23.39
4.86,2,23.6,6,1,0,0,2,2,13.74
13.81,2,65.9,7,0,0,0,0,2,12.29
7.74,4,11.2,18,0,0,0,2,1,46.62
5.06,2,38.4,9,1,0,0,1,0,10.69
4.21,3,13.2,21,2,0,1,2,0,25.62
7.9,3,24.1,18,0,0,0,1,3,20.41
12.49,1,73.1,17,1,0,1,0,1,11.49
8.69,3,15.4,17,2,0,0,1,2,37.49
5.3,2,41.7,3,2,0,0,1,2,8.75
8.49,3,20.4,15,5,1,1,1,1,29.41
10.48,4,10.1,21,1,0,2,2,3,70.04
2.15,1,53.8,2,6,1,0,1,2,2.95
2.83,3,25.5,9,6,1,0,1,2,7.03
9.93,3,21.9,3,5,1,0,1,2,28.7
2.75,2,60.6,15,1,0,0,0,1,3.33
5.93,3,10.4,6,3,0,0,2,1,39.2
7.15,1,79.6,12,2,0,1,0,2,5.76
3.45,4,7.6,17,4,0,2,1,2,27.64
6.08,4,31.1,7,3,0,0,0,2,12.59
7.21,3,52.7,18,3,0,0,0,3,9.01
12.81,1,51.3,4,2,0,0,1,3,18.12
12.06,2,25.7,7,6,1,2,1,2,30.3
7.88,3,49.4,9,2,0,0,0,1,9.97
4.56,4,11.7,18,2,0,3,1,1,26.48
12.21,3,39.1,19,0,0,0,0,1,19.69
12.44,1,29.7,8,1,0,0,2,0,36.7
4.15,3,22.4,5,6,1,0,1,2,11.8
7.48,1,77.6,19,5,1,0,0,1,6.02
5.06,4,21.9,16,1,0,0,0,2,14.55
8.04,2,70.7,7,1,0,0,0,2,7.27
3.95,2,55.7,14,2,0,1,0,0,4.9
10.41,4,7.3,20,3,0,2,1,0,100.95
8.07,2,54.5,4,2,0,0,0,1,10.24
3.96,1,46.6,5,2,0,1,1,2,6.85
9.91,2,61.2,9,3,0,1,0,1,11.04
4.54,3,22.2,16,4,0,1,1,3,14.07
1.82,3,18.1,7,5,1,0,1,1,7.14
3.41,4,15.7,19,0,0,0,1,0,14.1
11.06,3,18.4,18,4,0,0,2,0,48.13
15.74,2,32.1,14,2,0,0,1,1,38.67
15.95,4,25.3,6,1,0,1,0,1,38.3
4.71,2,20.6,23,1,0,1,2,1,16.67
5.93,3,43.8,13,3,0,1,0,2,8.6
5.12,4,7.8,12,2,0,0,2,1,45.03
6.61,1,83.2,23,6,1,0,0,2,4.96
2.68,4,9.5,19,3,0,0,1,1,19.23
4.8,2,30.9,12,3,0,0,1,1,13.09
7.49,3,14.3,11,0,0,0,2,1,39.31
11.1,4,14.6,5,3,0,0,1,1,55.0
7.88,4,36.8,21,2,0,0,0,3,13.08
5.76,4,12.6,19,0,0,0,1,0,31.41
3.47,3,45.9,9,1,0,0,0,2,5.0
11.47,2,49.5,18,0,0,3,0,1,15.02
2.42,3,47.5,18,2,0,0,0,1,2.97
2.8,3,52.4,8,5,1,1,0,3,3.31
9.32,1,35.3,16,4,0,3,1,1,20.49
10.06,2,22.9,8,0,0,0,2,2,29.96
1.01,3,15.8,18,5,1,2,1,1,4.74
5.79,1,52.3,7,4,0,0,1,1,9.97
1.59,2,31.6,17,0,0,3,1,2,3.35
6.01,3,14.3,9,0,0,1,2,2,29.65
5.26,2,53.3,2,3,0,2,0,2,5.53
13.9,2,39.8,6,6,1,0,1,2,21.65
8.55,2,60.5,16,6,1,1,0,2,9.01
8.72,1,37.9,8,6,1,2,1,2,16.05
12.64,1,79.6,16,4,0,1,0,2,10.62
12.91,2,61.0,11,5,1,0,0,1,15.13
7.24,4,30.8,17,4,0,0,0,2,14.47
4.45,4,12.2,13,0,0,0,2,2,21.35
10.76,2,53.3,9,2,0,1,0,0,13.69
10.46,3,22.0,7,2,0,0,1,2,28.29
9.27,3,12.0,10,4,0,2,2,3,50.12
7.22,2,36.0,16,3,0,0,1,1,17.22
5.98,3,23.4,18,3,0,0,1,0,18.85
12.93,3,23.7,7,2,0,0,1,2,36.19
5.25,3,17.0,17,3,0,1,1,1,21.87
4.32,1,32.9,7,0,0,0,2,2,8.9
5.75,4,29.7,8,6,1,0,0,2,11.73
3.89,4,22.5,14,0,0,0,0,2,11.53
10.48,3,39.6,9,4,0,0,0,1,16.96
7.22,2,34.7,16,5,1,1,1,3,13.97
1.67,1,48.7,22,6,1,0,1,0,3.27
8.57,1,28.5,7,1,0,0,2,0,27.74
5.87,1,80.9,15,2,0,0,0,2,4.24
6.72,3,43.4,21,6,1,0,0,0,9.35
7.75,2,67.2,7,2,0,0,0,1,7.55
4.87,3,16.2,10,1,0,0,2,2,20.82
4.29,3,18.7,6,3,0,0,1,1,16.25
9.29,2,61.5,16,6,1,0,0,1,10.28
3.03,4,10.6,17,0,0,0,1,2,17.94
3.61,3,51.4,17,0,0,0,0,1,5.02
4.12,3,17.7,14,2,0,0,1,0,15.96
11.37,3,44.7,18,6,1,0,0,1,15.62
13.22,3,15.1,2,2,0,0,2,2,56.56
4.1,3,47.1,22,3,0,0,0,1,5.6
3.65,3,37.6,8,6,1,1,0,0,6.28
7.17,3,19.2,6,3,0,0,1,1,25.82
5.86,3,53.9,21,6,1,0,0,2,7.61
10.59,3,13.4,19,2,0,2,1,0,50.85
8.87,2,34.8,18,3,0,0,1,1,18.95
16.46,1,92.3,5,1,0,0,0,3,11.64
3.76,3,19.4,18,0,0,0,1,1,13.85
10.5,3,9.8,16,2,0,1,2,0,76.93
5.26,4,5.5,17,1,0,3,2,1,56.3
3.51,2,20.3,23,1,0,1,2,0,13.91
5.21,2,19.0,7,6,1,0,2,0,21.08
5.55,1,24.2,13,5,1,2,2,0,19.22
12.55,3,19.3,18,4,0,1,1,1,44.06
2.31,3,15.3,11,2,0,1,1,0,10.24
4.18,2,34.1,3,6,1,0,1,1,10.57
6.98,1,53.0,6,4,0,0,1,2,9.46
3.36,2,21.9,15,1,0,1,2,1,11.9
15.57,3,48.2,9,2,0,0,0,2,21.04
16.92,1,72.4,6,4,0,1,0,1,14.6
6.65,4,8.3,10,0,0,0,2,3,50.45
9.31,3,21.7,8,2,0,0,1,2,26.59
14.17,2,65.9,1,4,0,1,0,3,15.2
6.11,1,83.5,7,3,0,0,0,2,4.57
8.99,3,20.6,20,2,0,1,1,2,29.66
3.09,1,54.6,0,5,1,0,1,2,3.91
1.72,3,19.5,18,6,1,0,1,2,6.1
11.21,1,58.6,18,3,0,0,1,2,13.61
6.34,1,75.1,15,2,0,0,0,1,5.46
16.64,3,18.9,8,4,0,1,1,0,73.31
4.6,3,20.4,20,4,0,0,2,2,15.47
2.91,2,38.2,12,5,1,0,1,0,6.43
10.59,1,88.4,7,2,0,0,0,2,6.8
15.9,4,18.0,11,1,0,0,1,3,54.14
3.11,4,20.5,7,4,0,3,0,1,9.7
3.73,3,25.3,10,5,1,0,1,2,9.97
13.86,1,93.9,13,2,0,0,0,3,9.26
19.54,4,10.8,10,2,0,1,1,1,106.85
9.04,1,51.3,16,6,1,0,1,2,12.62
4.35,2,33.6,21,0,0,0,1,1,10.28
13.18,2,23.9,10,3,0,0,2,1,43.27
5.62,1,47.2,10,0,0,0,1,2,8.93
4.44,4,34.8,18,3,0,0,0,3,8.62
4.86,3,22.5,14,3,0,1,1,3,13.66
9.82,1,31.1,11,6,1,0,2,2,23.54
6.87,4,9.5,19,0,0,1,2,2,45.9
8.74,1,54.6,20,5,1,0,1,2,11.25
10.76,1,68.2,15,1,0,1,0,1,10.12
5.8,2,28.4,7,2,0,3,1,1,15.32
11.54,2,35.1,12,4,0,0,1,2,23.06
6.72,1,30.1,13,2,0,0,2,0,21.46
4.9,1,56.6,11,5,1,0,1,3,6.53
2.48,1,30.9,8,5,1,0,2,1,6.99
5.65,2,32.4,12,0,0,0,1,1,12.65
14.67,2,76.1,12,1,0,0,0,3,11.88
10.45,3,11.2,8,4,0,0,2,1,65.41
8.71,3,41.1,20,4,0,0,0,0,13.83
3.29,4,7.6,20,5,1,0,1,1,28.95
4.8,4,6.6,18,1,0,0,2,1,45.41
9.63,1,34.1,11,6,1,0,2,3,20.58
11.02,4,12.0,10,4,0,0,1,2,59.97
10.58,1,51.7,17,6,1,0,1,2,13.75
7.75,1,53.2,15,4,0,0,1,2,10.44
4.05,1,46.8,15,1,0,1,1,1,7.31
11.03,1,52.5,6,0,0,0,1,2,16.07
4.78,2,18.0,16,6,1,0,2,0,22.31
11.12,3,11.1,20,0,0,1,2,0,67.55
5.66,4,5.0,5,5,1,3,2,1,82.52
16.18,3,48.4,10,6,1,0,0,3,20.06
5.3,1,50.4,13,4,0,0,1,1,9.57
5.23,3,17.4,17,0,0,3,1,1,20.5
6.38,1,57.8,5,0,0,0,1,3,8.11
4.09,3,40.2,20,4,0,0,0,1,6.5
3.62,1,47.9,2,4,0,0,1,1,6.58
4.0,3,46.0,19,5,1,0,0,1,5.64
13.58,1,52.1,1,5,1,0,1,2,18.42
3.78,2,59.0,7,6,1,0,0,0,4.1
5.26,3,24.5,18,0,0,0,1,1,16.56
20.53,1,45.2,19,5,1,1,1,1,36.93
11.31,1,42.2,23,3,0,1,1,1,23.19
11.2,2,25.8,6,1,0,2,1,1,31.75
18.81,3,20.7,14,0,0,0,1,1,64.22
6.27,2,35.0,4,6,1,0,1,3,12.38
1.81,3,19.9,7,0,0,0,1,2,6.06
10.61,1,90.1,7,3,0,0,0,3,7.39
5.86,1,49.3,4,2,0,0,1,1,10.14
20.63,1,82.9,20,6,1,0,0,2,16.42
1.64,1,77.5,6,5,1,0,0,1,1.5
3.62,1,94.6,16,2,0,0,0,3,2.48
4.67,3,34.8,16,5,1,2,0,2,7.88
6.34,4,14.8,8,1,0,0,1,1,30.06
2.73,3,24.6,23,4,0,0,1,3,7.54
8.23,1,40.0,10,0,0,1,1,1,18.01
4.5,3,27.3,20,3,0,0,1,2,11.58
11.74,1,36.9,21,6,1,2,1,1,27.3
14.11,4,27.5,21,4,0,1,0,2,30.06
5.46,3,44.5,18,4,0,0,0,1,7.73
9.03,2,25.6,8,2,0,2,1,1,26.15
6.68,4,23.9,6,0,0,1,0,1,16.61
6.39,1,53.9,15,1,0,0,1,3,9.04
2.59,2,34.3,10,3,0,1,1,3,5.07
6.18,3,23.0,19,0,0,0,1,2,16.62
11.07,3,20.8,18,4,0,1,1,2,31.03
8.36,3,46.4,9,4,0,0,0,1,12.79
3.69,2,31.8,0,1,0,0,1,1,8.73
2.6,3,54.8,8,2,0,0,0,2,3.04
6.05,1,88.2,15,1,0,0,0,2,4.21
4.14,2,21.2,5,6,1,1,2,1,14.77
4.46,2,34.8,16,1,0,1,1,3,9.34
4.19,3,42.0,17,0,0,0,0,1,6.37
6.74,3,19.4,7,5,1,3,1,2,22.25
9.39,2,28.4,15,2,0,1,1,0,26.8
4.04,1,59.3,15,4,0,2,0,1,4.58
3.93,3,16.8,12,2,0,0,2,2,15.6
2.91,1,45.2,22,0,0,0,1,1,4.78
7.41,4,31.0,6,0,0,0,0,3,13.86
10.92,3,18.0,11,5,1,0,2,2,37.06
6.23,2,56.3,20,6,1,3,0,2,6.98
9.42,3,46.3,10,1,0,0,0,2,12.1
12.64,2,64.0,11,6,1,0,0,1,12.38
7.7,3,48.5,17,5,1,0,0,2,9.56
3.75,4,23.4,17,0,0,1,0,0,10.56
3.48,2,32.2,1,6,1,0,1,1,8.56
3.9,2,41.2,12,2,0,0,1,3,6.63
17.28,3,19.4,9,1,0,0,1,0,63.04
20.05,3,20.4,16,6,1,0,1,1,70.18
5.32,2,44.5,14,1,0,0,1,3,8.3
12.29,1,50.9,16,1,0,1,1,3,16.67
13.54,2,22.4,16,2,0,0,2,1,44.05
2.63,2,32.7,8,1,0,3,1,2,5.16
16.73,2,24.8,8,3,0,0,2,2,42.48
5.73,4,28.5,10,3,0,0,0,1,12.65
5.56,4,28.1,8,2,0,1,0,2,12.2
2.99,4,28.1,17,4,0,0,0,2,6.75
17.34,2,28.9,15,5,1,0,1,0,48.5
6.97,3,20.4,8,4,0,0,2,2,23.88
16.37,3,39.3,20,1,0,1,0,1,25.08
13.07,1,54.7,12,2,0,0,1,2,17.34
5.38,2,61.4,6,1,0,1,0,2,5.42
7.11,3,25.0,8,1,0,0,1,3,18.3
4.4,1,53.5,14,3,0,0,1,3,5.73
4.75,3,15.6,10,6,1,2,1,3,18.87
8.64,4,13.7,19,0,0,1,2,2,40.69
10.27,2,37.0,13,2,0,1,1,2,20.33
1.76,3,13.2,21,0,0,1,2,0,9.69
1.8,3,24.0,5,3,0,0,1,0,5.67
4.83,2,17.5,17,0,0,1,2,1,21.58
7.91,1,92.2,20,5,1,0,0,2,5.56
13.67,4,6.9,9,3,0,0,2,2,107.63
6.9,4,12.7,6,5,1,0,1,1,40.56
5.71,2,27.3,12,4,0,2,1,0,16.0
9.32,2,20.0,22,3,0,1,2,1,37.87
3.71,3,15.1,16,2,0,0,2,3,15.5
7.01,2,32.8,16,4,0,0,1,0,17.14
6.15,4,16.1,17,1,0,0,1,1,25.67
7.34,2,33.1,2,2,0,0,1,0,19.28
12.71,3,21.8,12,2,0,0,1,1,39.83
2.03,1,50.1,4,5,1,0,1,3,2.73
6.36,1,27.9,9,6,1,0,2,0,18.81
10.24,3,30.9,19,2,0,2,0,0,20.91
8.96,1,43.6,16,0,0,0,1,0,18.47
2.17,1,43.9,23,0,0,1,1,2,3.73
1.8,4,24.4,7,1,0,0,0,0,4.09
9.82,4,25.9,11,0,0,0,0,1,22.96
2.1,1,53.2,18,2,0,0,1,3,3.04
7.09,3,44.6,8,5,1,0,0,0,9.95
12.24,2,31.0,7,3,0,3,1,3,26.4
2.5,3,14.8,11,1,0,0,2,0,11.16
16.42,2,59.4,10,1,0,0,0,0,15.7
9.63,1,52.9,23,2,0,0,1,2,12.35
26.35,1,42.6,12,4,0,0,1,1,54.16
4.93,2,30.6,19,6,1,0,1,0,12.9
14.03,2,32.4,20,6,1,0,1,2,28.51
5.28,1,29.8,7,0,0,0,2,1,15.62
6.83,4,5.6,17,4,0,2,2,3,71.56
4.34,3,22.1,9,2,0,0,1,1,14.97
6.64,1,43.2,5,4,0,3,1,2,10.12
11.31,3,23.4,20,2,0,0,1,1,36.54
16.75,4,11.0,9,0,0,0,1,0,96.22
3.79,1,94.1,10,6,1,0,0,3,2.37
7.46,3,42.9,9,0,0,1,0,2,11.38
4.7,2,32.7,8,1,0,0,1,2,9.25
7.69,2,37.4,11,4,0,0,1,1,16.79
12.26,1,74.1,11,6,1,0,0,1,11.16
4.96,4,9.2,11,4,0,0,1,1,37.46
8.73,3,44.7,21,4,0,0,0,2,11.45
3.64,3,20.5,10,6,1,1,1,1,12.91
12.84,2,29.5,1,4,0,0,1,1,32.44
10.46,2,29.8,7,5,1,1,1,1,26.71
4.06,2,39.4,17,3,0,0,1,2,6.93
4.0,3,13.7,15,1,0,0,2,1,20.29
14.48,1,28.4,22,1,0,0,2,1,44.86
19.43,4,7.9,17,3,0,2,1,0,171.46
4.18,3,17.2,7,5,1,0,1,1,18.56
11.35,1,76.0,6,4,0,0,0,1,11.17
5.42,4,16.5,14,3,0,0,1,2,20.29
14.5,2,33.6,17,5,1,0,1,1,39.33
5.59,3,23.1,7,4,0,0,1,1,18.12
9.98,4,15.1,15,3,0,0,1,2,43.15
7.32,3,45.5,19,1,0,0,0,0,10.73
1.38,3,41.7,17,3,0,0,0,1,1.97
3.82,2,29.6,17,5,1,0,1,0,10.37
9.88,3,18.5,18,2,0,0,1,1,38.75
9.2,1,42.7,5,4,0,1,1,1,17.94
7.91,3,24.4,8,3,0,0,1,0,24.08
17.08,1,48.4,2,4,0,0,1,2,24.19
10.91,2,25.6,7,0,0,2,1,1,31.88
10.14,1,79.0,21,6,1,0,0,1,9.35
1.37,2,28.8,8,4,0,1,1,1,4.13
11.23,1,45.0,16,6,1,0,1,1,19.29
2.26,3,13.7,17,3,0,0,2,2,10.9
6.64,1,17.3,16,4,0,2,2,1,29.19
2.28,2,61.8,14,5,1,0,0,1,2.13
8.86,3,42.4,13,6,1,1,0,1,13.11
12.56,3,19.7,11,2,0,0,1,1,45.17
6.32,4,10.6,21,2,0,0,1,2,38.48
6.45,2,50.2,0,3,0,3,0,2,7.67
3.58,2,40.9,3,3,0,0,1,2,6.23
12.43,3,44.1,13,4,0,0,0,0,18.51
2.44,4,14.9,9,1,0,0,1,2,10.59
7.32,4,6.6,11,2,0,0,1,1,70.74
6.27,4,14.6,23,2,0,0,1,0,29.57
8.35,3,17.3,18,0,0,2,1,2,31.07
10.6,4,5.7,20,0,0,1,2,1,129.33
6.05,2,56.8,10,1,0,0,0,1,6.87
11.27,2,37.9,8,2,0,1,1,2,20.83
6.52,3,33.1,18,3,0,2,0,0,11.94
8.18,4,24.3,18,2,0,0,0,0,20.12
3.17,1,45.4,14,6,1,0,1,2,4.84
5.12,4,24.1,20,3,0,0,0,1,14.2
2.09,2,30.8,22,6,1,0,1,1,5.61
6.93,3,38.6,12,6,1,3,0,2,10.63
10.26,1,52.5,8,3,0,0,1,2,14.48
5.87,2,34.5,13,1,0,0,1,1,12.83
6.29,1,80.5,23,2,0,0,0,1,4.85
8.43,2,37.8,9,4,0,0,1,2,15.36
8.98,4,16.1,16,6,1,0,1,0,41.46
2.02,2,34.1,17,2,0,1,1,2,4.19
4.54,1,49.3,8,6,1,0,1,1,7.82
2.27,3,46.9,15,2,0,0,0,0,2.86
5.21,1,43.8,9,6,1,1,1,1,10.49
15.34,3,14.6,19,5,1,2,1,1,72.29
10.34,3,16.1,17,0,0,0,2,1,48.76
6.63,2,31.7,19,1,0,0,1,1,16.39
17.75,3,42.1,8,4,0,0,0,1,26.55
7.97,2,65.2,2,4,0,0,0,1,8.87
23.15,4,23.2,19,4,0,0,0,2,61.35
7.23,3,37.3,10,3,0,1,0,0,11.57
4.52,1,48.2,7,6,1,0,1,1,8.39
3.0,4,27.3,5,1,0,0,0,1,6.78
9.71,2,33.7,13,0,0,0,1,1,23.08
5.17,2,61.1,7,3,0,0,0,1,5.82
7.22,3,17.4,15,4,0,2,2,3,26.42
8.83,2,32.6,17,3,0,1,1,2,17.82
3.8,2,21.7,14,3,0,0,2,1,15.4
7.89,2,28.6,20,6,1,0,2,2,18.91
5.93,2,27.4,7,6,1,1,1,1,15.81
2.37,1,93.7,13,5,1,0,0,3,1.58
9.11,1,67.8,7,4,0,1,0,1,8.94
9.81,3,49.2,20,4,0,0,0,3,13.87
13.73,3,22.2,21,0,0,0,1,2,39.36
3.07,4,14.6,11,1,0,0,1,2,13.38
19.67,2,35.9,9,2,0,0,1,1,46.43
4.06,3,49.4,9,2,0,0,0,3,4.91
1.51,2,37.9,19,5,1,0,1,1,3.42
6.8,2,74.9,17,2,0,0,0,3,5.72
8.35,2,19.8,20,0,0,1,2,1,31.11
6.08,3,51.0,6,3,0,0,0,2,7.26
3.04,1,53.1,12,4,0,0,1,2,4.16
4.93,2,32.3,17,1,0,0,1,1,12.01
8.06,4,12.2,20,2,0,1,1,1,43.82
21.31,3,43.9,10,5,1,0,0,1,30.25
3.14,4,7.7,9,1,0,0,2,1,29.5
4.5,3,18.4,21,6,1,0,1,2,16.59
2.6,2,38.6,3,1,0,0,1,3,4.81
5.2,3,50.5,13,4,0,0,0,2,6.61
6.34,2,38.3,12,5,1,0,1,2,11.35
11.7,1,70.3,7,0,0,3,0,2,10.25
8.16,4,28.4,11,4,0,0,0,2,18.6
14.94,2,40.5,17,5,1,0,1,2,25.11
6.52,3,14.6,10,0,0,0,2,1,34.54
0.8,2,55.1,9,5,1,1,0,1,1.5
8.38,3,41.3,18,3,0,1,0,1,12.0
1.89,3,19.4,23,1,0,3,1,2,6.23
11.49,4,9.1,18,2,0,2,1,0,73.25
6.52,3,22.1,19,1,0,0,2,2,19.7
4.37,1,53.8,21,4,0,0,1,1,6.85
2.87,2,38.6,18,5,1,0,1,2,4.71
4.79,1,40.9,23,5,1,1,1,0,10.65
6.34,2,32.5,18,6,1,0,1,1,14.95
18.12,1,29.7,16,6,1,0,2,0,49.81
6.01,4,11.4,17,0,0,3,1,0,33.68
7.61,3,34.4,20,3,0,2,0,2,13.36
6.23,2,61.9,17,3,0,0,0,1,6.77
7.62,2,25.0,18,0,0,0,2,2,19.58
7.34,2,23.4,8,0,0,2,1,1,24.18
6.59,4,8.8,21,0,0,0,1,2,42.57
4.27,1,34.6,12,3,0,1,1,0,9.74
9.92,2,62.1,7,6,1,0,0,1,10.5
3.14,3,17.7,18,1,0,1,1,1,12.72
8.88,2,34.5,10,6,1,0,1,1,19.72
10.03,1,32.4,7,6,1,2,1,1,24.42
1.59,1,32.6,8,6,1,0,2,3,3.24
2.93,1,49.2,2,1,0,0,1,1,5.56
1.77,1,45.9,5,5,1,0,1,1,3.54
13.39,1,47.3,15,6,1,0,1,1,24.42
4.67,2,44.2,19,5,1,0,1,3,7.32
12.98,2,29.7,12,3,0,0,1,1,34.46
5.34,2,34.9,16,2,0,0,1,1,11.75
3.33,1,69.3,18,6,1,2,0,3,3.27
4.13,3,18.7,10,4,0,0,1,1,14.56
7.26,1,51.5,16,3,0,1,1,3,10.87
9.97,3,16.8,10,2,0,0,2,2,36.59
6.73,4,28.6,16,6,1,0,0,1,14.41
11.26,3,20.5,8,6,1,0,1,1,38.08
5.93,3,36.6,23,4,0,3,0,2,9.59
6.35,1,26.3,4,1,0,0,2,0,20.0
3.95,2,30.3,13,0,0,1,1,2,9.34
3.67,1,45.2,9,5,1,0,1,1,7.47
10.36,3,13.6,15,4,0,2,1,2,49.09
3.15,2,51.7,11,5,1,1,0,0,4.08
5.33,4,9.7,9,0,0,2,1,1,36.19
10.65,3,15.4,8,2,0,1,1,1,50.61
2.05,1,41.5,7,5,1,0,2,3,3.98
13.59,4,14.7,18,3,0,0,1,1,65.25
3.36,3,48.4,8,3,0,0,0,2,4.39
13.62,4,15.7,18,0,0,0,1,0,54.42
3.15,1,28.0,13,4,0,0,2,1,10.36
10.35,4,6.4,4,4,0,0,2,1,107.97
4.59,3,16.3,7,5,1,1,1,2,15.95
18.52,3,42.3,20,2,0,0,0,1,26.89
5.69,2,39.1,15,3,0,0,1,3,10.54
2.86,1,47.3,7,0,0,0,1,1,5.05
8.89,2,37.5,17,1,0,1,1,2,16.23
4.92,3,43.6,19,5,1,0,0,1,7.68
9.42,2,77.1,9,3,0,0,0,3,7.24
13.5,1,50.6,14,3,0,0,1,2,18.87
10.51,2,38.3,9,2,0,0,1,2,17.03
1.95,1,84.6,5,3,0,0,0,2,1.5
3.1,3,50.5,11,2,0,0,0,3,3.63
7.73,3,22.4,18,2,0,1,1,1,24.74
8.22,3,17.3,12,1,0,2,1,1,31.71
0.85,1,35.6,11,5,1,2,1,1,2.13
2.66,3,57.3,10,6,1,0,0,3,2.96
3.32,3,20.1,12,4,0,0,1,1,12.4
14.08,1,38.8,9,6,1,0,2,3,27.39
4.25,1,73.8,16,3,0,0,0,0,4.22
9.93,1,57.9,4,2,0,2,0,1,11.11
12.41,2,24.2,18,6,1,0,2,2,34.12
4.15,4,12.5,7,2,0,2,1,3,21.32
6.21,3,13.5,16,4,0,0,1,2,29.33
9.94,3,18.1,12,4,0,0,1,0,38.46
1.94,2,39.5,18,2,0,1,1,2,3.37
5.49,4,30.7,19,3,0,1,0,2,10.85
13.14,1,76.0,8,5,1,0,0,1,11.82
8.1,4,26.9,17,3,0,0,0,2,19.39
8.15,1,61.2,7,5,1,0,1,3,10.1
11.29,2,20.8,6,3,0,0,2,0,40.29
4.54,4,34.7,21,4,0,0,0,3,8.27
3.23,2,65.0,7,3,0,0,0,1,3.21
7.83,1,52.2,8,6,1,0,1,2,10.74
4.77,3,43.1,6,5,1,0,0,1,7.73
4.57,2,72.7,12,3,0,0,0,2,4.29
3.16,4,26.2,21,3,0,0,0,2,7.06
8.84,3,20.9,8,4,0,0,1,1,30.13
5.79,1,52.4,14,0,0,0,1,2,7.63
3.21,3,44.0,11,0,0,0,0,1,5.13
11.69,3,23.2,9,3,0,0,1,1,36.88
5.27,1,86.6,15,0,0,0,0,2,3.98
8.96,2,36.8,14,3,0,0,1,2,16.81
16.02,2,60.4,10,6,1,0,0,0,17.21
11.58,1,53.8,19,4,0,0,1,3,13.97
15.03,2,28.8,3,3,0,1,1,0,40.64
11.45,1,61.4,5,1,0,3,0,1,12.43
5.51,1,54.9,23,2,0,2,0,1,6.26
3.8,3,40.0,18,4,0,1,0,0,6.17
5.33,1,40.5,18,5,1,1,1,0,10.86
5.58,2,18.6,15,1,0,2,2,2,19.89
13.45,4,9.6,11,1,0,1,2,1,95.96
4.84,1,44.0,16,6,1,0,1,1,9.23
2.68,4,9.9,5,2,0,0,2,2,16.53
7.57,4,12.9,18,1,0,0,2,2,38.87
6.81,4,19.3,14,2,0,0,1,2,22.2
3.93,2,32.2,22,3,0,0,1,1,9.95
5.12,2,24.8,16,4,0,0,2,2,13.94
15.3,3,23.0,7,4,0,1,1,3,40.4
8.82,1,37.9,12,4,0,1,1,0,19.62
5.38,1,42.6,3,6,1,3,1,2,9.08
3.91,2,28.7,18,2,0,0,2,3,9.96
19.87,1,42.5,13,2,0,2,1,3,32.16
17.09,3,40.0,10,1,0,1,0,0,27.43
11.02,2,72.7,22,4,0,0,0,3,9.22
5.74,3,21.2,21,1,0,0,1,2,18.96
3.79,1,57.8,22,3,0,0,1,2,4.89
3.88,3,39.9,8,1,0,0,0,0,5.87
5.7,2,36.8,17,4,0,0,1,2,11.07
4.83,2,36.6,21,2,0,0,1,1,10.71
6.53,1,54.8,15,1,0,0,1,2,9.59
6.34,3,38.6,8,1,0,2,0,2,10.12
3.4,4,12.9,19,2,0,0,1,1,17.55
3.49,3,20.6,20,2,0,0,1,1,11.82
5.41,2,28.7,17,4,0,1,1,1,13.49
6.23,3,15.8,9,3,0,0,2,2,27.09
14.57,1,88.7,7,5,1,0,0,2,9.59
7.83,1,78.0,16,4,0,1,0,2,6.6
7.66,3,21.6,13,1,0,0,1,2,22.11
8.01,1,35.4,17,4,0,0,2,2,15.78
12.63,1,75.1,6,4,0,1,0,2,11.09
30.0,1,47.7,6,2,0,0,1,1,53.41
4.6,4,10.7,10,3,0,0,1,2,26.72
19.01,2,36.9,8,5,1,1,1,3,36.61
2.41,2,19.6,16,3,0,2,2,2,8.69
5.45,3,20.7,10,4,0,1,1,1,18.78
3.17,1,48.8,17,2,0,1,1,2,4.66
9.76,4,13.4,18,2,0,0,1,2,43.87
11.39,2,37.6,7,6,1,0,1,2,19.65
2.68,4,11.6,21,1,0,0,1,1,15.38
12.22,3,15.5,18,0,0,1,2,3,53.84
8.13,2,25.0,16,1,0,2,1,1,23.65
10.62,1,41.8,20,5,1,2,1,3,18.98
13.25,1,89.4,8,6,1,0,0,2,9.26
9.92,2,65.1,11,1,0,0,0,1,9.79
2.33,3,14.2,5,1,0,3,1,1,12.11
5.11,1,78.1,12,0,0,0,0,1,4.51
2.56,1,81.5,13,2,0,0,0,1,2.51
1.47,1,39.8,16,2,0,2,1,3,2.75
3.02,4,5.2,4,3,0,2,2,2,37.77
5.37,2,40.1,2,3,0,0,1,2,9.2
18.19,3,23.7,11,4,0,0,1,1,60.94
6.47,1,75.6,7,5,1,0,0,0,5.98
8.17,3,31.0,18,4,0,2,0,1,15.78
4.69,3,23.6,17,4,0,0,1,3,13.62
5.78,4,6.0,9,3,0,0,2,0,65.07
6.86,1,34.0,2,3,0,1,2,2,13.28
5.58,3,21.4,7,1,0,0,1,0,19.3
9.19,3,45.0,17,2,0,0,0,1,13.26
4.37,1,49.3,23,3,0,0,1,2,6.03
2.43,3,19.8,9,0,0,0,1,1,9.1
2.05,1,31.3,18,1,0,0,2,0,5.87
10.89,3,19.4,20,6,1,0,1,1,40.11
0.9,1,42.2,3,0,0,2,1,2,1.54
5.72,3,20.3,21,0,0,0,1,2,17.51
3.1,1,51.7,12,2,0,0,1,2,4.52
9.39,2,34.5,22,0,0,0,1,1,22.78
6.59,4,10.1,14,0,0,0,1,0,44.85
6.69,1,34.5,8,5,1,0,2,1,17.7
7.04,1,78.0,22,0,0,0,0,1,5.79
6.9,2,27.2,8,0,0,0,2,2,18.74
2.42,4,15.7,20,1,0,0,1,2,10.19
4.86,1,42.5,7,1,0,0,1,1,9.65
3.69,3,11.7,17,2,0,2,2,1,22.53
4.14,1,27.5,11,6,1,0,2,1,13.36
6.96,2,41.1,22,2,0,0,1,3,11.7
10.93,2,23.2,7,5,1,0,2,1,36.21
10.71,4,24.8,11,0,0,0,0,2,26.78
7.69,1,42.9,16,4,0,0,1,0,14.87
5.05,1,83.2,23,0,0,1,0,2,3.67
6.69,4,27.2,9,0,0,0,0,1,13.69
9.94,1,38.2,11,5,1,0,2,2,19.33
4.12,2,23.1,12,2,0,2,1,0,13.48
6.52,4,13.2,8,3,0,0,1,2,29.3
4.67,3,21.1,19,6,1,0,1,2,14.76
4.08,2,36.8,5,2,0,0,1,2,8.1
6.28,2,36.1,17,1,0,0,1,3,12.23
5.07,1,53.9,14,2,0,0,1,2,6.86
7.79,1,46.3,8,5,1,0,1,0,14.9
5.11,3,22.4,13,3,0,0,1,2,13.97
5.93,3,13.9,19,0,0,1,2,2,29.59
2.42,2,25.4,12,3,0,3,1,0,7.17
10.2,4,11.6,6,5,1,0,1,0,58.46
10.31,1,54.3,2,5,1,0,1,2,13.32
3.68,4,19.0,18,2,0,0,1,2,11.78
3.9,2,21.5,9,4,0,0,2,1,13.83
7.18,4,18.2,21,5,1,0,1,2,24.48
4.78,1,30.6,16,1,0,1,2,2,11.54
7.65,3,14.6,11,5,1,1,1,1,37.42
13.85,1,49.0,15,3,0,0,1,1,25.09
3.8,2,37.8,12,5,1,0,1,3,7.29
10.66,4,7.4,20,6,1,2,2,2,95.06
3.38,1,73.1,12,6,1,0,0,1,3.51
4.12,3,11.0,5,2,0,3,2,0,24.45
7.21,2,38.0,15,0,0,0,1,1,16.19
9.13,2,31.1,16,2,0,0,1,1,21.85
13.61,2,34.2,18,5,1,0,1,1,30.98
16.26,2,41.4,21,5,1,0,1,3,26.9
5.41,2,62.1,12,0,0,0,0,1,5.95
6.47,2,17.9,10,4,0,2,2,0,28.5
7.88,1,76.1,13,1,0,0,0,0,7.75
6.3,3,18.8,20,3,0,0,1,1,23.19
5.38,2,28.7,23,2,0,0,1,0,13.45
4.58,3,13.6,22,2,0,0,2,2,21.06
9.2,4,9.8,8,3,0,0,1,1,57.27
13.67,1,79.5,13,5,1,0,0,1,12.49
2.22,4,15.2,8,0,0,0,1,1,9.97
5.65,2,62.7,10,1,0,1,0,2,5.17
2.25,2,57.0,1,4,0,1,0,1,2.3
8.89,1,37.4,7,6,1,2,1,0,19.79
4.06,2,25.5,11,3,0,1,1,1,12.7
12.62,1,84.0,10,6,1,1,0,3,9.0
5.92,3,46.1,9,1,0,1,0,2,7.83
8.95,4,14.8,8,2,0,0,1,3,37.73
3.75,3,17.7,18,1,0,0,2,3,13.3
7.04,1,49.9,9,5,1,0,1,2,10.42
6.99,3,38.2,17,4,0,2,0,2,10.79
8.17,2,38.6,10,1,0,0,1,3,14.26
4.38,1,96.9,18,5,1,0,0,3,3.0
12.0,3,20.5,7,2,0,2,1,2,39.16
7.9,2,32.1,7,4,0,1,1,2,17.22
13.3,4,10.8,17,4,0,1,1,2,79.51
2.46,4,9.3,21,4,0,1,1,1,17.69
7.08,1,31.6,7,2,0,0,2,0,19.13
5.79,4,30.5,4,0,0,0,0,2,10.47
16.46,4,32.2,21,2,0,0,0,3,31.1
9.32,1,27.3,6,0,0,2,2,3,24.07
6.36,1,31.6,8,5,1,0,2,0,15.47
9.0,3,23.8,21,0,0,1,1,2,23.54
4.95,2,29.6,18,6,1,0,1,2,11.09
8.36,3,36.6,10,2,0,2,0,1,14.3
21.64,1,31.0,22,5,1,0,2,2,49.96
4.55,1,48.6,15,1,0,0,1,1,8.43
7.01,2,42.7,4,2,0,0,1,3,11.02
3.96,3,44.6,17,4,0,0,0,1,5.92
3.53,4,11.1,14,1,0,1,1,1,21.0
10.72,2,34.6,15,3,0,0,1,2,20.8
2.99,1,71.9,23,5,1,1,0,1,3.16
8.29,1,31.7,7,3,0,0,2,0,23.75
10.35,1,78.1,16,3,0,1,0,2,8.17
5.08,1,26.9,12,4,0,0,2,1,16.26
13.04,2,42.1,9,6,1,0,1,3,22.56
12.4,2,22.7,17,5,1,0,2,1,44.41
5.07,4,13.6,17,5,1,0,1,2,25.31
2.68,2,30.6,19,6,1,1,1,1,6.71
8.66,2,36.6,20,4,0,0,1,2,16.08
6.25,3,17.1,14,0,0,0,1,1,23.64
7.26,3,47.0,9,5,1,0,0,2,9.43
8.61,2,60.5,14,6,1,0,0,0,9.02
2.35,3,34.6,10,4,0,2,0,2,3.75
4.89,2,39.7,9,6,1,0,1,2,8.79
15.51,2,37.2,14,5,1,0,1,1,33.69
7.39,1,79.0,16,0,0,0,0,0,5.9
8.94,4,13.9,15,3,0,1,1,0,40.43
7.02,3,16.8,22,2,0,1,1,2,24.65
8.79,3,48.5,9,2,0,0,0,2,12.32
12.25,2,36.0,10,5,1,0,1,1,31.46
1.55,2,45.5,17,4,0,2,0,0,2.02
9.97,2,73.8,15,5,1,0,0,2,8.33
6.3,3,42.8,0,3,0,0,0,2,9.3
10.95,2,61.7,9,5,1,0,0,0,11.64
5.19,2,59.9,8,3,0,0,0,1,5.52
5.07,3,13.3,19,0,0,1,2,0,26.57
2.91,1,48.0,19,6,1,0,1,3,4.26
6.4,3,50.0,9,6,1,0,0,2,7.94
2.78,2,39.1,5,6,1,0,1,1,5.79
6.07,4,30.1,8,0,0,0,0,2,11.86
7.25,1,53.3,7,3,0,0,1,2,9.62
4.17,1,33.4,8,5,1,0,2,2,8.49
2.16,4,13.3,8,6,1,3,1,2,11.85
1.78,3,24.8,13,6,1,0,1,2,5.02
3.42,2,31.7,9,4,0,0,1,0,8.94
1.69,3,19.4,14,4,0,0,1,0,6.26
7.14,4,33.9,10,3,0,0,0,3,12.45
21.97,2,31.5,19,5,1,0,1,0,52.57
2.88,3,20.1,22,5,1,0,2,2,10.39
24.95,3,18.1,11,2,0,1,1,1,97.19
6.98,1,37.3,3,2,0,0,2,3,14.48
7.85,3,45.6,8,0,0,0,0,1,11.17
2.26,4,14.1,5,5,1,0,1,1,11.25
7.33,3,16.3,10,3,0,0,2,2,29.61
4.7,1,86.1,16,2,0,0,0,2,3.6
14.96,2,24.1,13,4,0,1,2,1,47.25
1.79,2,64.7,8,1,0,0,0,2,1.66
4.75,3,16.2,18,1,0,2,2,3,19.24
3.82,2,55.2,6,5,1,0,0,0,4.82
8.04,3,22.4,8,3,0,0,1,1,27.28
1.08,2,62.2,17,0,0,0,0,1,1.5
14.7,3,42.4,7,1,0,0,0,1,23.13
7.85,4,14.4,17,4,0,0,2,1,40.99
7.54,1,76.2,22,4,0,0,0,1,6.76
2.98,4,10.8,19,4,0,0,1,2,18.48
10.28,2,21.1,7,1,0,0,2,1,41.33
9.68,2,27.5,13,2,0,0,2,1,29.73
12.89,1,35.2,11,6,1,0,2,2,26.36
5.43,3,14.1,23,4,0,3,2,3,26.07
2.15,4,23.7,22,0,0,1,0,2,5.15
4.28,2,18.7,6,3,0,0,2,1,17.26
11.18,2,65.8,20,3,0,1,0,3,10.22
4.78,2,68.2,7,3,0,0,0,2,4.17
18.45,3,41.3,9,2,0,0,0,0,29.41
10.42,3,23.2,10,3,0,0,1,2,31.24
17.03,3,48.3,9,3,0,1,0,3,20.81
4.95,2,60.4,19,1,0,0,0,1,5.27
8.46,2,37.4,9,2,0,0,1,2,15.62
3.44,4,10.8,19,2,0,0,1,1,21.16
10.74,1,55.8,23,1,0,2,0,0,12.94
8.83,3,24.6,19,0,0,1,1,2,23.74
10.08,1,32.7,10,6,1,2,1,1,23.47
5.23,4,16.0,17,3,0,0,1,1,25.4
7.15,3,23.9,14,0,0,0,1,1,22.01
6.93,4,6.3,18,1,0,0,2,1,70.67
5.25,1,28.1,7,1,0,0,2,0,15.88
7.41,4,23.7,16,1,0,0,0,0,19.09
8.19,2,59.9,18,1,0,0,0,1,9.33
9.08,3,12.6,18,5,1,3,2,1,50.8
5.17,1,54.2,22,4,0,0,1,3,6.95
10.41,4,7.8,3,1,0,0,1,1,92.69
10.02,1,51.4,10,0,0,0,1,2,13.2
9.18,2,32.9,12,1,0,0,1,1,21.69
10.88,4,25.3,9,0,0,0,0,1,27.09
5.95,3,15.0,9,1,0,3,1,2,25.21
3.12,2,24.3,7,1,0,1,2,2,8.76
10.04,3,41.9,19,4,0,0,0,1,15.88
4.62,4,12.7,20,6,1,0,1,1,23.91
2.23,2,35.7,5,1,0,1,1,2,4.42
4.7,2,23.7,7,3,0,0,2,2,13.31
7.31,2,29.1,8,4,0,1,2,3,17.84
14.05,3,20.0,13,4,0,1,1,3,49.13
8.23,2,39.1,18,3,0,1,1,2,14.62
10.84,1,29.4,4,6,1,0,2,1,32.48
9.92,3,42.9,16,5,1,0,0,1,15.4
8.0,1,36.4,7,6,1,0,2,2,15.54
5.66,1,74.1,22,4,0,0,0,0,5.5
3.43,4,11.6,20,1,0,2,1,2,19.59
19.72,3,14.9,22,3,0,1,2,3,83.93
4.78,1,52.2,6,6,1,0,1,2,6.77
5.59,2,68.6,13,1,0,0,0,2,4.79
6.2,1,37.0,7,4,0,0,2,2,13.28
4.7,3,21.0,15,2,0,0,1,3,14.65
8.92,1,78.2,8,3,0,0,0,1,8.01
4.75,3,44.4,18,0,0,0,0,1,7.25
5.52,3,50.8,16,4,0,0,0,2,6.68
4.53,2,64.9,15,6,1,0,0,2,4.55
5.44,3,23.1,19,6,1,1,1,2,15.26
3.03,1,47.9,13,2,0,0,1,1,5.92
2.56,2,20.1,8,4,0,0,2,1,10.19
15.75,1,36.6,16,1,0,2,1,1,34.09
10.87,2,67.6,22,5,1,0,0,2,10.17
14.38,1,75.9,15,5,1,1,0,1,13.53
15.1,1,85.7,16,1,0,0,0,2,11.35
3.73,4,11.4,21,5,1,0,2,0,18.67
14.02,1,90.8,13,1,0,0,0,2,9.76
11.96,2,34.6,23,2,0,0,1,2,22.16
5.42,2,33.9,7,1,0,1,1,2,11.7
8.18,1,36.5,14,4,0,0,2,1,22.33
10.66,3,58.5,8,4,0,0,0,3,11.81
9.38,1,91.4,12,5,1,0,0,3,6.72
6.23,1,81.8,7,4,0,0,0,1,4.99
7.38,3,42.5,8,3,0,0,0,0,10.61
8.74,4,11.3,8,4,0,0,1,2,48.15
5.32,4,11.3,9,1,0,0,1,2,29.53
9.3,2,39.9,6,6,1,0,1,2,13.99
4.29,3,29.3,18,6,1,0,1,3,10.72
14.28,4,19.7,8,3,0,0,1,3,47.01
11.65,3,48.7,11,3,0,0,0,2,15.09
10.79,1,30.8,0,3,0,1,2,2,24.97
8.4,1,23.2,5,3,0,2,2,0,29.99
7.69,1,43.8,20,5,1,0,1,1,14.41
11.89,3,44.2,19,2,0,0,0,1,17.4
3.23,2,27.3,19,6,1,0,2,1,10.67
3.96,2,23.1,11,5,1,1,2,2,11.55
9.43,2,49.2,6,4,0,2,0,1,12.66
6.58,1,48.1,6,2,0,1,1,2,9.95
4.72,1,75.1,15,5,1,0,0,1,4.12
12.4,3,45.9,19,0,0,0,0,1,19.08
7.26,3,45.8,20,2,0,0,0,1,9.54
8.17,1,45.7,9,5,1,0,1,0,16.8
12.58,1,79.2,9,6,1,0,0,1,11.59
6.18,1,52.8,5,6,1,0,1,2,8.13
18.6,2,45.9,18,5,1,2,0,1,25.12
3.43,4,21.8,9,3,0,2,0,3,9.4
12.36,3,17.1,13,4,0,0,1,0,50.79
4.9,2,34.6,21,5,1,1,1,3,9.91
11.27,4,8.7,18,4,0,2,1,2,78.47
4.33,1,84.2,3,1,0,0,0,2,3.0
2.54,3,23.2,0,5,1,0,1,2,6.99
11.35,2,16.9,18,2,0,2,2,2,42.42
5.44,2,36.6,14,4,0,0,1,0,11.58
2.62,2,64.4,17,0,0,1,0,3,2.61
11.66,2,40.0,7,0,0,0,1,3,19.5
7.66,1,88.8,20,6,1,0,0,2,5.69
5.42,2,60.8,18,5,1,0,0,0,5.97
8.42,1,50.8,20,2,0,0,1,2,12.38
6.15,1,78.3,10,5,1,1,0,2,5.23
5.71,3,17.7,9,5,1,0,2,1,24.46
10.59,1,37.7,7,1,0,0,2,3,20.79
7.71,3,33.2,21,5,1,2,0,1,14.7
4.16,1,27.7,7,5,1,2,2,1,12.15
6.69,2,32.7,6,6,1,2,1,2,13.28
10.5,3,21.3,7,0,0,0,1,1,37.34
3.34,3,21.0,18,1,0,1,1,1,10.15
13.03,1,48.4,20,6,1,0,1,1,23.24
7.55,4,29.9,18,6,1,0,0,2,16.08
7.21,2,24.4,15,6,1,0,2,1,22.28
7.43,2,71.1,23,2,0,0,0,2,6.64
16.18,3,19.8,4,6,1,0,1,2,49.24
6.72,1,46.2,20,5,1,0,1,1,12.63
5.47,3,14.2,11,4,0,0,2,2,24.47
6.22,2,32.9,12,1,0,0,1,1,15.54
11.35,2,34.6,6,5,1,0,1,1,27.92
9.65,2,61.3,2,0,0,0,0,0,10.22
6.78,4,8.8,9,1,0,2,1,2,44.98
20.68,1,49.9,7,4,0,0,1,2,29.47
9.21,1,50.3,13,5,1,0,1,2,12.73
3.82,1,47.4,7,4,0,0,1,2,5.73
1.6,4,12.3,6,6,1,0,1,3,7.79
9.72,1,78.7,20,0,0,0,0,1,8.64
5.71,3,24.3,21,1,0,0,1,3,15.1
2.48,2,17.2,22,1,0,3,2,1,10.62
6.35,2,30.7,17,3,0,2,1,2,13.08
10.1,3,18.1,18,0,0,3,1,0,41.53
6.08,1,35.2,19,6,1,0,2,2,12.92
6.59,3,23.6,16,1,0,1,1,1,19.8
1.48,4,6.0,9,2,0,0,1,0,17.31
9.74,2,26.2,7,3,0,1,1,0,27.82
2.11,3,12.8,8,0,0,2,1,2,9.83
4.69,2,26.8,19,4,0,0,2,2,11.99
7.94,3,16.2,17,0,0,0,2,2,33.67
4.1,2,25.6,12,2,0,0,2,1,13.25
4.64,2,64.1,1,2,0,1,0,3,4.44
7.73,3,21.5,8,4,0,0,1,0,27.76
8.1,2,32.6,17,4,0,0,1,0,20.66
6.9,1,42.2,13,4,0,1,1,1,14.51
1.37,2,28.5,11,6,1,1,1,0,3.76
1.77,3,16.3,9,3,0,2,1,2,7.05
11.35,1,41.7,15,6,1,0,1,1,24.25
5.35,2,36.6,22,2,0,0,1,2,9.13
22.65,2,28.9,20,4,0,2,1,2,49.86
7.75,1,59.2,1,2,0,0,1,2,9.4
18.41,2,40.9,13,3,0,0,1,2,31.6
6.02,1,22.8,9,5,1,2,2,1,21.72
4.95,1,33.3,13,6,1,1,2,2,11.17
9.81,1,90.1,15,3,0,0,0,2,6.32
12.64,4,12.2,8,6,1,0,2,1,78.96
6.04,1,64.6,18,5,1,2,0,2,5.88
9.62,3,23.8,12,2,0,0,1,3,25.6
2.12,3,17.4,23,4,0,0,2,2,8.38
3.82,3,14.5,1,5,1,2,1,1,16.29
8.58,2,68.6,7,0,0,0,0,2,7.86
5.38,2,33.3,17,1,0,0,1,1,13.01
7.93,4,7.6,17,2,0,0,2,2,63.86
8.66,2,39.8,15,5,1,0,1,2,15.43
9.54,2,23.6,22,3,0,0,2,2,28.74
11.21,2,30.8,11,6,1,1,1,0,26.19
11.36,1,29.6,11,6,1,0,2,1,32.39
3.29,3,49.7,20,4,0,0,0,2,4.43
6.12,4,8.5,14,5,1,0,1,2,42.48
6.0,4,13.2,10,1,0,0,1,2,27.28
6.5,3,19.4,17,2,0,1,1,1,25.5
5.69,4,32.5,16,0,0,0,0,2,11.04
6.76,2,54.6,9,0,0,1,0,1,8.23
4.55,3,13.9,9,3,0,0,2,1,25.34
10.8,3,26.2,11,3,0,0,1,3,26.55
8.66,2,72.2,4,3,0,0,0,2,7.53
4.52,4,13.8,21,2,0,1,1,3,19.9
6.83,2,32.7,7,0,0,0,1,1,15.79
17.4,2,35.4,7,0,0,0,1,2,35.67
3.41,4,9.9,16,3,0,0,1,2,21.28
3.9,3,14.8,17,3,0,3,1,1,18.92
11.08,1,88.5,17,6,1,1,0,3,8.15
15.35,3,18.5,10,4,0,0,1,1,56.35
8.12,3,22.6,20,6,1,0,1,1,26.73
7.09,3,19.0,14,0,0,0,1,2,22.14
3.0,1,22.1,12,3,0,3,2,1,10.71
5.1,1,52.1,18,6,1,1,1,3,7.0
4.94,2,68.6,8,3,0,0,0,2,4.14
5.13,4,20.5,19,3,0,3,0,1,15.53
4.2,4,11.0,14,5,1,0,1,3,26.69
2.87,2,35.6,20,4,0,0,1,1,6.6
9.86,3,43.2,8,0,0,1,0,2,13.73
8.41,3,21.2,21,0,0,0,1,0,28.02
2.88,3,31.0,17,0,0,2,0,0,6.07
6.89,1,80.6,16,4,0,0,0,1,5.8
5.55,4,13.8,11,2,0,0,1,0,26.56
16.37,2,26.3,22,4,0,0,2,1,50.72
13.3,3,41.6,12,6,1,1,0,2,19.57
16.32,2,68.5,13,5,1,0,0,2,13.73
5.05,4,10.8,18,1,0,0,1,1,31.5
1.92,2,63.5,9,6,1,0,0,1,1.84
3.22,1,78.5,9,5,1,0,0,1,2.87
5.11,2,24.5,18,6,1,0,2,1,16.55
5.8,3,12.2,6,4,0,0,2,1,31.87
16.52,1,45.5,19,6,1,0,1,1,32.22
10.77,3,44.6,16,1,0,0,0,1,14.82
8.42,2,61.9,14,6,1,0,0,1,9.39
13.42,1,47.2,8,5,1,0,1,1,26.27
9.26,4,12.6,18,3,0,0,1,0,50.31
10.41,2,33.2,18,6,1,0,1,1,24.35
5.56,3,43.8,13,1,0,2,0,3,7.71
2.48,1,46.8,10,4,0,0,1,2,3.63
2.13,4,24.8,8,2,0,1,0,3,5.22
2.15,4,8.2,18,0,0,1,2,1,17.27
9.79,2,27.7,16,4,0,3,1,1,29.04
4.0,3,17.6,8,0,0,1,1,2,13.65
5.58,2,21.6,18,5,1,0,2,1,20.03
2.7,4,8.9,20,1,0,0,2,1,20.14
12.44,4,16.5,3,3,0,0,1,2,48.65
6.68,3,15.5,18,3,0,2,1,0,28.83
7.71,3,22.0,19,4,0,0,1,2,23.53
8.17,1,47.9,23,6,1,1,1,3,12.36
8.76,3,16.6,8,1,0,0,1,1,37.88
12.81,2,15.0,10,1,0,1,2,1,57.27
9.98,1,44.4,22,0,0,1,1,2,15.35
3.53,2,28.6,5,5,1,0,1,2,8.54
3.88,1,42.3,14,6,1,1,1,1,7.58
25.73,3,19.3,13,5,1,0,2,2,85.39
11.53,2,32.3,15,1,0,1,1,1,29.33
20.97,3,15.3,9,6,1,2,1,2,82.29
5.83,3,8.5,21,2,0,2,2,0,42.58
15.31,4,29.8,8,3,0,0,0,1,31.18
8.92,3,19.4,16,5,1,0,1,0,36.37
8.0,2,20.3,13,2,0,1,2,1,28.67
6.85,4,9.8,8,5,1,1,1,0,42.9
10.67,1,51.7,7,2,0,0,1,2,16.18
9.16,1,91.3,22,0,0,0,0,3,6.54
6.03,2,33.5,14,1,0,0,1,1,14.54
4.66,2,20.7,15,0,0,0,2,0,16.04
6.15,1,75.2,18,5,1,1,0,2,4.72
6.73,1,46.7,5,3,0,0,1,1,12.74
5.27,1,55.9,17,6,1,0,1,2,6.38
3.79,3,16.2,7,0,0,3,1,2,15.64
7.01,2,29.1,18,5,1,0,1,0,17.43
8.54,1,89.3,6,2,0,0,0,3,6.36
7.9,3,19.9,19,6,1,0,1,1,27.79
3.18,4,18.5,17,0,0,0,1,3,10.79
16.27,4,11.7,10,1,0,0,1,1,86.63
18.52,3,46.6,10,0,0,1,0,1,28.78
9.69,3,18.3,7,1,0,0,1,0,36.2
10.82,2,34.7,20,6,1,0,1,2,22.19
7.74,2,23.8,6,6,1,1,1,1,22.62
8.28,1,29.9,12,2,0,3,2,3,21.05
2.04,3,17.7,8,1,0,0,2,1,9.28
6.37,1,33.6,23,1,0,0,2,2,13.54
6.43,1,28.9,15,6,1,1,2,1,18.73
18.19,3,53.0,7,5,1,0,0,3,22.22
5.64,3,19.2,17,1,0,0,1,2,18.39
16.12,3,50.9,23,6,1,0,0,2,19.96
6.84,2,14.4,15,6,1,1,2,1,35.29
5.15,2,20.8,12,5,1,3,2,1,20.34
2.13,4,28.5,9,1,0,0,0,2,4.48
8.2,1,47.2,5,3,0,0,1,1,14.33
4.14,3,10.9,8,4,0,1,2,1,23.24
2.34,2,39.9,14,5,1,0,1,3,3.88
9.65,1,47.0,18,3,0,1,1,2,15.64
8.39,3,45.3,20,0,0,0,0,2,11.98
8.82,3,20.5,18,3,0,0,1,2,29.2
6.8,1,72.4,6,3,0,0,0,0,5.75
4.39,3,30.4,18,1,0,0,1,3,9.86
3.46,1,31.6,15,0,0,0,2,2,7.38
14.99,1,50.3,12,0,0,0,1,1,26.7
10.11,4,14.4,15,2,0,0,1,1,45.31
11.62,2,35.6,0,1,0,0,1,0,26.99
6.19,4,25.5,4,3,0,0,0,0,14.49
4.05,3,15.9,14,2,0,0,2,1,19.48
3.77,1,72.2,7,2,0,0,0,0,3.73
7.1,4,27.2,14,5,1,0,0,1,15.92
4.16,1,37.8,10,6,1,1,2,3,7.34
1.88,1,37.3,20,6,1,2,1,2,3.36
9.37,1,53.0,22,6,1,0,1,2,12.85
11.62,2,66.0,23,3,0,0,0,1,11.39
4.81,1,46.8,20,6,1,0,1,1,9.23
2.27,3,16.4,23,0,0,0,2,1,10.58
7.48,2,49.8,17,1,0,3,0,1,9.14
6.15,2,23.7,22,1,0,1,2,3,18.22
5.36,1,44.6,16,3,0,0,1,1,10.64
8.71,2,41.2,18,6,1,0,1,2,15.02
7.25,2,34.6,6,1,0,0,1,1,18.1
8.52,1,49.7,17,4,0,0,1,2,11.81
7.06,2,69.5,21,6,1,0,0,2,5.81
4.15,1,71.3,14,2,0,1,0,1,4.2
3.96,3,21.1,7,2,0,0,1,2,12.31
6.81,2,22.0,14,4,0,1,2,1,24.63
11.15,4,6.8,17,1,0,2,2,1,116.64
7.16,2,68.9,18,0,0,0,0,2,6.02
4.48,1,31.5,14,5,1,0,2,0,11.97
7.46,2,49.6,8,4,0,2,0,1,10.17
7.64,4,11.0,21,4,0,0,2,2,43.22
4.18,1,56.7,18,6,1,0,1,3,5.19
18.37,2,18.9,8,6,1,1,2,2,65.95
10.83,2,33.9,19,2,0,0,1,1,26.67
6.21,4,9.3,10,0,0,0,1,2,40.79
17.6,3,22.7,9,0,0,0,1,0,57.12
8.22,3,17.2,19,1,0,2,1,1,34.13
7.83,2,19.0,20,0,0,1,2,0,32.47
14.16,3,44.1,11,1,0,0,0,0,21.26
10.88,1,31.6,0,6,1,0,2,2,25.11
8.91,1,27.3,7,6,1,0,2,0,26.18
5.26,2,28.2,20,3,0,2,1,2,12.28
6.75,3,38.1,20,4,0,1,0,1,10.52
6.14,3,41.5,12,5,1,0,0,0,9.83
4.53,1,26.7,9,5,1,2,2,1,13.89
21.7,3,18.5,9,6,1,2,1,1,84.02
10.93,4,7.3,20,4,0,0,2,1,99.24
6.0,4,9.5,9,1,0,3,1,2,38.15
8.4,3,9.1,13,1,0,0,2,2,57.98
6.18,4,14.0,17,1,0,1,2,1,30.02
4.09,1,28.3,8,6,1,0,2,3,9.78
1.86,4,26.4,8,4,0,0,0,1,4.19
8.81,3,13.9,10,1,0,2,1,1,44.67
6.88,1,88.6,16,4,0,0,0,2,4.64
12.63,3,18.3,19,5,1,1,1,1,52.51
4.84,2,33.6,14,6,1,0,1,1,10.75
12.65,1,74.2,6,4,0,0,0,0,12.38
13.46,3,51.6,12,5,1,0,0,3,15.39
2.44,2,37.8,6,6,1,0,1,2,4.16
11.68,1,55.1,5,2,0,0,1,3,15.03
10.6,2,32.9,15,6,1,0,1,0,26.61
6.49,4,13.6,22,5,1,0,1,0,29.77
12.52,2,33.8,19,2,0,0,1,2,24.53
11.4,3,45.9,18,3,0,0,0,0,16.06
7.31,1,46.8,17,6,1,0,1,1,13.59
2.35,2,74.8,20,3,0,0,0,3,1.85
5.83,1,74.6,18,6,1,0,0,1,5.32
11.77,2,39.8,16,6,1,0,1,3,21.45
8.14,3,17.6,10,6,1,0,1,0,32.31
5.15,1,73.0,5,5,1,1,0,1,4.82
7.03,2,60.0,12,0,0,0,0,0,7.76
7.3,3,34.5,21,1,0,2,0,2,12.13
3.99,1,38.1,15,5,1,3,1,1,8.74
5.05,2,34.6,7,5,1,1,1,2,9.11
20.79,2,18.6,16,4,0,0,2,2,79.53
0.92,1,86.4,12,0,0,0,0,2,1.5
6.98,1,42.0,21,2,0,1,1,2,11.27
11.77,2,34.3,7,4,0,0,1,1,27.96
6.91,1,37.2,17,5,1,0,2,2,11.74
4.72,1,65.5,17,6,1,2,0,2,4.9
5.56,2,75.1,23,0,0,0,0,3,4.48
17.89,2,39.4,15,5,1,0,1,2,32.41
9.92,4,9.5,20,2,0,3,1,1,64.59
9.58,1,34.2,1,6,1,1,2,2,21.82
6.47,3,54.5,6,6,1,0,0,3,7.36
7.89,3,55.4,10,3,0,0,0,3,7.94
3.58,2,29.5,16,1,0,0,1,1,9.46
18.48,4,24.5,12,6,1,1,0,1,47.35
10.29,2,23.2,8,1,0,1,2,1,34.25
6.95,3,21.3,15,0,0,0,1,1,24.3
7.56,2,65.1,15,2,0,0,0,0,7.85
9.11,1,57.4,14,0,0,0,1,3,12.17
3.56,3,13.1,5,2,0,1,2,2,16.98
5.75,3,20.9,21,2,0,0,1,1,19.71
3.64,1,52.3,15,6,1,0,1,1,6.17
10.26,3,25.4,8,1,0,0,1,1,30.78
2.87,3,19.7,17,3,0,1,1,3,9.22
3.8,2,59.8,9,3,0,1,0,2,4.17
11.0,2,67.0,13,4,0,0,0,1,9.94
7.91,1,34.3,10,6,1,0,2,2,18.14
16.78,3,49.0,20,2,0,0,0,2,22.12
5.71,1,47.5,23,1,0,0,1,1,11.16
6.3,2,26.7,7,2,0,0,2,2,16.44
14.82,1,48.2,1,5,1,1,1,2,21.24
12.72,2,30.6,8,6,1,0,1,0,33.76
11.13,1,46.9,15,4,0,3,1,3,17.32
4.31,1,36.5,7,5,1,2,1,1,9.37
4.54,2,48.5,19,1,0,0,1,3,6.57
6.62,3,27.8,11,2,0,0,1,3,15.76
6.52,3,34.1,16,3,0,2,0,0,11.42
4.36,2,36.3,12,3,0,0,1,2,8.45
5.56,3,28.9,20,4,0,0,1,3,12.71
6.73,2,29.7,2,6,1,0,2,2,16.33
12.33,3,23.7,17,5,1,0,1,2,34.59
14.23,1,59.0,16,3,0,0,1,3,16.3
10.05,3,15.8,16,2,0,0,2,2,44.12
2.57,2,28.9,11,4,0,0,1,1,7.54
13.24,3,23.1,0,5,1,0,1,1,40.67
10.08,4,12.6,17,0,0,1,1,1,53.89
11.37,3,47.7,19,4,0,0,0,1,16.43
4.53,1,79.1,5,3,0,0,0,1,4.04
15.13,2,32.8,12,1,0,0,1,0,33.38
6.17,3,15.1,7,4,0,0,2,1,29.56
4.32,1,41.0,16,2,0,0,1,1,8.65
10.57,3,20.7,18,5,1,1,1,2,31.83
6.67,2,35.9,17,4,0,0,1,1,14.99
9.91,4,14.1,9,3,0,0,1,2,46.0
5.53,3,26.0,6,4,0,0,1,3,13.54
3.39,3,51.4,18,2,0,0,0,2,4.37
5.45,4,9.6,9,2,0,0,2,2,37.8
2.91,1,52.6,1,3,0,0,1,2,3.85
10.1,3,40.6,15,6,1,0,0,1,15.2
1.11,4,19.7,8,2,0,3,0,1,3.61
12.78,2,71.2,19,3,0,1,0,3,10.25
3.07,2,64.7,7,4,0,0,0,1,3.52
11.9,4,16.6,11,4,0,1,1,3,47.55
9.41,2,37.7,8,0,0,0,1,1,21.63
1.6,3,20.5,17,3,0,0,1,0,4.95
7.73,3,13.8,14,1,0,0,2,2,36.58
2.79,3,50.8,18,3,0,0,0,3,3.34
7.75,1,38.1,12,4,0,2,1,2,14.12
4.59,1,35.0,0,5,1,0,2,2,9.62
1.63,2,34.5,8,4,0,0,1,2,3.54
9.13,4,23.7,23,2,0,1,0,2,22.16
6.52,4,16.9,11,0,0,0,1,1,26.16
6.92,1,49.3,16,1,0,0,1,1,11.7
1.86,3,20.6,20,6,1,0,2,2,6.16
1.71,1,83.8,1,0,0,0,0,2,1.5
5.78,3,19.8,16,3,0,1,1,0,21.1
11.71,2,36.5,9,5,1,0,1,0,25.78
10.2,3,47.8,9,3,0,0,0,2,14.11
8.97,3,30.5,8,4,0,2,0,0,19.34
13.78,2,64.6,19,2,0,0,0,1,12.57
4.75,3,45.9,10,1,0,0,0,1,6.99
9.28,2,69.3,4,6,1,0,0,2,8.28
2.23,2,34.8,5,5,1,0,1,1,5.02
21.51,3,26.2,7,2,0,0,1,1,66.68
4.22,3,15.4,20,1,0,0,2,0,19.47
8.87,2,41.9,11,5,1,0,1,2,14.14
16.6,3,40.2,21,0,0,0,0,0,24.56
5.42,3,39.3,19,6,1,1,0,2,8.01
8.75,4,9.2,19,4,0,0,2,1,62.32
7.64,3,16.0,9,2,0,1,2,1,35.84
5.25,4,23.7,8,3,0,0,0,1,13.23
4.56,1,78.3,14,6,1,0,0,1,3.94
3.02,3,19.0,11,4,0,0,2,1,11.71
0.8,1,50.1,13,1,0,1,1,2,1.5
6.2,3,19.6,3,6,1,0,1,0,23.49
4.3,2,35.0,22,5,1,0,1,1,9.62
4.11,4,14.6,3,6,1,0,1,0,19.49
9.65,3,54.2,7,4,0,0,0,3,10.84
7.33,2,31.2,17,3,0,2,1,2,16.7
12.15,2,67.6,7,3,0,0,0,2,10.5
5.22,2,35.1,6,1,0,0,1,1,13.17
3.2,3,20.4,7,4,0,0,2,3,10.0
9.74,2,52.4,4,2,0,3,0,2,12.49
10.03,3,11.1,8,4,0,1,2,1,61.13
8.1,2,37.3,8,6,1,0,1,2,14.63
4.04,2,63.2,13,3,0,0,0,0,4.13
6.98,2,35.1,12,5,1,0,1,1,15.31
3.1,2,35.7,12,1,0,0,1,2,5.7
4.26,2,68.9,16,0,0,0,0,2,3.98
13.07,4,29.8,8,0,0,0,0,1,26.24
4.93,1,95.6,6,5,1,0,0,3,2.93
11.36,2,38.0,20,4,0,0,1,2,19.6
8.38,2,25.6,16,3,0,0,2,2,22.96
16.39,1,42.1,4,4,0,2,1,3,28.79
8.19,1,50.9,22,1,0,0,1,2,12.81
7.89,3,25.8,17,2,0,1,1,3,20.63
2.25,2,35.8,7,0,0,0,1,2,4.71
4.34,1,50.9,22,4,0,0,1,1,8.08
5.77,3,31.3,10,3,0,2,0,1,10.73
20.0,1,46.1,23,5,1,0,1,1,39.62
4.55,2,45.7,5,6,1,0,1,2,7.0
3.24,1,38.0,7,6,1,0,2,2,6.9
2.56,1,83.1,16,0,0,0,0,2,1.98
2.19,1,54.7,1,0,0,0,1,2,3.17
20.4,2,66.0,1,2,0,0,0,1,22.23
7.54,4,12.5,18,4,0,0,2,3,39.24
3.53,1,44.8,7,2,0,0,1,0,7.17
14.0,2,30.3,21,3,0,0,1,0,34.47
17.61,4,17.3,11,3,0,0,1,2,66.3
3.64,4,10.4,20,4,0,2,1,2,23.51
5.09,2,71.3,11,0,0,0,0,3,4.73
12.77,1,46.3,14,1,0,0,1,1,23.95
10.1,1,39.2,9,2,0,1,1,1,19.48
6.1,3,49.9,16,6,1,0,0,3,6.94
12.97,4,11.0,9,0,0,0,2,1,76.52
2.18,1,75.1,8,5,1,0,0,0,1.73
3.14,1,50.0,5,3,0,1,1,2,4.49
4.18,1,83.9,3,6,1,0,0,2,3.1
3.85,2,19.9,9,3,0,0,2,1,15.0
1.28,4,26.5,17,0,0,0,0,0,2.78
5.3,3,11.4,8,0,0,0,2,0,32.64
9.29,1,49.9,9,5,1,0,1,2,12.33
10.92,2,67.5,20,3,0,0,0,2,10.37
10.43,2,37.8,16,2,0,0,1,2,21.76
12.3,3,13.7,21,2,0,0,2,3,60.39
8.68,2,37.6,20,0,0,0,1,2,17.78
4.73,4,29.8,4,4,0,0,0,1,10.82
1.8,1,70.3,22,3,0,1,0,1,1.5
1.77,1,69.8,3,1,0,1,0,1,1.5
7.24,3,50.0,21,3,0,0,0,2,8.51
3.68,2,32.3,14,2,0,3,1,3,8.46
7.02,2,34.0,14,2,0,0,1,1,17.28
2.92,2,43.2,17,1,0,0,1,3,4.89
13.69,3,21.2,20,2,0,0,1,0,45.7
5.42,1,50.0,16,1,0,1,1,3,6.93
5.7,4,7.0,11,2,0,1,2,2,51.6
6.03,1,47.4,6,5,1,0,1,0,11.29
0.8,3,14.1,18,1,0,0,2,2,3.51
12.82,2,37.3,6,4,0,1,1,3,22.78
3.19,2,63.8,17,3,0,0,0,1,3.59
6.12,3,12.1,14,2,0,1,2,0,35.16
6.89,3,19.3,10,0,0,0,1,3,22.51
3.93,3,24.6,16,1,0,0,1,1,12.13
9.43,4,6.2,18,1,0,3,1,2,95.19
12.0,1,86.5,21,1,0,0,0,3,8.9
1.78,2,71.0,8,2,0,0,0,2,1.51
10.0,4,11.4,21,3,0,0,2,2,58.23
1.51,1,28.9,22,0,0,1,2,2,3.52
3.93,3,27.3,19,1,0,0,1,2,9.65
4.68,1,48.6,20,6,1,0,1,2,7.58
4.76,3,22.3,17,1,0,0,1,0,14.23
13.19,1,59.2,2,1,0,0,1,3,16.74
4.97,1,40.0,15,5,1,2,1,2,8.46
4.97,3,20.4,18,1,0,2,1,2,15.76
2.64,2,27.7,21,0,0,3,1,2,6.59
7.96,1,77.5,15,1,0,0,0,1,7.12
5.83,1,45.4,18,5,1,1,1,2,9.46
8.86,4,16.0,17,0,0,0,1,1,37.42
2.61,3,23.3,9,0,0,0,1,2,7.16
16.61,1,69.4,7,1,0,1,0,1,15.72
10.41,3,15.7,18,4,0,1,1,1,47.45
30.0,2,69.6,8,0,0,0,0,3,24.48
6.84,3,14.9,8,4,0,2,2,2,29.61
11.62,2,55.2,16,0,0,1,0,0,13.98
16.85,4,14.4,18,5,1,1,1,0,86.34
8.06,2,21.5,15,6,1,1,2,1,28.55
5.95,3,15.8,20,2,0,0,2,2,23.14
4.9,1,43.6,8,1,0,1,1,1,9.62
5.5,3,58.5,8,2,0,0,0,3,5.86
7.4,2,38.1,16,0,0,0,1,3,13.48
5.78,4,32.0,19,2,0,0,0,3,10.71
9.89,2,51.5,14,1,0,1,0,0,11.54
14.43,2,16.2,0,6,1,2,2,3,57.84
2.98,2,56.2,17,1,0,3,0,2,3.51
2.97,2,38.2,19,6,1,0,1,2,5.63
5.01,3,20.2,9,0,0,0,1,0,16.46
1.79,1,85.2,3,0,0,0,0,2,1.5
15.95,2,25.2,13,4,0,1,2,2,43.49
12.32,1,46.2,2,3,0,1,1,2,19.3
5.91,1,48.4,11,6,1,0,1,1,11.29
6.25,2,66.7,0,6,1,1,0,2,6.05
8.18,3,21.8,8,2,0,0,1,0,25.67
3.97,4,14.7,10,4,0,0,1,0,20.18
5.37,1,32.4,6,6,1,0,2,1,14.91
4.16,1,46.0,6,2,0,0,1,2,6.41
6.91,4,15.1,19,1,0,1,1,2,31.77
7.02,2,77.3,2,0,0,0,0,3,6.16
6.14,1,47.5,17,2,0,0,1,1,10.83
11.67,4,9.9,19,3,0,0,1,1,75.37
6.19,1,54.6,6,1,0,0,1,2,9.24
6.43,2,33.7,7,5,1,0,1,1,15.66
2.3,1,30.8,16,1,0,0,2,1,6.35
9.71,2,63.0,9,4,0,0,0,1,9.94
7.32,2,29.0,12,3,0,0,1,0,20.67
10.31,2,24.2,19,1,0,0,2,1,34.52
3.74,1,51.0,6,3,0,0,1,2,4.7
3.12,3,23.7,16,0,0,0,1,2,9.22
5.73,2,34.2,21,5,1,0,1,2,11.07
1.57,3,17.4,3,6,1,1,2,1,6.79
16.46,2,21.1,4,3,0,1,2,1,58.66
5.61,2,66.4,14,4,0,1,0,3,4.84
0.94,1,33.0,22,4,0,0,2,3,2.08
4.79,3,23.6,8,2,0,0,1,2,13.54
5.98,1,56.0,9,5,1,0,1,3,7.99
14.49,1,39.9,5,0,0,0,2,2,26.52
6.86,3,13.6,10,0,0,0,2,1,37.71
2.43,1,53.1,2,3,0,0,1,2,3.66
8.25,4,11.3,10,4,0,0,1,1,48.17
6.8,1,41.1,14,4,0,2,1,3,11.14
5.84,1,38.2,22,4,0,2,1,1,13.11
5.27,1,46.2,19,6,1,1,1,2,7.68
11.22,3,13.2,19,0,0,0,2,1,67.94
6.67,3,41.7,8,4,0,3,0,3,10.38
6.42,2,17.9,5,2,0,1,2,1,28.71
12.72,3,21.3,15,1,0,0,1,2,37.87
10.49,1,82.0,14,4,0,0,0,1,8.65
8.27,3,41.3,13,2,0,0,0,0,12.61
4.23,1,51.1,6,2,0,0,1,1,7.72
5.49,1,48.1,13,1,0,0,1,1,9.98
6.29,2,73.6,7,0,0,0,0,2,5.78
2.65,3,21.2,11,4,0,0,1,1,8.66
4.84,1,49.2,4,5,1,0,1,0,8.15
6.82,3,16.0,19,2,0,0,2,3,29.62
9.3,1,92.0,0,2,0,0,0,2,6.79
9.08,1,46.9,21,6,1,0,1,0,17.19
1.96,3,42.0,19,1,0,0,0,1,2.77
5.29,2,61.9,18,5,1,0,0,2,5.43
3.91,3,35.2,23,2,0,3,0,1,7.42
1.67,2,61.4,3,4,0,0,0,1,1.72
6.1,2,73.6,16,0,0,0,0,2,5.09
4.81,2,64.9,19,2,0,0,0,1,5.5
6.68,2,68.1,6,0,0,0,0,2,5.9
9.13,4,11.9,15,2,0,0,1,0,48.73
8.22,4,10.6,11,2,0,3,1,1,52.89
17.76,3,23.6,11,4,0,0,1,0,53.21
7.3,3,45.0,21,0,0,0,0,1,10.68
14.18,4,14.0,14,5,1,0,1,2,69.02
3.22,1,46.5,5,3,0,1,1,2,5.19
8.14,3,16.6,21,4,0,0,2,0,37.87
4.2,1,51.4,7,0,0,0,1,2,5.51
5.67,2,62.2,20,0,0,0,0,0,6.24
10.64,1,62.8,22,0,0,3,0,1,10.54
5.64,1,45.6,20,6,1,1,1,2,8.73
11.78,1,59.1,17,3,0,0,1,3,13.61
4.28,4,13.2,18,4,0,0,1,3,19.65
3.14,3,20.9,17,6,1,0,1,1,11.19
7.57,2,40.2,12,3,0,0,1,2,13.17
7.78,4,10.6,9,2,0,0,2,2,47.75
5.42,2,73.4,9,1,0,0,0,2,4.18
9.52,3,46.7,17,3,0,0,0,2,13.01
1.47,2,27.0,16,2,0,0,2,2,4.23
3.48,3,26.1,15,3,0,0,1,1,9.56
8.51,2,37.6,16,0,0,0,1,2,15.37
5.78,1,26.5,18,1,0,3,2,1,16.79
4.41,2,26.4,18,1,0,1,2,2,11.88
7.23,2,43.9,5,5,1,0,1,3,12.86
11.28,3,20.6,10,2,0,0,2,2,36.34
8.17,2,34.8,8,6,1,0,1,2,16.54
10.25,2,69.9,14,6,1,0,0,2,9.31
8.42,1,36.4,4,5,1,0,2,2,17.34
12.94,4,6.2,18,3,0,3,2,0,131.28
4.83,2,34.0,6,3,0,0,1,2,9.53
11.7,1,36.9,8,6,1,3,1,1,24.72
2.07,3,7.7,18,3,0,0,2,0,17.48
2.92,1,57.8,3,2,0,0,1,3,3.84
9.4,2,29.0,16,3,0,0,1,1,26.07
2.8,2,61.5,21,1,0,0,0,1,3.15
5.43,1,80.4,16,1,0,1,0,2,4.29
12.83,3,22.4,17,4,0,0,1,2,38.58
3.19,1,48.3,18,3,0,0,1,1,5.97
10.77,1,40.7,8,3,0,0,2,2,20.8
5.26,1,78.8,15,5,1,0,0,1,4.52
3.0,4,13.8,9,1,0,1,1,2,12.84
6.64,4,10.9,8,1,0,1,2,2,40.81
12.35,2,18.6,7,0,0,1,2,0,48.61
2.74,2,26.7,15,0,0,3,1,2,7.13
2.63,1,34.0,18,4,0,0,2,1,7.53
9.23,4,10.3,20,1,0,0,2,1,60.24
4.68,3,19.9,11,4,0,0,1,1,18.62
17.88,3,13.6,10,3,0,0,2,2,92.76
7.78,4,13.1,17,3,0,1,1,0,36.93
11.26,2,37.8,18,1,0,0,1,2,20.16
7.63,3,43.3,8,2,0,0,0,1,11.49
2.79,3,15.8,9,4,0,1,2,1,13.0
3.66,2,67.8,14,2,0,0,0,2,3.67
4.0,2,63.2,12,3,0,0,0,2,3.74
8.71,2,32.4,17,5,1,0,1,1,20.95
6.5,3,38.0,13,6,1,2,0,3,11.31
1.76,4,8.1,6,4,0,0,2,2,13.55
9.67,1,26.6,7,3,0,3,2,2,26.41
19.76,3,8.5,20,0,0,0,2,0,146.65
3.15,3,25.5,8,1,0,0,1,2,8.93
3.48,3,50.3,3,0,0,0,0,3,4.68
4.31,1,80.7,17,6,1,0,0,2,3.41
6.04,1,44.0,17,6,1,1,1,1,11.53
3.32,1,85.8,15,4,0,0,0,3,2.57
12.74,3,10.6,13,0,0,3,2,1,82.46
15.44,3,22.4,22,5,1,0,2,3,48.85
7.02,1,81.4,6,6,1,0,0,2,5.26
6.29,4,17.4,13,4,0,0,1,2,21.92
1.93,3,22.0,15,2,0,0,1,2,5.89
2.96,2,47.7,1,1,0,2,0,1,4.03
1.29,2,39.5,11,2,0,0,1,2,2.37
4.45,1,27.3,18,5,1,0,2,0,14.76
4.98,1,31.3,12,3,0,0,2,2,10.66
9.16,1,90.3,20,6,1,0,0,3,6.07
7.06,3,19.1,16,1,0,0,1,1,26.05
3.85,3,24.2,18,0,0,0,1,3,10.56
9.44,3,16.4,18,4,0,0,1,1,41.37
21.57,4,13.2,17,1,0,0,1,1,120.72
9.72,3,23.0,18,3,0,0,1,1,29.13
4.71,1,44.8,17,6,1,0,1,1,9.33
7.52,2,33.8,14,2,0,0,1,2,13.94
3.26,1,33.3,15,6,1,0,2,2,7.28
3.03,3,23.9,7,3,0,0,1,2,8.17
16.1,4,11.4,19,0,0,0,1,0,96.28
7.59,4,34.2,9,4,0,0,0,2,14.04
11.47,3,11.9,14,6,1,2,2,0,69.74
5.52,3,15.1,8,4,0,0,2,1,26.8
3.01,3,12.5,17,0,0,0,2,1,15.34
2.62,2,35.4,22,4,0,1,1,3,4.72
3.6,2,36.3,18,1,0,0,1,2,6.91
8.19,2,69.7,16,1,0,0,0,1,8.46
2.25,3,38.8,15,0,0,1,0,1,3.19
6.66,2,66.7,13,0,0,0,0,1,5.82
8.82,4,23.6,8,3,0,0,0,1,25.52
2.93,4,15.0,10,4,0,0,1,2,12.68
21.5,2,40.1,11,6,1,0,1,2,34.52
10.69,2,34.9,21,5,1,0,1,1,23.34
6.02,3,49.5,11,2,0,0,0,2,7.3
4.02,1,51.8,15,0,0,0,1,2,5.36
7.75,4,15.5,21,3,0,0,1,3,30.56
7.6,2,35.4,13,0,0,1,1,3,14.97
6.75,4,28.3,8,6,1,0,0,3,14.42
7.92,1,34.8,10,0,0,2,1,0,18.82
3.39,4,32.4,10,1,0,0,0,3,6.63
9.69,1,35.8,17,5,1,0,2,2,19.01
2.49,3,17.6,9,4,0,0,1,1,10.74
2.48,2,67.6,17,5,1,0,0,2,2.26
1.38,1,33.4,20,0,0,1,2,3,2.94
9.08,4,25.8,9,4,0,0,0,0,21.52
8.06,1,32.4,6,3,0,2,1,1,20.48
6.4,4,8.1,16,0,0,1,1,3,50.33
4.31,2,71.8,10,5,1,0,0,2,3.89
4.82,1,39.7,14,2,0,1,1,0,10.69
3.31,2,44.0,16,5,1,0,1,3,5.45
7.53,4,10.7,11,1,0,0,2,3,45.5
1.19,4,15.8,21,2,0,0,1,2,5.01
1.69,2,33.2,11,1,0,1,1,2,3.26
3.41,3,15.7,9,0,0,0,2,1,17.11
7.0,1,59.6,20,5,1,0,1,3,8.69
6.1,2,20.5,6,0,0,0,2,1,22.18
13.28,1,25.2,6,4,0,1,2,1,46.71
5.44,4,11.4,21,1,0,1,1,1,32.39
10.14,2,29.8,8,3,0,0,1,1,26.96
6.79,3,16.6,7,2,0,0,1,1,28.01
1.35,2,20.9,14,5,1,0,2,1,5.03
3.01,3,25.7,3,3,0,0,1,2,8.16
3.31,2,18.2,16,1,0,2,2,1,13.55
3.86,1,46.8,12,3,0,3,1,2,5.66
5.09,2,64.9,16,1,0,0,0,1,5.36
11.63,3,45.6,9,4,0,0,0,0,15.41
5.69,2,36.3,20,4,0,0,1,2,11.14
4.18,4,10.5,8,3,0,1,1,0,26.61
10.53,2,29.7,16,6,1,1,2,3,25.17
10.49,1,85.3,21,6,1,0,0,2,7.28
0.99,4,16.0,11,3,0,0,1,3,3.92
6.06,1,51.5,7,5,1,0,1,1,10.39
12.48,2,24.0,4,6,1,0,2,1,38.14
5.49,1,50.7,22,1,0,0,1,1,9.64
3.11,3,15.9,18,4,0,0,1,1,13.43
10.09,1,40.1,21,5,1,1,1,1,21.03
2.81,3,27.7,17,3,0,0,1,3,6.63
6.85,1,73.6,10,5,1,0,0,0,5.77
5.46,2,25.7,6,1,0,2,1,1,14.72
1.93,1,78.3,21,1,0,0,0,1,1.5
11.31,3,46.4,13,3,0,0,0,2,16.12
7.88,4,6.6,11,2,0,2,1,2,79.15
13.56,1,31.1,15,5,1,0,2,0,39.46
6.08,4,5.8,6,0,0,3,2,2,63.73
3.27,4,12.5,9,1,0,0,2,2,17.82
2.06,2,65.8,16,4,0,0,0,1,1.75
10.61,1,30.1,5,6,1,1,2,2,25.45
3.06,3,24.3,6,5,1,0,1,2,8.23
21.43,3,20.2,13,0,0,0,1,1,75.25
16.48,2,30.6,16,1,0,0,1,0,42.72
6.44,2,33.7,7,5,1,0,1,1,15.48
5.21,3,54.2,2,2,0,0,0,3,5.58
3.84,3,23.3,22,0,0,0,1,1,13.32
4.15,4,10.5,1,4,0,0,1,1,26.28
19.26,3,19.8,0,0,0,0,1,2,68.25
4.71,2,23.8,9,5,1,1,2,3,13.14
8.21,3,15.1,8,6,1,3,1,1,40.61
8.58,1,44.6,15,3,0,0,1,1,16.74
10.95,2,35.4,20,1,0,1,1,3,22.38
7.81,1,49.2,13,6,1,0,1,2,10.95
6.12,3,17.2,18,3,0,2,1,2,21.6
3.59,3,37.1,20,2,0,2,0,2,6.58
8.45,1,77.6,7,0,0,0,0,1,6.47
7.43,2,37.6,13,3,0,0,1,2,12.98
4.65,2,57.2,16,2,0,1,0,1,5.73
8.03,3,19.6,9,3,0,2,1,2,27.95
5.8,2,63.0,18,4,0,0,0,1,6.37
7.43,2,33.6,17,3,0,0,1,2,15.02
9.41,3,45.9,11,1,0,0,0,2,12.8
6.8,3,21.9,5,5,1,1,1,0,23.07
9.93,2,33.4,0,3,0,0,1,2,19.76
6.73,3,18.2,10,3,0,0,1,1,25.57
10.95,1,72.3,5,3,0,0,0,1,10.08
5.05,4,13.3,18,6,1,2,1,2,23.97
3.13,4,15.1,9,3,0,0,1,3,13.29
7.22,3,15.3,17,3,0,3,1,2,33.24
15.22,4,6.3,10,0,0,0,1,1,149.92
10.33,3,47.6,18,0,0,0,0,2,14.8
15.11,2,62.3,20,5,1,0,0,1,15.75
4.63,2,67.3,19,6,1,0,0,1,4.78
6.1,1,67.5,13,4,0,1,0,0,5.89
3.25,3,41.1,5,0,0,1,0,2,4.73
2.63,2,26.1,10,2,0,0,2,2,7.27
13.94,4,22.9,11,1,0,3,0,3,36.87
13.16,3,40.9,22,3,0,0,0,1,20.48
8.92,1,34.7,15,3,0,3,1,0,18.98
4.67,2,20.6,16,3,0,0,2,2,14.86
9.56,3,20.0,18,4,0,1,2,3,32.45
12.54,2,34.9,15,4,0,0,1,1,29.81
16.18,1,86.0,15,2,0,0,0,2,11.25
2.21,2,63.2,8,6,1,0,0,1,2.07
5.11,2,28.0,3,3,0,1,1,0,13.56
4.8,2,63.2,17,4,0,1,0,2,4.42
5.61,4,18.2,19,3,0,0,1,3,19.44
8.55,4,7.1,11,0,0,2,2,2,71.38
1.43,1,61.7,14,3,0,2,0,1,1.5
4.6,4,13.0,9,2,0,0,1,1,23.37
4.9,2,20.3,12,2,0,1,2,1,19.69
6.69,2,37.3,8,4,0,0,1,1,14.25
7.21,3,10.9,18,3,0,1,2,1,48.14
5.55,2,21.1,13,2,0,0,2,0,19.83
18.08,1,50.0,14,0,0,0,1,2,27.0
5.87,1,43.6,2,6,1,1,1,1,10.99
8.5,2,33.4,16,4,0,0,1,1,19.51
9.38,3,27.0,8,0,0,0,1,2,22.89
3.5,2,43.1,10,2,0,0,1,3,5.78
3.63,2,25.2,11,5,1,0,2,2,10.52
9.48,1,51.3,12,4,0,0,1,1,16.01
13.25,2,32.4,8,3,0,0,1,1,33.73
16.12,1,49.3,19,5,1,0,1,2,21.28
3.57,3,43.0,11,1,0,0,0,0,5.96
11.28,4,6.9,16,3,0,1,2,1,100.81
6.38,3,40.6,16,6,1,1,0,1,9.81
13.14,3,25.5,15,3,0,0,1,1,37.37
7.96,1,45.0,14,0,0,1,1,2,12.83
8.96,3,19.8,19,3,0,0,1,1,31.4
14.46,3,18.4,19,1,0,0,1,1,50.8
15.3,3,44.7,11,4,0,0,0,1,20.81
7.01,1,37.4,16,4,0,0,2,1,17.56
2.01,3,48.4,5,5,1,0,0,3,2.3
4.05,1,79.2,5,1,0,1,0,2,3.37
19.56,2,55.8,13,0,0,2,0,3,23.97
9.23,1,38.5,20,5,1,2,1,2,18.22
3.58,1,42.9,16,1,0,0,1,0,6.62
4.46,3,18.1,17,4,0,2,1,1,15.64
12.0,4,34.1,7,5,1,0,0,2,20.49
17.83,3,21.1,12,1,0,1,1,2,55.7
6.62,4,23.3,11,0,0,2,0,2,16.63
13.16,2,39.2,18,5,1,0,1,3,24.16
11.18,1,30.9,6,3,0,0,2,1,29.94
8.02,1,54.9,14,3,0,0,1,3,11.02
9.92,1,33.6,20,6,1,0,2,0,26.08
7.82,4,13.1,20,4,0,2,1,3,34.34
13.42,1,33.1,19,6,1,2,1,1,32.65
10.25,3,23.6,10,0,0,0,1,2,30.34
2.21,3,23.4,21,3,0,0,1,2,5.98
5.83,4,26.3,18,3,0,0,0,2,13.37
3.55,4,27.4,19,3,0,0,0,1,7.87
7.09,4,12.1,21,2,0,0,1,1,41.22
5.63,3,20.1,21,3,0,1,1,2,18.85
4.38,3,16.2,8,2,0,1,2,2,17.57
2.83,2,22.2,6,1,0,0,2,1,9.9
1.31,3,11.9,17,4,0,1,2,1,7.89
13.29,2,59.2,15,4,0,1,0,1,14.78
13.28,3,29.6,9,5,1,0,1,3,31.5
2.74,2,71.8,17,5,1,0,0,2,2.48
7.94,1,52.0,4,2,0,1,1,3,11.55
1.8,2,59.6,3,0,0,0,0,0,1.84
3.88,1,56.0,10,5,1,0,1,2,5.09
5.4,2,34.0,7,5,1,0,1,1,11.09
4.18,4,26.6,17,2,0,0,0,2,9.71
9.21,1,40.0,21,6,1,2,1,3,14.76
0.8,4,14.7,16,3,0,0,1,2,3.7
3.79,1,96.0,16,5,1,0,0,3,2.45
10.75,1,22.7,0,6,1,2,2,1,38.02
1.68,2,34.5,13,0,0,1,1,2,3.05
4.09,3,42.0,19,6,1,0,0,1,5.58
11.59,1,44.0,16,4,0,1,1,2,17.88
18.93,1,29.7,8,1,0,1,2,2,46.89
13.29,3,17.8,19,1,0,0,2,2,47.21
5.3,2,65.5,22,2,0,0,0,2,5.12
18.86,2,28.1,9,5,1,1,2,3,46.73
10.93,2,33.2,8,2,0,0,1,2,22.6
2.8,3,42.2,10,2,0,1,0,0,4.5
1.88,1,58.8,4,2,0,0,1,3,2.25
10.41,2,33.3,20,6,1,0,1,2,21.7
5.95,4,16.8,21,4,0,0,1,2,22.79
2.72,4,14.5,16,3,0,1,1,2,12.1
5.76,4,11.1,18,4,0,0,1,1,33.78
12.1,3,27.5,17,1,0,0,1,3,28.82
4.22,2,41.4,10,6,1,0,1,2,7.36
4.14,3,36.9,16,1,0,1,0,1,7.73
5.71,2,41.2,19,6,1,0,1,3,9.73
6.22,3,43.4,18,1,0,1,0,3,8.31
5.06,2,24.7,5,3,0,1,2,1,16.56
9.29,2,33.7,12,3,0,0,1,3,19.02
9.89,3,45.0,11,0,0,0,0,2,13.91
6.09,3,19.3,18,3,0,0,1,1,21.17
4.04,2,45.0,13,1,0,0,1,3,6.15
4.61,4,19.9,10,3,0,2,0,0,14.18
14.02,3,46.6,17,3,0,0,0,2,20.02
18.68,2,23.9,12,3,0,1,2,2,48.98
2.39,4,13.0,8,2,0,1,1,2,12.09
2.89,2,60.7,20,6,1,0,0,0,3.07
4.54,2,31.1,6,5,1,0,1,1,11.15
14.22,4,20.0,0,5,1,1,0,0,45.93
5.05,1,83.3,7,3,0,0,0,1,3.88
9.26,2,79.8,7,2,0,0,0,3,7.07
5.75,1,34.3,14,1,0,0,2,3,12.6
4.61,2,69.1,16,0,0,0,0,2,4.4
5.53,1,60.8,12,6,1,0,1,3,6.82
2.73,2,66.9,8,6,1,0,0,1,2.96
9.93,3,22.6,6,4,0,1,1,2,31.17
4.0,2,43.0,13,5,1,0,1,2,7.1
4.31,2,39.4,15,0,0,0,1,2,8.07
3.65,1,51.3,9,6,1,0,1,0,5.84
15.4,4,13.0,8,4,0,0,1,1,82.86
4.81,4,7.3,5,5,1,0,2,0,43.52
7.4,3,19.8,1,1,0,0,1,1,27.61
1.22,2,31.5,5,2,0,0,1,1,2.73
0.8,3,13.4,18,3,0,0,2,2,3.5
2.79,2,63.2,10,2,0,0,0,2,2.77
11.58,3,19.5,1,4,0,0,2,0,49.14
7.11,2,30.7,13,5,1,0,1,0,16.53
16.31,2,45.0,14,3,0,0,1,3,26.8
12.61,2,31.3,11,4,0,0,1,0,32.32
3.71,3,43.2,6,6,1,0,0,1,5.53
5.77,3,36.2,18,4,0,1,0,0,9.64
13.78,1,49.4,17,5,1,0,1,2,20.19
5.41,1,72.3,11,6,1,0,0,0,4.95
9.71,3,49.3,10,3,0,0,0,2,11.45
2.42,3,13.3,7,0,0,0,2,0,13.17
7.93,3,50.3,18,0,0,0,0,1,9.81
6.37,3,14.3,15,5,1,0,2,1,34.49
3.74,1,53.7,5,5,1,0,1,3,5.19
5.9,3,23.8,10,4,0,0,1,1,17.65
7.84,3,19.6,20,1,0,0,1,0,28.55
11.33,1,89.3,12,2,0,0,0,2,8.03
15.6,2,28.9,9,0,0,3,1,2,40.57
10.47,1,31.7,16,3,0,0,2,1,26.4
13.02,4,23.9,8,4,0,0,0,2,35.27
3.38,1,43.4,14,2,0,0,1,0,6.43
2.99,3,43.9,17,5,1,0,0,1,4.68
9.01,3,13.9,19,6,1,0,2,1,47.43
2.55,3,13.9,17,2,0,1,2,1,13.42
5.55,3,20.8,10,4,0,1,1,2,17.75
10.34,3,23.6,18,2,0,0,1,2,26.65
14.26,4,14.1,20,1,0,0,1,1,63.3
8.06,2,31.3,12,4,0,3,1,3,17.0
3.17,2,29.7,0,5,1,1,1,1,8.73
6.55,3,41.5,20,2,0,0,0,1,9.88
7.03,3,43.4,7,2,0,2,0,3,9.19
4.06,1,45.2,6,5,1,0,1,2,6.2
2.0,3,26.8,9,0,0,0,1,2,4.75
10.47,2,32.6,10,2,0,1,1,2,19.93
5.65,3,31.3,18,2,0,0,1,3,12.11
9.63,4,15.0,10,6,1,1,1,1,43.68
7.59,1,91.4,3,0,0,0,0,2,5.24
5.67,4,9.8,16,4,0,1,1,2,35.41
5.16,3,17.2,17,6,1,0,1,0,21.27
6.25,4,9.4,19,0,0,1,2,1,45.14
8.97,4,11.9,11,3,0,0,1,1,48.53
0.95,3,46.1,5,3,0,0,0,1,1.5
8.83,1,46.8,14,1,0,1,1,2,12.77
8.42,3,20.7,6,2,0,0,1,2,25.9
10.42,4,8.7,0,5,1,2,2,2,76.48
14.7,2,23.0,18,3,0,0,2,2,44.36
4.13,2,27.9,11,4,0,0,2,3,10.42
2.26,1,82.4,14,4,0,0,0,2,1.57
7.33,2,69.7,16,5,1,0,0,2,6.81
6.98,2,34.0,11,3,0,1,1,1,16.59
5.25,2,24.7,3,0,0,1,1,0,15.59
8.58,2,63.7,8,6,1,1,0,2,8.5
4.34,2,72.7,7,5,1,0,0,3,3.69
5.69,2,43.4,23,1,0,0,1,3,9.57
8.81,4,8.1,18,6,1,1,2,2,67.38
5.31,1,45.0,12,0,0,1,1,1,9.86
6.99,2,26.0,4,1,0,2,1,2,16.8
5.34,2,33.2,6,5,1,1,1,2,10.22
3.22,3,19.6,19,3,0,1,1,2,9.86
10.33,1,34.6,21,6,1,1,2,3,21.94
9.81,2,62.9,1,0,0,1,0,2,10.04
9.63,3,19.6,20,3,0,1,2,2,34.92
5.98,2,43.4,10,1,0,0,1,3,9.91
10.8,4,26.5,8,4,0,1,0,2,23.15
11.07,1,45.8,5,5,1,2,1,3,17.71
13.69,3,43.1,18,0,0,0,0,0,20.38
6.05,3,52.0,12,3,0,0,0,2,7.29
7.26,2,24.2,19,1,0,0,2,1,23.77
3.21,3,42.6,8,4,0,0,0,1,5.23
14.68,2,18.1,17,0,0,2,2,0,63.3
5.41,2,32.8,6,1,0,0,1,1,11.9
2.63,1,27.5,5,0,0,1,2,2,6.63
13.91,3,12.9,6,0,0,1,2,2,66.4
5.91,1,48.0,18,6,1,1,1,3,9.21
17.91,2,32.1,16,2,0,0,1,1,43.99
6.7,1,39.1,7,6,1,0,2,2,12.37
4.04,1,44.2,10,3,0,0,1,0,7.94
10.55,4,33.9,18,2,0,0,0,3,19.48
5.68,4,10.2,9,0,0,0,2,2,37.32
9.42,3,24.2,21,1,0,0,1,2,24.77
4.2,2,63.3,21,3,0,0,0,1,4.54
8.83,2,32.2,14,1,0,0,1,1,22.16
5.12,2,34.0,16,6,1,0,1,0,11.26
10.16,2,29.0,16,1,0,1,1,0,27.73
6.24,3,26.8,8,5,1,0,1,2,15.01
7.26,3,42.9,10,4,0,0,0,1,11.92
5.62,2,32.3,6,0,0,1,1,1,13.29
6.4,2,40.5,21,1,0,0,1,2,10.82
10.05,3,17.3,17,0,0,1,1,2,34.98
3.16,2,22.1,3,2,0,0,2,0,10.89
7.79,2,24.8,14,6,1,0,2,2,21.91
23.09,1,53.7,10,5,1,0,1,2,33.89
12.81,4,14.0,19,5,1,0,1,3,54.89
5.98,3,18.7,10,2,0,0,2,1,24.41
7.01,2,24.2,16,1,0,2,1,1,21.86
4.91,2,31.2,7,5,1,0,1,1,12.11
9.24,1,48.3,14,0,0,0,1,2,13.92
2.66,3,17.5,9,4,0,1,1,1,10.87
5.12,2,18.2,7,3,0,1,2,0,20.81
4.04,4,29.5,16,6,1,0,0,2,8.48
5.02,2,30.9,16,2,0,1,1,2,11.56
7.55,2,17.9,23,6,1,2,2,2,27.54
1.07,2,25.2,17,6,1,0,2,1,3.48
5.47,2,35.1,13,2,0,0,1,1,12.91
4.75,3,20.0,21,4,0,1,1,2,15.95
11.35,3,18.1,19,1,0,0,1,0,46.36
3.56,2,57.1,14,2,0,3,0,2,3.61
7.63,1,40.9,13,2,0,0,1,1,16.44
5.99,2,41.0,21,3,0,1,1,3,9.71
11.82,3,41.9,16,4,0,0,0,1,17.44
10.91,2,22.3,17,4,0,0,2,0,37.85
16.08,3,20.5,5,0,0,2,1,2,49.53
12.06,4,5.0,17,4,0,3,2,1,156.44
7.95,4,12.3,8,5,1,0,1,2,43.51
10.49,3,14.9,6,3,0,2,1,1,54.58
5.65,2,70.9,19,5,1,0,0,2,4.78
7.1,2,36.5,17,4,0,0,1,2,12.6
7.29,2,39.3,11,0,0,0,1,2,12.65
3.68,4,5.0,11,3,0,2,2,1,49.02
11.59,1,40.7,7,2,0,1,1,0,23.51
14.1,1,52.2,0,1,0,0,1,2,21.42
6.04,3,22.1,10,2,0,0,1,3,15.72
6.33,3,23.8,7,0,0,0,1,2,17.73
4.34,3,15.2,11,3,0,1,2,1,20.66
2.94,3,23.0,19,2,0,0,1,1,9.14
9.84,1,50.7,6,0,0,0,1,2,14.2
3.08,1,37.9,5,5,1,1,1,0,6.39
2.96,3,18.5,20,6,1,0,1,2,10.8
9.48,2,54.9,18,2,0,1,0,0,12.31
7.35,4,13.4,3,6,1,0,1,1,40.95
9.87,3,21.0,5,1,0,0,1,1,34.09
4.0,1,53.5,17,5,1,0,1,2,5.57
17.25,4,11.5,10,2,0,0,1,2,97.47
3.61,4,6.3,17,2,0,0,1,1,37.39
4.75,4,13.3,11,2,0,1,1,2,22.8
4.11,3,21.2,22,0,0,1,1,0,15.06
16.96,4,18.6,17,3,0,2,0,3,53.04
5.17,3,20.9,3,4,0,0,1,2,16.1
3.41,3,18.0,9,0,0,2,1,1,12.71
22.25,1,47.4,15,5,1,0,2,3,39.31
15.43,1,45.2,6,6,1,0,1,1,29.3
12.94,2,20.6,0,4,0,0,2,1,46.51
14.94,1,73.3,5,6,1,1,0,1,13.31
3.5,2,57.3,14,5,1,0,0,1,3.98
16.1,1,45.0,16,4,0,0,1,0,30.42
5.79,4,13.0,5,2,0,0,2,2,28.49
8.14,1,92.7,17,5,1,0,0,3,5.04
6.53,1,38.1,16,1,0,0,2,2,12.73
14.03,3,48.4,21,4,0,0,0,2,17.3
0.98,2,70.6,19,5,1,0,0,2,1.5
3.16,2,27.7,21,5,1,1,1,1,8.96
14.93,1,34.9,22,4,0,2,1,1,35.74
4.39,3,40.4,12,2,0,1,0,1,7.07
13.74,1,81.1,13,1,0,0,0,1,11.18
4.24,1,93.6,9,6,1,0,0,3,2.86
5.65,4,7.4,13,2,0,2,1,1,46.9
18.02,3,49.7,7,6,1,0,0,2,23.49
10.43,3,17.5,17,4,0,0,1,1,40.3
7.43,1,75.4,1,5,1,0,0,0,6.72
9.03,2,40.5,8,0,0,0,1,3,16.89
12.09,3,24.2,8,6,1,0,1,2,33.26
7.18,2,68.5,21,5,1,0,0,2,6.75
9.46,1,42.8,7,6,1,1,1,0,18.57
22.51,2,58.8,20,6,1,1,0,1,25.96
3.32,3,22.6,6,4,0,0,1,0,11.02
7.39,1,61.3,16,0,0,0,1,3,9.2
4.89,3,19.5,9,3,0,1,1,1,19.28
3.74,3,49.4,9,1,0,0,0,2,5.26
7.34,3,60.4,23,5,1,0,0,3,7.4
3.79,1,49.4,8,6,1,0,1,2,5.68
3.42,1,45.5,8,6,1,1,1,2,4.84
6.26,1,48.9,15,3,0,1,1,2,8.99
9.3,4,15.8,18,2,0,0,1,2,38.11
8.88,4,25.1,23,4,0,0,0,1,22.0
6.34,3,22.1,17,3,0,0,1,0,22.94
2.65,1,78.8,14,1,0,0,0,1,2.49
2.54,4,11.1,11,0,0,0,2,1,17.21
8.3,1,79.4,15,0,0,0,0,1,6.94
4.47,1,73.3,15,2,0,0,0,0,4.31
7.64,2,32.8,8,6,1,0,1,1,19.05
7.05,2,64.4,17,2,0,0,0,0,6.48
1.67,3,10.9,8,4,0,1,2,0,10.46
15.08,2,24.9,13,6,1,0,2,2,45.17
2.52,4,16.8,8,3,0,0,1,3,9.88
5.75,3,9.0,9,4,0,2,2,2,42.75
2.88,3,22.3,16,0,0,0,1,1,8.71
4.4,1,69.8,4,0,0,0,0,1,4.08
4.75,2,20.0,0,5,1,0,2,1,18.1
5.04,2,22.8,6,3,0,0,2,0,18.65
5.86,1,57.3,7,4,0,0,1,3,7.8
16.92,3,24.2,7,6,1,0,1,2,43.89
3.64,4,7.5,18,2,0,0,2,0,32.68
9.49,2,30.4,12,3,0,3,1,2,22.18
12.88,2,64.5,12,5,1,0,0,1,14.25
8.92,2,63.7,16,2,0,0,0,1,9.47
14.4,1,29.5,17,6,1,1,2,2,35.4
8.97,1,34.8,0,3,0,2,1,1,21.59
8.82,3,22.4,19,2,0,0,1,3,24.31
13.09,2,18.6,23,1,0,3,2,2,45.78
8.1,2,57.0,6,0,0,1,0,1,10.55
12.92,1,47.9,16,5,1,0,1,1,26.36
8.08,1,53.1,0,3,0,0,1,2,11.07
12.79,4,23.8,3,5,1,0,0,2,31.91
16.02,3,25.5,9,6,1,0,1,1,44.56
5.31,1,31.1,19,6,1,0,2,1,17.54
4.83,1,80.9,16,1,0,0,0,2,3.78
14.38,1,27.2,12,3,0,1,2,2,38.72
12.65,3,15.2,12,0,0,0,2,0,61.58
1.88,1,33.1,12,5,1,1,2,2,4.21
7.7,4,10.0,9,0,0,0,1,1,47.54
17.94,2,28.0,20,2,0,0,2,2,43.93
3.15,2,33.9,15,5,1,1,1,0,7.77
2.85,4,6.0,13,0,0,0,2,0,33.24
4.31,1,41.2,12,5,1,1,1,2,7.18
5.09,1,40.6,21,5,1,1,1,1,10.49
2.13,2,58.9,17,6,1,0,0,0,2.3
3.18,3,45.7,7,0,0,0,0,1,4.91
1.99,4,14.9,11,0,0,0,1,3,8.45
7.55,3,23.2,9,4,0,1,1,1,23.11
7.46,2,31.1,23,4,0,1,1,1,20.34
14.45,4,7.2,11,0,0,0,2,2,118.8
7.92,1,78.0,4,6,1,0,0,1,7.56
9.39,1,37.9,11,5,1,0,2,2,17.49
9.97,3,49.0,9,6,1,0,0,2,12.36
3.54,1,41.1,15,5,1,3,1,1,6.95
3.25,2,30.2,8,4,0,0,1,0,8.92
2.92,3,46.4,2,6,1,0,0,1,4.39
5.08,3,21.4,5,3,0,1,1,2,15.25
4.81,2,34.8,9,5,1,0,1,2,10.21
6.96,3,20.4,10,1,0,0,1,0,23.61
10.42,3,14.9,19,1,0,0,2,2,41.86
9.38,4,24.2,8,4,0,1,0,1,23.07
4.78,1,45.0,1,6,1,0,1,1,9.31
4.25,4,15.0,18,1,0,0,1,2,17.46
4.6,3,16.6,20,4,0,0,1,2,17.22
5.0,2,28.5,13,2,0,1,1,0,13.54
2.4,2,21.9,9,5,1,0,2,1,7.81
7.98,4,15.8,18,0,0,0,1,2,33.12
17.99,2,35.4,0,1,0,0,1,1,40.79
6.74,3,22.0,21,0,0,0,1,1,22.92
6.93,3,42.4,19,6,1,0,0,0,9.92
8.67,4,11.2,14,1,0,0,1,3,49.47
3.12,4,14.4,9,3,0,1,1,1,15.91
4.34,1,44.3,2,3,0,0,1,1,8.69
4.64,1,48.4,23,4,0,0,1,0,8.01
3.02,3,20.8,18,0,0,0,2,2,10.49
15.91,3,28.2,10,4,0,0,1,3,38.14
10.25,2,30.8,1,2,0,2,1,3,21.71
10.68,2,33.5,16,4,0,0,1,1,24.83
5.38,1,37.6,23,5,1,0,2,3,10.68
7.26,4,9.1,17,6,1,1,1,1,50.15
5.09,2,22.7,5,5,1,0,2,1,17.91
5.81,3,18.8,11,4,0,0,2,2,22.4
6.95,2,32.8,6,4,0,0,1,2,12.99
6.03,3,25.6,20,1,0,0,1,1,18.03
6.9,4,17.7,9,1,0,1,1,1,28.84
2.19,2,41.5,17,2,0,0,1,3,3.74
3.16,3,41.8,5,0,0,1,0,1,5.09
5.08,1,34.6,6,3,0,1,2,3,10.73
5.65,2,67.3,17,6,1,0,0,2,5.41
5.65,2,60.6,19,0,0,0,0,0,6.19
9.21,3,15.6,8,3,0,0,2,1,45.99
7.72,4,11.1,11,1,0,1,1,0,47.73
8.42,1,80.8,16,6,1,0,0,0,7.55
4.59,3,28.6,18,4,0,0,1,2,10.93
3.51,2,33.2,16,5,1,0,1,0,7.93
5.94,1,36.7,5,2,0,1,1,0,12.25
9.83,1,46.9,14,6,1,0,1,1,19.01
15.54,4,14.6,20,2,0,0,1,2,66.7
4.68,2,64.9,20,5,1,0,0,1,4.74
15.51,2,31.0,15,2,0,0,1,1,39.77
3.26,2,67.8,23,0,0,0,0,1,3.27
2.33,1,43.0,5,1,0,0,1,1,4.67
5.54,4,11.1,12,6,1,3,1,3,32.92
3.52,4,16.4,18,1,0,0,1,3,13.47
4.22,1,39.8,6,4,0,0,1,0,8.62
11.24,1,40.7,22,6,1,0,1,0,22.98
10.63,1,43.9,10,5,1,0,1,0,22.28
7.74,1,47.8,10,5,1,0,1,1,13.54
7.38,4,14.2,8,0,0,0,1,3,35.73
4.18,3,19.2,9,4,0,0,1,2,13.95
5.99,1,22.5,15,3,0,2,2,1,22.31
5.39,3,23.2,11,1,0,0,1,2,15.62
2.71,2,30.6,7,2,0,1,2,3,6.51
17.08,1,44.7,18,6,1,0,1,1,34.67
5.48,1,55.7,4,5,1,0,1,3,7.01
3.34,3,13.0,19,4,0,0,2,2,16.79
2.52,4,9.9,9,3,0,1,1,0,17.04
8.73,1,52.4,13,2,0,0,1,2,11.81
16.26,2,25.5,10,2,0,1,1,0,48.54
19.22,3,23.7,15,4,0,0,1,0,63.82
6.23,3,17.0,18,4,0,0,1,2,22.64
5.48,1,68.6,23,4,0,2,0,3,5.21
7.01,4,7.1,9,1,0,3,2,1,65.5
6.91,1,38.8,14,5,1,1,1,0,14.5
1.66,2,65.1,12,5,1,1,0,2,1.51
5.07,4,7.7,23,0,0,0,2,1,42.18
8.02,2,26.9,18,5,1,0,2,2,21.11
8.99,4,16.8,11,4,0,0,1,1,33.59
9.37,1,41.2,12,5,1,3,1,2,15.41
6.86,3,9.5,8,1,0,1,2,1,49.58
3.24,2,31.0,18,6,1,0,1,0,7.84
6.13,4,14.6,19,0,0,0,1,2,26.75
13.21,2,28.8,22,6,1,3,1,2,31.17
8.37,2,32.6,15,3,0,0,1,1,20.54
5.62,2,19.0,17,0,0,2,2,2,19.72
20.21,1,44.9,12,1,0,1,1,1,39.11
7.07,1,50.1,16,1,0,0,1,1,12.77
6.07,2,62.9,10,5,1,0,0,1,6.96
9.84,4,10.8,18,0,0,2,1,1,60.51
3.02,3,20.9,1,0,0,0,1,1,9.97
5.48,1,31.5,1,5,1,1,2,2,12.44
6.16,3,30.2,17,6,1,0,1,3,14.09
2.08,4,10.0,21,1,0,0,1,1,13.78
7.46,3,19.8,16,1,0,0,2,3,26.86
8.96,1,77.6,17,3,0,0,0,1,7.62
4.77,4,14.4,19,1,0,0,1,1,22.81
10.13,3,12.4,10,1,0,2,2,0,55.14
12.1,2,36.8,6,2,0,1,1,2,23.94
12.96,3,49.4,21,2,0,0,0,2,16.46
3.31,3,16.6,21,2,0,0,2,2,11.88
7.3,1,51.0,12,4,0,0,1,2,9.94
9.52,1,64.4,8,5,1,2,0,3,9.24
7.28,4,30.7,20,4,0,0,0,2,13.03
11.62,4,16.1,17,1,0,0,1,3,43.23
7.64,4,11.2,0,2,0,0,1,2,39.21
3.24,3,18.9,6,5,1,3,1,1,12.33
11.74,1,46.6,23,3,0,1,1,2,18.22
7.15,2,36.1,2,3,0,0,1,1,15.59
15.81,2,19.7,9,6,1,1,2,1,61.14
3.25,1,40.6,14,3,0,1,1,1,7.17
7.23,3,14.6,7,1,0,0,2,2,31.15
15.15,3,20.6,8,5,1,2,1,2,44.14
7.74,2,47.9,10,2,0,2,0,2,9.69
10.47,3,46.9,8,1,0,0,0,2,14.08
12.35,3,21.0,18,6,1,0,1,1,44.08
6.97,1,48.2,13,6,1,0,1,1,13.4
3.95,4,24.2,9,1,0,1,0,1,9.28
11.23,3,25.8,9,3,0,0,1,2,29.62
6.21,3,20.4,2,2,0,0,1,0,20.62
1.59,2,70.9,3,4,0,0,0,3,1.5
13.59,3,23.7,17,0,0,0,1,1,42.95
16.92,3,16.7,6,1,0,3,1,0,69.79
4.62,2,21.5,12,2,0,0,2,0,16.29
6.79,3,48.9,19,0,0,1,0,2,7.6
17.72,3,18.1,10,0,0,1,1,2,61.08
15.32,1,42.1,10,6,1,3,1,2,24.94
9.54,3,18.8,20,4,0,3,1,2,34.07
14.51,3,38.0,19,4,0,0,0,0,24.66
5.97,1,33.2,20,1,0,2,1,1,14.17
2.66,1,47.7,15,1,0,0,1,1,5.66
12.89,2,60.5,22,2,0,0,0,0,13.69
6.66,1,29.4,19,6,1,1,2,1,20.23
2.21,3,17.0,11,4,0,2,1,2,9.32
4.73,2,62.0,16,5,1,0,0,1,5.16
5.82,2,43.1,6,6,1,0,1,3,9.47
6.25,3,33.7,14,4,0,1,0,1,11.74
4.25,1,55.0,8,5,1,0,1,2,5.68
3.44,3,49.5,9,2,0,0,0,3,4.19
2.01,2,27.4,6,5,1,1,1,0,5.8
1.96,4,28.3,10,4,0,1,0,3,4.34
6.57,1,78.1,13,3,0,0,0,1,5.48
7.88,1,54.5,15,0,0,0,1,3,10.34
3.39,3,19.8,9,3,0,0,2,2,11.55
14.32,3,17.9,18,0,0,1,2,2,54.64
5.21,3,48.6,14,5,1,0,0,0,7.26
6.26,2,37.3,16,2,0,1,1,3,11.44
6.03,2,32.8,9,2,0,0,1,1,13.81
1.74,3,42.6,19,0,0,0,0,0,2.46
11.69,1,51.5,16,0,0,1,1,2,16.91
9.42,4,15.7,19,0,0,0,1,3,39.01
14.59,2,73.4,7,0,0,0,0,3,12.21
14.05,3,21.6,10,1,0,0,1,2,41.53
8.74,3,43.9,6,4,0,0,0,1,12.6
9.8,4,12.8,8,4,0,0,1,2,49.12
3.23,3,19.5,11,2,0,0,1,1,10.6
5.24,3,18.5,20,1,0,0,1,1,20.91
6.0,2,24.7,14,0,0,1,2,2,16.31
4.79,3,14.1,9,1,0,0,2,2,19.97
13.86,3,22.9,18,0,0,0,1,3,40.15
7.42,2,32.5,1,5,1,0,1,0,18.07
4.01,3,33.5,10,4,0,2,0,0,7.02
13.36,4,7.9,15,0,0,0,2,1,111.31
7.57,1,35.7,15,5,1,2,1,2,15.42
11.41,1,45.0,15,4,0,0,1,1,21.43
3.19,2,64.5,8,0,0,1,0,2,3.19
7.92,1,47.6,10,5,1,0,1,2,13.1
3.89,1,28.2,21,6,1,3,2,3,10.05
7.67,1,44.6,22,2,0,1,1,3,12.95
9.43,3,16.5,9,4,0,0,1,1,40.73
2.98,1,75.1,16,5,1,0,0,1,2.74
6.51,3,21.7,8,2,0,0,1,1,22.09
3.17,2,66.0,10,1,0,0,0,2,3.14
11.76,1,48.8,18,6,1,0,1,2,16.8
6.92,2,30.5,13,0,0,0,1,0,17.16
4.0,2,60.3,19,1,0,1,0,1,4.61
4.69,1,44.8,16,0,0,0,1,1,8.86
5.13,1,80.6,16,4,0,0,0,1,4.24
14.46,3,28.9,2,0,0,0,1,2,34.03
6.38,2,24.1,18,5,1,0,2,0,19.82
10.64,2,67.6,23,3,0,0,0,2,9.39
6.56,1,46.3,12,3,0,0,1,1,12.61
3.24,2,63.3,7,3,0,1,0,2,3.54
4.66,2,71.5,23,2,0,0,0,2,3.93
8.14,3,18.6,9,3,0,0,1,1,30.82
1.75,3,20.3,11,0,0,0,1,2,5.48
8.95,1,35.2,4,1,0,2,1,0,23.28
4.27,2,32.4,6,2,0,0,1,1,10.65
7.39,4,28.8,8,4,0,0,0,2,15.56
4.78,1,80.7,14,6,1,0,0,1,4.07
9.94,3,44.5,14,2,0,0,0,1,14.04
6.85,2,26.9,15,5,1,0,2,2,17.24
9.73,4,25.4,15,5,1,0,0,1,24.63
2.02,1,67.8,13,1,0,2,0,2,1.91
5.95,1,93.1,18,6,1,0,0,3,4.05
4.22,2,33.1,21,3,0,0,1,0,11.5
8.8,1,51.2,8,6,1,0,1,2,12.43
11.68,1,77.3,6,1,0,0,0,0,10.07
11.44,3,14.4,11,2,0,0,2,2,51.26
14.9,2,34.3,1,2,0,0,1,1,33.54
11.84,2,34.8,20,2,0,0,1,2,23.13
5.91,4,11.4,8,1,0,0,1,1,35.81
3.6,1,80.9,14,0,0,0,0,1,3.03
2.13,3,22.3,6,0,0,0,1,2,6.84
3.5,1,34.4,14,5,1,0,2,2,7.74
1.88,3,42.4,2,3,0,0,0,1,2.81
2.73,1,26.9,18,6,1,1,2,1,8.91
7.78,1,58.6,22,5,1,0,1,2,9.56
2.02,2,26.0,9,4,0,0,2,1,6.68
8.37,4,12.2,8,1,0,0,1,0,48.96
4.67,2,66.9,12,0,0,0,0,2,4.41
7.03,1,45.5,16,3,0,0,1,1,12.51
7.14,2,29.5,7,4,0,1,1,2,16.55
14.93,3,38.5,18,3,0,3,0,0,24.74
7.29,4,7.6,8,3,0,2,1,1,57.29
2.82,2,33.7,0,5,1,0,1,2,5.78
3.73,2,32.1,14,5,1,0,1,0,9.02
7.13,1,81.1,6,4,0,0,0,2,5.42
5.75,2,30.0,17,6,1,1,1,1,13.79
7.32,1,50.2,7,2,0,0,1,1,14.03
8.46,3,22.5,19,0,0,0,1,1,26.36
3.83,1,86.6,12,6,1,0,0,2,3.19
8.61,2,31.5,15,0,0,0,1,1,22.34
9.18,1,29.7,7,4,0,0,2,1,28.87
7.39,4,29.5,7,0,0,0,0,3,15.35
17.46,3,20.9,16,1,0,0,1,2,55.29
2.18,2,65.6,8,1,0,0,0,2,1.96
16.26,3,19.7,10,1,0,0,1,1,60.29
5.42,2,27.8,13,4,0,0,2,2,13.04
4.19,3,19.8,8,5,1,1,1,2,12.01
8.79,4,10.1,18,3,0,2,1,1,57.59
4.69,3,34.3,21,3,0,2,0,1,7.96
11.25,3,24.3,11,2,0,0,1,1,35.08
5.33,2,70.8,21,2,0,0,0,3,4.61
12.13,3,24.2,20,1,0,0,1,2,32.88
3.39,3,22.9,7,1,0,0,1,2,9.45
8.06,2,67.9,7,4,0,0,0,1,8.54
3.99,4,11.2,12,1,0,0,2,3,21.74
8.23,1,80.3,14,1,0,0,0,1,7.59
2.51,4,8.2,10,1,0,0,2,0,21.12
2.66,1,83.6,9,0,0,0,0,2,1.98
5.3,4,6.2,11,3,0,3,2,2,51.67
12.44,1,43.1,17,6,1,1,1,1,22.94
2.25,1,33.3,5,0,0,0,2,0,5.64
13.72,4,12.9,17,5,1,0,1,3,65.19
8.24,4,9.7,21,1,0,0,1,2,54.1
11.89,2,32.9,18,6,1,0,1,1,31.36
6.85,1,48.1,7,1,0,0,1,1,12.75
7.44,1,26.3,5,0,0,1,2,0,23.25
5.84,2,34.4,13,0,0,1,1,2,11.2
5.45,2,36.1,22,4,0,0,1,1,10.97
10.1,3,50.5,19,4,0,0,0,3,11.92
3.39,2,16.6,15,1,0,3,2,0,15.2
6.76,2,64.7,7,0,0,0,0,1,6.98
2.21,3,33.8,17,5,1,3,0,1,4.08
2.75,4,33.0,19,4,0,0,0,2,5.04
6.37,3,25.2,21,6,1,0,1,2,17.4
4.47,1,47.1,16,2,0,0,1,1,9.08
5.93,1,59.9,13,0,0,2,0,1,7.0
3.76,2,33.3,16,3,0,0,1,0,10.08
9.47,4,23.6,21,6,1,3,0,1,24.45
2.88,2,35.3,16,2,0,0,1,1,6.02
16.55,2,40.8,8,2,0,0,1,3,26.59
13.36,3,48.7,16,6,1,0,0,2,17.5
8.81,2,60.0,20,5,1,0,0,1,10.87
2.6,1,80.2,15,0,0,0,0,1,2.42
5.94,2,40.7,13,6,1,0,1,3,9.94
9.12,1,78.8,17,5,1,0,0,1,8.61
11.53,2,29.5,16,6,1,1,1,1,31.1
11.5,1,45.7,3,1,0,1,1,1,22.65
10.23,3,34.1,17,3,0,2,0,1,19.06
1.43,3,49.1,11,4,0,0,0,2,1.81
3.49,1,48.7,21,5,1,0,1,0,6.13
10.39,1,44.2,22,4,0,0,1,0,19.84
4.65,2,26.9,12,1,0,0,2,2,12.07
7.97,2,45.5,22,3,0,0,1,3,13.43
17.16,1,29.0,9,5,1,0,2,1,52.1
4.51,1,82.8,17,3,0,1,0,3,3.81
11.99,1,87.4,4,2,0,1,0,3,8.45
8.22,1,34.5,7,2,0,2,1,1,19.58
21.47,3,15.5,19,3,0,0,1,1,86.45
8.24,3,36.4,20,5,1,3,0,2,14.41
4.7,1,89.8,14,5,1,0,0,3,2.92
6.78,1,80.8,10,5,1,1,0,3,5.54
3.35,3,22.5,12,0,0,0,1,1,11.51
9.99,2,26.3,20,5,1,2,1,1,28.11
5.23,3,23.1,8,0,0,0,1,2,13.92
6.77,3,12.8,9,0,0,1,2,1,36.2
12.53,4,17.4,18,3,0,0,1,3,43.25
3.11,3,50.0,21,4,0,0,0,2,3.86
11.56,3,13.3,5,0,0,0,2,1,62.24
2.4,3,14.4,18,4,0,1,1,1,11.32
6.27,3,18.2,16,0,0,0,1,2,23.6
8.84,2,57.5,8,3,0,0,0,0,10.36
10.39,3,57.6,18,0,0,0,0,3,11.62
3.3,1,29.5,17,5,1,0,2,1,9.69
17.31,3,20.0,6,4,0,0,1,2,54.72
8.92,4,13.4,13,1,0,0,1,2,40.48
10.46,1,25.5,18,5,1,2,2,2,26.82
8.96,2,18.6,7,4,0,2,2,2,34.16
3.39,1,75.2,12,1,0,0,0,1,3.1
4.25,2,23.3,6,5,1,0,2,1,14.98
13.44,3,44.8,9,4,0,0,0,2,19.37
13.69,3,11.0,8,5,1,1,2,2,79.32
1.66,1,35.1,13,5,1,0,2,1,4.13
9.93,2,32.6,6,6,1,0,1,1,23.76
6.2,1,48.1,10,6,1,0,1,1,12.25
8.6,4,7.0,9,0,0,1,1,2,78.1
7.5,1,42.2,18,0,0,3,1,2,11.96
7.43,4,25.8,17,4,0,1,0,2,18.02
3.88,2,56.0,5,0,0,1,0,1,4.83
11.72,3,12.6,22,0,0,0,2,2,65.96
4.67,2,31.1,18,3,0,0,1,0,12.57
6.12,1,47.5,16,2,0,1,1,3,9.39
3.94,1,46.2,12,2,0,0,1,1,7.7
6.77,1,26.2,7,5,1,0,2,1,21.78
2.91,2,29.5,22,6,1,0,1,1,6.98
4.82,4,24.5,0,4,0,0,0,2,11.08
11.68,3,25.2,17,2,0,0,1,2,30.6
3.24,1,29.9,13,1,0,1,2,1,9.94
9.87,3,13.5,20,4,0,0,2,2,45.8
2.73,1,23.1,10,4,0,1,2,1,9.19
4.48,2,44.0,13,1,0,0,1,2,6.77
4.53,2,22.1,18,2,0,0,2,1,16.39
11.08,3,22.9,3,1,0,0,1,2,30.13
13.76,2,81.6,3,0,0,0,0,3,11.96
5.5,4,13.6,8,4,0,0,1,0,26.56
2.9,2,24.5,7,3,0,0,2,1,10.36
4.96,3,21.5,0,6,1,0,1,0,17.95
5.22,1,56.6,16,1,0,0,1,3,6.64
4.86,3,42.0,18,6,1,0,0,1,7.4
6.2,2,35.4,22,4,0,0,1,1,14.89
3.95,1,28.3,12,5,1,1,2,2,9.33
3.01,3,49.7,9,5,1,0,0,2,3.93
1.82,2,24.0,19,6,1,1,2,2,4.55
10.8,4,27.0,19,4,0,0,0,2,24.16
7.46,2,18.1,16,1,0,3,2,3,28.25
9.36,1,43.2,9,6,1,0,1,0,17.17
8.66,4,21.9,20,3,0,1,0,0,25.04
6.47,1,92.0,7,4,0,0,0,3,4.1
6.19,1,30.8,2,0,0,2,2,3,13.95
17.09,3,23.1,18,0,0,1,1,1,61.33
4.9,2,31.5,15,6,1,0,1,1,13.03
6.87,3,46.9,8,0,0,0,0,1,9.39
5.18,3,49.5,17,3,0,0,0,2,6.42
3.54,3,25.8,18,2,0,0,1,2,8.9
21.19,2,33.2,19,0,0,0,1,1,47.34
9.12,2,22.2,9,6,1,0,2,1,31.98
4.43,1,46.4,1,6,1,0,1,1,8.06
3.84,2,28.6,13,1,0,0,1,0,11.86
9.86,4,7.6,19,2,0,0,1,0,83.22
12.19,4,12.2,8,1,0,0,1,0,65.61
3.21,4,26.0,11,3,0,0,0,0,7.82
6.04,4,8.2,8,0,0,0,2,1,51.39
6.84,2,31.4,0,4,0,0,1,0,17.33
6.88,3,48.6,20,6,1,0,0,2,9.0
7.69,1,37.7,6,0,0,0,2,2,16.24
5.68,3,20.3,18,3,0,0,2,2,18.66
6.33,3,20.4,10,0,0,0,2,2,21.39
6.54,1,31.1,9,6,1,1,2,2,14.69
3.09,2,45.8,21,0,0,2,0,0,4.3
16.86,1,25.7,16,0,0,1,2,0,52.8
10.19,3,25.9,17,3,0,0,1,3,27.87
11.82,3,23.5,18,0,0,0,1,1,38.44
7.87,1,26.7,10,5,1,1,2,0,26.03
21.55,1,37.3,15,4,0,3,1,1,47.4
0.86,2,33.1,8,6,1,0,2,3,2.03
7.01,3,14.6,19,6,1,2,1,1,35.41
3.76,2,31.1,15,4,0,1,1,1,9.79
7.34,4,12.3,8,2,0,3,1,2,37.5
14.97,3,26.7,20,2,0,0,1,3,37.71
9.73,1,45.6,15,2,0,0,1,0,18.96
6.58,2,27.0,13,2,0,0,2,1,21.06
15.85,2,75.9,2,4,0,0,0,3,12.96
11.19,4,6.0,20,2,0,0,2,0,124.8
9.15,2,24.4,22,1,0,2,1,0,27.22
9.01,1,25.9,15,5,1,1,2,0,31.27
10.82,2,39.6,12,3,0,0,1,2,17.91
4.67,3,15.5,10,5,1,0,2,1,21.73
4.3,2,37.8,8,3,0,0,1,2,8.19
3.52,2,22.4,15,4,0,3,2,2,10.26
4.8,3,26.1,6,3,0,0,1,2,11.42
15.29,3,12.9,21,3,0,0,2,2,79.23
6.04,4,7.9,7,6,1,0,2,3,49.43
15.48,4,18.8,18,0,0,0,1,2,52.95
4.58,3,19.4,9,2,0,0,1,0,16.73
12.47,1,47.6,8,6,1,0,1,1,22.78
13.8,3,43.5,14,2,0,1,0,2,20.63
7.42,3,23.7,18,6,1,0,1,2,22.07
5.99,3,16.0,17,6,1,0,2,2,25.32
4.09,4,14.5,8,0,0,3,1,3,18.8
11.62,2,31.5,9,4,0,0,1,1,29.61
5.85,2,29.2,20,1,0,0,1,0,16.77
5.41,3,53.5,17,4,0,0,0,3,6.11
8.38,4,12.8,17,1,0,1,1,1,43.52
9.75,3,12.7,8,1,0,0,2,0,56.17
3.95,4,10.6,18,6,1,0,1,2,23.08
8.36,2,37.1,10,0,0,0,1,2,15.5
13.83,4,10.4,11,4,0,3,1,2,87.25
3.47,3,50.8,9,2,0,0,0,3,4.04
11.77,2,62.6,6,6,1,0,0,1,12.16
11.71,2,59.3,11,5,1,0,0,0,12.93
12.28,1,97.7,0,4,0,0,0,3,7.94
9.99,3,16.3,12,4,0,0,2,1,44.39
9.69,1,56.0,17,5,1,0,1,2,11.51
11.54,1,68.6,22,1,0,1,0,1,11.41
8.36,1,51.5,5,1,0,0,1,2,12.81
5.16,2,42.8,9,2,0,0,1,3,8.42
5.09,2,65.1,13,5,1,0,0,0,5.51
6.45,1,45.1,7,5,1,0,1,0,11.02
10.38,1,84.9,6,2,0,1,0,3,7.97
6.56,2,38.8,12,5,1,0,1,2,12.34
5.94,2,60.2,15,1,0,0,0,0,6.84
12.22,3,17.3,19,4,0,0,1,1,49.39
7.55,3,43.8,23,1,0,0,0,1,12.06
2.79,3,47.7,18,3,0,0,0,3,3.63
3.52,2,21.0,8,3,0,0,2,1,12.12
3.24,4,16.8,18,1,0,0,1,2,12.6
6.66,1,45.0,14,2,0,0,1,0,13.34
3.61,2,56.7,12,1,0,1,0,1,4.43
5.98,3,22.3,21,4,0,0,1,2,18.44
4.9,2,55.8,17,3,0,0,0,0,5.81
2.43,2,24.5,17,0,0,0,2,1,8.49
3.47,1,54.5,0,2,0,0,1,2,4.63
15.81,4,12.9,19,0,0,0,1,1,79.4
5.52,4,12.9,18,2,0,0,1,2,26.68
5.3,3,49.4,9,0,0,0,0,2,6.9
5.14,3,28.0,9,0,0,0,1,2,12.26
7.84,1,79.2,3,5,1,0,0,1,6.63
6.79,1,68.0,3,6,1,1,0,1,6.5
17.79,3,25.2,17,1,0,0,1,2,47.96
12.65,1,29.7,7,2,0,0,2,3,29.68
17.48,1,52.2,21,5,1,0,1,2,24.22
10.28,4,9.5,19,3,0,0,1,2,65.12
9.56,2,17.3,10,0,0,3,2,1,41.54
3.37,4,15.8,10,1,0,0,1,1,14.48
1.65,3,20.7,9,4,0,0,1,2,5.19
2.75,2,23.5,5,2,0,0,2,2,8.23
2.52,1,70.5,1,2,0,1,0,1,2.85
6.16,2,79.2,12,3,0,0,0,3,4.92
11.28,3,23.5,21,0,0,1,1,3,30.22
4.53,2,28.0,21,1,0,2,1,2,10.53
3.88,4,22.1,18,0,0,1,0,1,11.84
10.77,1,42.4,16,1,0,0,1,1,22.23
3.9,4,35.2,19,3,0,0,0,3,6.71
15.31,2,22.8,13,0,0,0,2,1,55.08
3.56,1,32.3,7,4,0,0,2,2,7.25
11.25,3,44.9,17,3,0,1,0,3,14.5
7.94,2,33.0,21,3,0,0,1,1,18.39
1.24,1,54.7,1,2,0,0,1,2,1.6
4.13,2,58.9,8,1,0,0,0,0,4.44
11.62,1,33.7,8,5,1,0,2,2,26.07
2.48,3,19.9,5,0,0,1,1,1,8.72
5.33,2,66.1,8,1,0,0,0,2,4.83
2.56,3,15.8,10,3,0,1,1,0,11.47
6.18,3,8.8,21,0,0,3,2,1,49.96
8.44,3,47.2,19,4,0,1,0,2,11.0
7.24,2,59.1,21,1,0,0,0,1,8.3
7.6,4,29.8,6,1,0,1,0,2,16.06
7.22,2,71.1,1,4,0,0,0,2,5.79
5.83,1,86.9,6,5,1,0,0,2,4.25
10.55,2,25.5,21,5,1,0,2,2,29.04
2.43,1,57.9,7,3,0,0,1,3,3.04
14.84,3,16.6,15,5,1,0,1,2,56.99
7.41,3,43.3,8,1,0,0,0,1,10.63
2.66,1,62.3,1,2,0,3,0,0,2.94
13.74,1,30.7,5,2,0,1,2,2,30.94
5.95,3,39.0,17,0,0,1,0,1,9.76
4.83,1,36.4,7,4,0,0,2,1,12.48
2.7,4,11.7,8,3,0,0,1,0,15.11
4.49,3,26.7,10,2,0,0,1,2,11.32
10.85,2,68.9,16,0,0,1,0,3,10.35
3.75,2,27.3,12,6,1,3,1,1,10.96
10.97,4,6.2,21,0,0,1,2,2,119.44
5.36,4,19.1,11,5,1,2,0,0,17.54
3.42,3,52.9,8,1,0,0,0,2,4.6
4.64,3,25.5,14,3,0,0,1,0,15.6
8.77,4,14.9,12,6,1,0,1,1,43.27
7.6,3,18.1,18,6,1,0,1,1,29.1
15.8,1,42.4,21,6,1,1,1,1,33.69
5.53,1,33.0,19,6,1,2,1,1,14.66
11.16,1,51.2,10,5,1,0,1,2,15.86
6.16,2,55.3,8,5,1,1,0,0,7.41
3.97,1,57.5,21,6,1,0,1,3,5.29
3.01,2,33.9,10,2,0,0,1,2,5.97
5.58,2,23.4,18,4,0,0,2,1,19.17
6.63,1,33.6,23,5,1,0,2,2,14.58
13.49,2,62.5,15,1,0,1,0,2,14.14
15.69,2,37.2,13,2,0,0,1,2,27.37
15.67,1,30.1,17,0,0,0,2,2,36.56
4.26,4,16.7,7,5,1,1,1,3,16.6
3.7,1,99.5,13,4,0,0,0,3,2.36
4.5,4,11.2,9,0,0,1,2,3,25.46
6.05,1,46.8,7,5,1,1,1,3,9.5
2.03,3,24.8,16,1,0,0,1,2,5.47
3.54,3,17.4,15,4,0,0,1,1,14.51
12.97,3,25.7,18,4,0,0,1,1,37.74
7.86,4,34.1,20,1,0,0,0,2,13.0
4.73,2,26.1,8,6,1,0,2,3,12.63
2.2,4,6.0,18,0,0,0,2,0,25.85
7.75,2,37.6,10,5,1,1,1,3,15.46
6.87,1,53.6,16,4,0,0,1,2,9.85
3.54,3,20.8,19,3,0,0,1,0,11.41
9.91,2,71.3,8,3,0,0,0,2,9.02
4.87,1,37.1,15,5,1,0,2,3,10.12
7.31,4,21.6,13,0,0,3,0,3,21.64
15.58,3,39.7,18,4,0,1,0,0,24.46
9.61,2,31.1,17,6,1,0,2,3,20.56
2.72,3,30.2,18,0,0,2,0,1,6.18
9.63,4,13.3,9,3,0,0,1,0,50.45
4.35,3,17.7,17,4,0,1,2,1,20.72
8.81,3,21.4,15,4,0,0,1,1,30.64
11.1,1,87.5,12,5,1,0,0,2,8.81
7.31,4,22.3,10,5,1,1,0,1,20.02
2.87,1,33.7,9,5,1,0,2,1,7.72
1.54,2,32.4,0,5,1,0,1,0,3.67
12.41,1,42.4,7,0,0,1,1,1,23.88
14.55,1,93.8,3,6,1,0,0,3,10.96
4.19,3,14.0,19,4,0,0,2,2,19.43
1.36,2,35.6,19,0,0,0,1,2,2.69
2.5,1,44.1,19,6,1,1,1,1,4.91
5.0,4,10.9,19,2,0,0,1,0,30.04
11.05,1,57.0,8,6,1,0,1,3,14.29
1.37,2,72.7,13,2,0,0,0,3,1.5
13.31,2,19.6,20,6,1,0,2,0,54.75
12.44,2,68.1,18,6,1,0,0,2,11.06
13.17,1,80.3,0,3,0,0,0,1,11.82
3.35,1,80.8,12,3,0,0,0,2,2.45
11.57,2,63.4,0,1,0,0,0,1,12.49
6.78,3,23.6,9,2,0,0,1,2,18.59
3.21,4,21.9,11,6,1,1,0,0,9.11
7.26,3,47.0,20,6,1,1,0,2,9.18
6.64,3,20.8,16,2,0,0,2,1,26.43
2.5,2,26.1,10,6,1,0,2,1,7.85
9.37,4,13.7,13,5,1,0,1,1,44.09
6.45,2,30.3,19,5,1,1,1,1,15.14
5.24,3,53.7,9,1,0,0,0,2,6.48
5.11,1,29.8,16,0,0,0,2,0,13.53
8.05,2,66.4,8,2,0,1,0,3,7.69
4.88,1,56.8,13,5,1,0,1,3,6.03
1.59,1,88.8,1,2,0,0,0,2,1.5
3.09,1,54.3,19,6,1,0,1,3,4.08
6.49,1,41.0,3,3,0,3,1,2,12.53
4.7,2,39.6,8,1,0,0,1,2,8.21
5.19,1,91.2,9,1,0,0,0,2,3.43
3.44,2,30.9,16,3,0,0,1,0,8.47
3.47,1,84.7,17,6,1,0,0,2,2.66
8.84,1,75.0,5,2,0,0,0,0,8.33
7.19,4,24.1,2,4,0,0,0,3,18.91
3.79,2,36.6,18,1,0,0,1,3,6.9
5.08,1,45.1,17,2,0,0,1,0,9.35
10.13,4,31.6,19,0,0,0,0,2,20.6
3.0,1,46.2,17,6,1,1,1,2,4.55
10.92,3,16.4,18,1,0,1,1,1,50.95
5.91,4,14.6,10,3,0,0,1,0,26.66
5.12,2,17.4,15,6,1,1,2,0,20.56
2.59,4,22.7,18,1,0,0,0,2,6.86
23.58,2,34.6,7,3,0,0,1,2,45.28
8.37,3,41.9,11,0,0,0,0,0,13.77
1.56,4,14.1,18,2,0,0,1,2,7.12
7.42,1,37.9,14,3,0,2,1,2,13.21
12.34,2,41.4,17,3,0,0,1,3,20.04
7.72,3,20.2,9,5,1,0,1,2,25.58
10.29,3,48.8,2,0,0,0,0,2,12.37
4.57,1,48.4,1,4,0,0,1,2,6.2
4.19,3,39.9,21,1,0,0,0,0,6.82
5.43,1,45.5,21,6,1,0,1,1,11.19
6.72,1,30.5,8,5,1,0,2,1,19.07
4.64,2,29.8,7,4,0,0,1,1,12.44
5.83,2,37.0,0,1,0,0,1,1,12.83
3.12,3,43.9,8,0,0,1,0,2,4.5
2.03,4,26.2,9,0,0,0,0,2,4.54
3.84,2,31.9,8,4,0,1,1,1,10.28
16.88,4,25.0,18,0,0,0,0,1,42.88
12.89,3,14.5,18,2,0,0,2,1,65.27
7.53,2,38.2,5,4,0,0,1,1,15.87
2.33,3,13.0,17,3,0,3,2,1,13.13
6.13,1,30.0,13,3,0,0,2,1,16.93
7.06,1,48.2,6,0,0,0,1,1,13.65
4.46,3,23.7,18,0,0,0,1,1,13.33
13.34,2,36.8,5,1,0,0,1,2,25.26
3.02,1,77.5,7,6,1,0,0,1,2.85
8.86,2,24.5,7,4,0,0,2,2,25.76
2.96,1,90.1,21,5,1,0,0,2,2.35
3.22,2,30.2,17,4,0,0,1,0,8.61
6.14,4,13.5,11,2,0,0,1,2,27.61
1.24,1,44.2,19,6,1,1,1,1,2.27
7.25,3,17.4,8,3,0,2,1,0,30.3
4.79,2,65.3,21,6,1,0,0,2,4.71
5.86,3,20.4,17,3,0,0,1,0,21.27
4.12,3,14.9,14,2,0,0,2,1,18.9
13.14,3,23.7,18,1,0,0,1,2,37.39
10.7,3,54.2,16,2,0,0,0,3,13.19
8.81,1,51.5,20,1,0,0,1,2,11.78
3.34,4,12.0,19,1,0,0,1,1,17.75
9.42,1,40.0,7,6,1,1,1,1,20.39
7.8,3,41.0,8,5,1,0,0,1,12.04
21.76,4,13.8,4,1,0,0,1,1,109.21
2.31,3,18.4,8,6,1,1,1,3,8.07
5.6,4,12.5,10,0,0,0,1,0,31.22
4.16,2,27.3,1,0,0,0,2,2,10.8
7.96,4,30.4,9,1,0,0,0,2,15.92
2.11,2,26.2,18,2,0,1,2,1,7.29
9.83,2,33.6,19,2,0,0,1,2,20.11
2.1,1,51.6,0,2,0,0,1,2,3.11
8.04,2,26.8,0,0,0,3,1,1,21.57
5.12,1,50.3,7,5,1,1,1,2,7.0
3.61,3,21.9,20,6,1,1,1,2,9.65
2.98,1,33.8,12,1,0,0,2,2,6.49
4.13,3,50.3,23,3,0,0,0,2,4.95
5.23,3,38.5,20,2,0,3,0,2,8.39
6.38,1,84.3,20,6,1,0,0,2,4.73
6.88,2,32.0,6,6,1,0,1,1,17.27
5.66,1,27.4,12,5,1,3,2,2,12.9
5.0,3,54.1,23,0,0,0,0,3,5.36
15.24,4,24.4,7,4,0,0,0,2,36.92
9.46,1,95.8,15,1,0,0,0,3,6.23
2.36,4,7.7,10,2,0,0,2,2,18.6
4.46,4,22.2,10,0,0,0,0,1,13.0
6.0,3,42.3,20,4,0,1,0,1,8.33
3.7,3,46.0,15,1,0,0,0,2,4.98
5.24,2,32.2,18,3,0,0,2,3,11.58
2.5,4,23.6,17,1,0,2,0,2,6.25
6.69,2,20.9,14,1,0,2,2,2,20.98
18.14,1,45.2,18,6,1,0,1,0,33.19
6.93,2,38.6,22,2,0,0,1,2,12.66
6.91,1,38.3,22,5,1,3,1,2,11.55
5.66,4,14.3,18,1,0,0,1,3,25.17
2.88,1,48.5,13,4,0,0,1,1,4.79
16.08,1,38.0,7,4,0,0,2,2,32.11
7.36,1,44.5,2,1,0,0,1,1,14.12
8.8,3,13.9,8,1,0,0,2,1,48.57
4.99,2,32.7,10,5,1,0,1,0,12.56
8.96,2,29.1,6,4,0,0,2,3,19.47
16.02,3,21.8,8,4,0,0,1,1,58.36
13.06,2,28.8,5,2,0,0,1,1,35.72
0.8,2,32.7,14,3,0,0,1,1,2.01
12.59,2,62.1,6,4,0,1,0,2,12.61
3.34,3,43.9,18,3,0,0,0,1,5.33
3.49,4,9.8,9,3,0,1,1,1,23.17
2.52,1,44.7,17,4,0,0,1,0,4.73
3.26,3,26.4,20,5,1,0,1,2,8.26
8.08,1,64.3,5,5,1,0,1,3,9.27
6.87,1,74.9,23,2,0,1,0,2,5.99
9.2,3,25.6,16,1,0,0,1,3,23.37
6.4,2,32.8,3,5,1,3,1,3,14.54
3.35,2,58.6,9,0,0,1,0,1,4.08
9.67,2,41.6,20,1,0,0,1,3,16.69
5.3,4,23.4,15,0,0,1,0,0,13.76
9.82,3,49.2,9,4,0,0,0,2,12.48
7.41,3,24.6,21,1,0,0,1,2,20.18
6.75,2,66.9,18,1,0,0,0,2,5.99
17.71,3,17.4,17,0,0,0,2,2,69.43
1.63,4,14.0,20,2,0,0,1,1,8.09
1.74,1,91.6,18,5,1,0,0,3,1.5
4.14,2,23.8,9,4,0,0,2,1,13.71
9.89,2,70.4,15,4,0,0,0,3,8.09
4.53,1,53.4,19,5,1,0,1,3,6.75
5.4,4,11.3,7,4,0,0,1,2,29.93
1.82,2,21.7,7,1,0,0,2,2,5.61
9.65,2,74.4,7,6,1,0,0,3,7.98
1.9,1,70.5,7,3,0,1,0,1,1.68
5.01,3,39.0,5,6,1,3,0,2,7.67
1.22,3,15.4,19,0,0,2,1,1,5.22
10.88,2,67.0,19,5,1,0,0,1,11.32
1.78,1,43.5,7,1,0,0,1,0,3.24
4.8,2,33.6,17,2,0,0,1,2,10.11
4.19,2,52.8,16,2,0,1,0,1,5.73
8.83,2,23.7,9,1,0,0,2,2,26.5
6.98,3,19.6,8,0,0,0,1,1,27.08
17.14,4,15.5,8,5,1,0,1,1,71.12
2.3,3,21.6,17,4,0,0,1,2,6.77
12.58,1,86.2,9,4,0,0,0,2,9.39
14.09,3,24.7,9,3,0,0,1,3,41.88
16.78,1,46.5,1,5,1,0,1,2,24.39
6.4,4,29.1,20,1,0,0,0,1,13.09
2.63,2,25.3,18,3,0,0,2,3,7.55
8.3,4,10.2,12,2,0,0,2,1,58.29
2.0,1,54.5,21,6,1,0,1,3,2.7
11.77,4,8.3,9,6,1,2,1,1,94.97
5.96,3,20.5,17,4,0,0,1,2,18.22
7.75,3,43.2,9,6,1,0,0,1,11.9
16.74,2,61.5,9,5,1,0,0,0,17.32
6.94,3,20.6,19,4,0,0,1,3,22.31
2.66,4,24.4,18,6,1,1,0,0,7.09
6.0,4,31.4,9,3,0,0,0,2,10.85
4.27,2,58.8,5,1,0,0,0,0,5.17
7.39,4,6.9,10,3,0,0,2,2,68.09
4.93,3,32.2,18,5,1,2,0,0,9.7
3.92,1,85.9,5,2,0,0,0,2,3.0
6.12,3,20.3,17,5,1,1,1,1,20.65
2.58,3,16.4,20,1,0,0,1,1,11.36
5.8,4,21.9,7,5,1,0,0,1,16.9
8.6,3,19.2,19,2,0,0,2,0,35.06
14.58,2,71.3,3,1,0,0,0,2,13.42
4.34,3,10.2,17,3,0,2,2,1,25.22
18.8,4,24.2,18,0,0,0,0,2,48.73
7.82,1,83.1,12,3,0,0,0,2,6.2
5.12,4,9.4,8,1,0,0,2,0,36.72
5.52,3,17.0,21,5,1,1,1,1,23.53
6.27,2,18.5,1,2,0,1,2,2,22.09
4.75,1,33.9,14,3,0,2,1,1,10.8
3.99,3,40.2,10,1,0,0,0,1,6.46
7.27,2,23.5,12,2,0,0,2,2,21.95
1.59,1,83.8,14,6,1,0,0,2,1.5
3.56,3,24.9,14,2,0,0,1,2,9.53
9.75,4,28.3,8,2,0,0,0,1,20.79
1.35,3,16.0,17,5,1,1,1,0,5.8
8.04,2,29.5,1,1,0,2,1,3,18.29
6.72,1,52.7,1,2,0,0,1,2,8.77
4.2,2,39.5,12,2,0,1,1,3,8.07
4.87,3,41.0,14,3,0,0,0,0,8.08
6.09,2,64.3,9,2,0,0,0,2,6.07
8.22,1,42.3,14,6,1,1,1,1,17.8
7.79,1,38.7,13,5,1,0,2,3,15.08
12.11,2,25.7,10,0,0,0,2,2,32.93
7.52,2,52.3,16,1,0,2,0,2,8.85
13.42,2,76.2,22,2,0,0,0,3,11.36
1.52,3,16.8,13,6,1,2,1,1,6.22
11.97,2,29.4,18,6,1,1,1,2,26.93
5.14,3,16.3,8,2,0,1,1,0,22.12
7.03,3,13.3,18,4,0,0,2,1,38.77
9.16,1,63.5,16,3,0,3,0,1,9.91
3.1,1,68.6,16,2,0,1,0,1,3.2
5.5,4,6.9,20,3,0,0,2,2,49.75
12.69,2,25.7,8,3,0,2,1,1,36.53
14.54,4,12.3,10,0,0,1,1,1,75.49
4.18,2,35.7,5,1,0,1,1,2,8.67
8.8,4,14.3,17,0,0,0,1,1,42.81
4.81,1,43.7,19,1,0,0,1,1,9.8
2.1,2,39.0,11,4,0,0,1,2,3.86
13.99,1,46.6,10,6,1,0,1,1,25.64
3.1,4,12.6,16,0,0,0,1,2,17.32
22.52,2,22.6,4,3,0,0,2,1,74.75
2.49,4,16.7,9,2,0,1,1,3,9.61
11.79,2,70.2,10,4,0,0,0,3,10.09
11.45,1,84.1,13,1,0,0,0,2,9.27
4.83,2,19.7,12,0,0,1,2,1,18.73
7.62,3,20.1,8,4,0,0,1,2,25.39
4.92,3,44.7,14,5,1,0,0,2,6.25
3.6,3,42.5,21,0,0,0,0,1,5.7
8.41,2,40.9,1,3,0,2,0,0,14.02
10.43,1,79.6,17,5,1,0,0,1,9.09
3.97,1,36.0,16,0,0,0,2,2,7.3
14.0,4,12.1,21,1,0,1,1,1,74.52
7.49,3,47.4,16,5,1,0,0,2,9.65
6.35,3,20.5,16,6,1,1,1,1,23.63
6.47,1,45.2,18,5,1,0,1,1,12.21
13.77,4,10.5,8,1,0,0,2,2,81.35
5.26,1,45.3,15,2,0,0,1,0,9.66
5.42,1,81.0,13,2,0,0,0,2,4.01
13.59,1,38.0,12,1,0,0,2,3,26.75
14.2,2,37.1,5,6,1,0,1,2,25.36
11.32,1,75.3,9,1,0,1,0,1,10.99
2.7,3,50.5,9,1,0,0,0,3,3.36
18.54,3,16.2,17,4,0,0,2,2,72.39
7.08,3,53.0,21,5,1,0,0,2,7.49
6.24,2,63.9,8,6,1,0,0,1,5.66
11.35,1,41.7,4,0,0,1,1,0,25.37
8.07,1,44.0,23,4,0,0,1,1,16.65
4.94,4,12.9,17,6,1,0,1,2,24.31
15.35,3,22.1,20,3,0,0,1,1,50.5
6.21,2,61.1,7,2,0,0,0,1,5.98
6.96,4,30.6,18,0,0,0,0,2,13.55
15.28,3,21.7,19,2,0,1,1,1,47.75
10.93,1,91.7,7,6,1,0,0,2,7.43
9.37,1,61.0,7,3,0,0,1,3,11.01
4.8,2,59.6,9,1,0,0,0,0,5.41
8.32,2,35.9,8,2,0,0,1,2,15.49
8.63,1,46.8,22,1,0,0,1,1,15.11
8.51,3,12.5,10,2,0,0,2,2,43.54
6.33,2,61.5,18,6,1,1,0,2,6.39
3.97,3,12.6,18,3,0,0,2,0,23.2
11.85,4,9.1,10,2,0,0,1,2,88.07
4.68,2,21.8,17,3,0,1,2,1,18.87
6.75,1,30.3,6,6,1,0,2,2,14.94
0.99,4,5.6,11,0,0,2,2,3,10.78
10.75,1,45.4,22,4,0,1,1,1,19.98
3.52,2,62.7,7,3,0,0,0,1,3.39
8.63,3,20.4,10,2,0,0,1,0,31.35
2.8,2,36.8,18,0,0,0,1,1,6.33
5.85,1,53.0,17,6,1,1,1,3,7.62
5.5,1,56.1,16,3,0,0,1,2,7.69
3.55,2,62.9,19,2,0,0,0,1,3.94
7.58,1,60.1,1,5,1,0,1,3,9.75
2.38,3,45.2,18,3,0,0,0,2,3.18
10.06,4,15.8,20,3,0,0,1,3,39.92
10.39,1,25.9,0,1,0,1,2,2,28.97
3.8,3,23.1,14,2,0,1,1,3,11.08
13.66,4,15.6,10,4,0,1,1,2,54.69
5.93,1,83.9,3,3,0,1,0,3,4.63
3.32,3,47.0,11,0,0,0,0,2,4.42
1.86,1,41.8,16,2,0,3,1,2,3.0
0.8,3,9.5,21,4,0,0,2,0,5.26
13.23,1,48.7,16,2,0,0,1,3,21.39
4.14,2,25.7,19,5,1,0,2,1,12.7
5.25,2,70.2,6,4,0,0,0,2,4.22
4.94,2,31.0,8,4,0,0,1,1,13.45
11.53,2,33.1,22,3,0,1,1,3,24.36
8.94,2,33.8,20,1,0,0,1,0,19.1
7.09,2,37.6,8,2,0,0,1,3,13.86
2.54,2,30.0,16,0,0,1,1,2,5.86
15.68,3,20.1,10,5,1,2,1,3,52.74
9.07,2,17.2,12,0,0,1,2,2,35.24
9.2,4,9.4,19,1,0,0,1,1,65.55
2.78,3,19.6,17,0,0,3,1,1,10.1
3.19,4,13.0,8,2,0,0,1,1,16.61
6.95,4,24.5,9,0,0,0,0,0,18.1
7.06,3,21.8,9,5,1,0,1,1,23.78
3.55,4,17.4,18,2,0,0,1,2,12.1
2.81,1,76.1,13,4,0,0,0,0,2.58
4.59,1,46.2,22,3,0,0,1,1,8.86
5.43,3,22.2,19,1,0,0,1,3,14.74
2.57,4,7.0,8,1,0,0,2,0,24.08
9.24,1,44.4,18,6,1,0,1,1,18.08
9.56,1,45.0,13,0,0,0,1,0,17.26
8.71,3,14.4,8,2,0,0,2,2,41.86
2.68,3,33.2,10,5,1,0,1,3,5.11
4.55,2,75.8,22,3,0,0,0,3,3.67
10.26,2,25.2,13,5,1,0,2,3,28.61
7.38,2,25.1,17,0,0,0,2,1,23.21
13.79,2,66.2,12,5,1,0,0,2,13.32
12.68,1,42.7,10,3,0,0,2,2,21.3
6.49,2,37.4,18,2,0,0,1,3,12.83
4.48,3,42.0,19,5,1,0,0,2,6.35
10.0,2,32.1,4,0,0,0,1,1,23.12
10.57,3,19.9,9,0,0,0,2,2,36.35
11.32,3,17.6,13,5,1,0,1,1,45.39
7.32,2,33.2,9,6,1,0,1,0,16.19
4.13,3,42.1,18,3,0,0,0,0,6.45
8.63,3,12.5,6,0,0,0,2,1,51.01
8.86,1,85.7,18,5,1,0,0,2,7.33
9.81,3,49.4,16,3,0,0,0,2,12.44
4.79,2,32.6,9,5,1,0,2,3,9.75
1.53,2,22.7,10,5,1,0,2,2,5.21
8.58,1,43.5,7,2,0,0,1,1,17.22
2.27,3,49.8,8,3,0,0,0,2,2.45
10.36,3,19.1,17,2,0,0,1,1,39.69
7.16,4,10.2,10,2,0,0,2,0,49.06
4.39,1,42.6,17,4,0,1,1,0,8.99
13.48,2,71.9,13,3,0,0,0,2,12.25
5.22,2,27.5,7,1,0,0,2,3,13.59
7.2,3,15.6,13,6,1,1,2,2,30.52
4.7,4,10.5,18,4,0,3,1,0,30.02
6.76,3,12.1,9,4,0,1,2,1,41.14
8.95,1,71.8,16,3,0,2,0,3,7.07
4.95,2,38.1,8,4,0,0,1,2,8.66
5.9,2,74.6,6,4,0,0,0,2,5.02
10.25,3,18.2,10,6,1,0,2,2,36.06
1.61,3,14.4,10,0,0,1,2,3,7.36
10.61,1,36.8,18,6,1,0,2,1,25.32
11.79,1,42.9,12,6,1,0,1,1,22.98
3.31,2,30.2,5,2,0,0,1,0,8.65
1.93,1,32.1,16,1,0,1,2,3,4.37
2.74,2,29.6,12,3,0,1,1,0,7.6
3.64,2,61.1,9,6,1,0,0,1,4.27
2.97,4,25.6,18,0,0,0,0,2,7.37
9.35,2,26.2,7,5,1,0,2,3,23.79
6.12,1,46.3,21,5,1,0,1,1,11.73
7.92,3,45.3,9,1,0,0,0,2,10.45
11.25,3,22.4,12,6,1,1,1,3,31.97
9.93,3,16.0,21,6,1,1,2,2,39.33
15.17,2,68.2,18,1,0,0,0,2,15.05
12.48,1,89.6,4,0,0,0,0,2,8.75
0.8,4,17.2,15,5,1,0,2,2,2.87
5.73,4,26.5,9,3,0,0,0,0,14.9
8.63,3,18.9,13,2,0,0,2,2,28.04
15.48,3,41.7,18,6,1,0,0,1,22.92
5.22,2,68.0,13,0,0,0,0,2,4.96
9.06,3,14.8,4,4,0,0,2,2,39.49
18.0,1,78.4,14,5,1,1,0,2,15.12
9.66,1,81.4,1,6,1,0,0,1,7.92
3.4,3,12.6,10,1,0,1,2,2,17.29
2.0,1,47.0,12,4,0,0,1,0,3.64
3.87,1,53.1,16,3,0,0,1,2,5.42
5.98,2,37.9,13,5,1,0,1,1,12.44
17.14,2,29.2,7,5,1,0,2,2,39.93
11.58,3,9.2,21,2,0,0,2,0,83.81
5.16,2,56.6,16,2,0,1,0,1,5.68
3.53,2,30.9,9,2,0,0,1,1,9.16
3.5,3,22.9,22,5,1,0,1,2,10.21
19.93,1,78.9,20,6,1,0,0,1,16.37
3.21,1,50.7,7,6,1,0,1,2,4.85
10.53,1,74.5,16,4,0,0,0,0,10.01
10.2,2,36.6,14,6,1,0,1,1,24.61
5.65,1,74.6,7,3,0,0,0,0,5.83
3.03,4,12.1,8,4,0,0,1,2,14.52
8.72,1,87.9,15,5,1,0,0,2,5.93
16.42,4,11.7,9,1,0,0,1,1,94.54
2.76,4,23.1,19,2,0,0,0,1,7.76
6.96,3,23.2,5,3,0,0,1,1,22.59
9.9,3,33.2,21,4,0,2,0,1,18.62
15.83,2,40.8,19,6,1,0,1,2,27.92
1.65,4,12.6,18,4,0,0,1,0,8.07
9.22,1,78.4,8,6,1,1,0,2,7.09
15.64,3,19.0,17,4,0,0,1,1,59.8
10.57,1,35.5,12,4,0,0,2,2,22.88
4.47,4,15.1,16,5,1,2,1,3,18.86
7.15,3,39.3,9,4,0,2,0,2,10.24
11.46,2,35.4,19,1,0,0,1,2,23.46
11.93,1,29.5,2,2,0,1,2,1,35.08
10.46,3,24.0,17,6,1,0,1,1,31.15
7.57,2,34.6,19,4,0,0,1,1,16.81
6.32,1,40.6,16,1,0,1,1,0,12.85
12.42,2,24.7,7,5,1,0,2,2,33.08
8.79,4,30.6,9,6,1,0,0,3,16.21
7.3,1,50.0,13,3,0,1,1,2,10.81
4.21,4,10.8,9,3,0,0,2,2,23.39
4.03,1,45.6,0,5,1,0,1,1,7.69
6.44,1,67.7,2,1,0,1,0,0,6.17
9.58,3,11.2,18,6,1,1,2,1,58.61
9.18,2,55.2,5,1,0,3,0,2,10.72
8.86,2,36.2,21,6,1,0,1,2,17.12
7.05,2,64.0,12,1,0,0,0,1,6.98
11.79,3,11.3,18,3,0,0,2,0,69.45
13.1,2,63.4,6,4,0,0,0,1,12.98
3.21,1,27.5,21,6,1,1,2,1,10.46
4.68,2,36.1,2,6,1,0,1,2,9.01
19.66,3,23.9,2,2,0,0,1,0,64.1
6.19,3,47.9,3,4,0,0,0,1,7.78
6.3,2,27.9,5,6,1,0,1,1,17.97
3.98,1,85.8,13,0,0,0,0,2,2.51
11.97,2,16.4,18,1,0,1,2,1,62.51
22.46,4,5.4,9,4,0,2,1,0,280.15
3.99,2,33.3,18,2,0,0,1,0,8.87
12.4,3,11.5,18,4,0,1,2,1,73.05
3.62,4,28.9,20,0,0,1,0,2,7.53
11.36,3,19.8,7,0,0,0,1,1,39.92
3.67,2,72.7,6,4,0,0,0,2,3.15
1.56,2,60.3,6,5,1,1,0,1,1.57
19.53,1,49.6,10,5,1,0,1,1,33.43
5.06,3,46.0,13,5,1,0,0,2,6.31
2.44,4,9.5,12,2,0,0,1,3,17.33
7.58,4,23.1,8,4,0,1,0,1,21.66
9.66,2,72.4,16,1,0,0,0,2,8.28
12.69,2,39.5,10,2,0,1,1,2,21.91
5.99,3,18.3,10,3,0,1,1,2,20.58
5.77,2,52.5,5,2,0,3,0,1,7.03
5.11,1,47.3,15,4,0,1,1,2,7.57
7.14,1,50.6,16,4,0,0,1,1,12.45
10.27,4,9.2,18,3,0,3,1,3,66.33
8.3,4,7.8,20,0,0,0,2,2,64.5
4.98,3,13.2,18,4,0,0,2,0,26.1
6.93,4,12.5,8,0,0,2,1,3,35.82
2.93,2,37.5,8,0,0,0,1,3,5.71
6.09,4,20.6,21,1,0,1,0,1,17.26
5.59,2,52.6,18,5,1,2,0,2,6.83
12.75,3,21.3,18,0,0,1,1,3,41.85
7.59,4,11.9,17,2,0,1,2,1,46.66
6.14,2,70.9,8,5,1,0,0,2,5.29
6.66,4,25.8,19,0,0,0,0,1,14.92
6.09,1,41.3,7,5,1,1,1,0,11.38
3.35,1,85.5,10,6,1,0,0,2,2.61
10.17,1,40.3,10,6,1,2,1,2,18.05
1.14,4,25.2,14,1,0,0,0,0,2.94
5.03,2,27.9,12,4,0,0,2,1,14.54
4.14,3,18.0,12,4,0,0,2,2,14.13
5.11,2,66.9,14,3,0,0,0,1,4.95
10.03,2,72.1,11,0,0,0,0,3,7.77
6.18,2,25.9,8,2,0,0,2,1,18.51
6.72,2,22.3,17,6,1,0,2,2,23.26
9.71,4,7.0,18,6,1,0,2,1,93.67
9.3,1,48.2,12,3,0,0,1,1,16.3
8.92,2,67.6,16,3,0,1,0,2,8.03
6.79,3,19.5,14,6,1,0,1,0,27.43
12.31,1,32.3,3,1,0,0,2,0,31.06
4.06,3,40.5,11,4,0,0,0,1,6.69
6.15,2,17.6,0,0,0,2,2,1,22.81
5.19,1,43.5,16,5,1,0,1,0,10.84
5.36,2,75.9,13,5,1,0,0,3,4.4
3.72,2,31.9,6,0,0,0,1,1,8.83
10.9,2,36.2,14,4,0,1,1,2,21.5
9.46,1,62.0,20,5,1,2,0,1,10.29
6.04,1,53.0,10,1,0,1,1,3,8.35
8.61,3,15.3,23,6,1,1,1,0,38.8
11.28,2,36.3,22,1,0,0,1,1,26.45
15.43,3,37.8,18,1,0,0,0,1,25.96
2.73,4,5.2,19,2,0,2,2,2,33.32
6.29,3,47.9,11,0,0,0,0,1,8.28
13.11,1,49.1,11,6,1,0,1,2,17.68
20.28,2,39.1,22,1,0,0,1,2,38.29
8.17,3,14.8,10,1,0,0,2,1,41.92
10.73,2,52.6,5,4,0,2,0,2,13.61
0.8,1,77.1,7,3,0,0,0,1,1.5
8.42,4,26.5,17,3,0,0,0,0,17.79
5.91,3,24.1,10,3,0,0,1,1,17.82
10.14,3,21.0,8,0,0,1,1,2,31.8
15.96,4,23.2,19,2,0,0,0,1,41.24
6.75,1,46.9,13,0,0,0,1,0,11.73
6.55,3,47.5,15,5,1,0,0,2,8.68
4.7,1,96.3,7,4,0,0,0,3,3.17
1.18,1,70.5,7,1,0,0,0,0,1.5
4.95,1,33.4,6,0,0,0,2,2,11.04
2.59,2,22.8,13,3,0,2,1,1,8.68
2.8,3,37.7,18,2,0,1,0,1,4.93
8.5,2,31.6,17,4,0,0,1,1,19.85
3.09,2,57.2,8,1,0,1,0,0,3.81
7.1,1,37.2,19,6,1,2,1,1,16.07
18.97,1,73.7,5,2,0,1,0,1,16.53
5.35,1,57.3,6,0,0,0,1,2,6.58
2.81,1,39.4,19,0,0,0,2,3,5.19
16.44,2,64.3,8,2,0,0,0,0,16.13
3.63,4,11.0,17,2,0,3,1,1,22.39
5.08,2,36.5,0,1,0,0,1,1,12.2
11.88,3,13.9,5,6,1,1,2,3,54.08
3.27,1,32.6,16,3,0,1,2,2,7.31
4.8,3,41.9,7,6,1,0,0,0,7.87
3.14,2,21.0,1,6,1,0,2,1,12.29
11.78,1,45.7,12,2,0,0,1,0,23.12
3.05,3,14.2,9,1,0,1,2,2,14.17
9.16,2,54.4,18,2,0,1,0,1,11.54
6.34,2,70.5,19,5,1,0,0,2,5.5
4.63,1,82.3,16,2,0,0,0,2,3.51
6.26,2,62.4,9,5,1,0,0,1,6.38
5.12,2,23.2,12,3,0,0,2,0,18.97
4.04,4,33.9,17,1,0,0,0,3,7.37
1.74,1,75.7,4,0,0,0,0,0,1.5
3.22,4,19.8,9,1,0,2,0,2,10.38
7.57,2,46.6,19,1,0,2,0,1,10.51
5.58,4,29.3,11,1,0,0,0,3,11.59
9.06,2,31.7,16,3,0,1,1,2,20.18
7.09,3,13.0,5,3,0,1,2,1,40.79
0.82,2,35.5,18,4,0,1,1,2,1.58
8.5,2,19.7,5,5,1,0,2,1,35.42
2.88,3,21.2,19,0,0,0,1,1,8.98
6.68,2,70.8,6,3,0,0,0,2,5.8
2.15,4,7.9,20,5,1,2,1,0,17.66
11.49,1,25.7,10,3,0,1,2,1,36.86
10.27,2,40.3,16,1,0,0,1,2,19.02
5.75,1,53.9,19,1,0,0,1,2,7.98
10.05,2,37.8,0,5,1,0,1,1,21.9
3.38,4,13.7,8,2,0,0,2,3,15.07
4.4,3,18.8,20,2,0,0,1,2,16.62
11.31,4,10.5,10,2,0,1,1,1,71.16
0.8,2,64.3,17,5,1,0,0,1,1.5
5.89,3,49.0,6,3,0,0,0,2,7.44
8.14,4,10.6,17,2,0,2,1,0,53.7
4.9,2,30.5,4,0,0,1,1,2,9.88
13.1,2,63.5,17,5,1,0,0,0,13.6
15.21,3,15.9,9,2,0,2,1,2,59.05
8.49,3,36.4,12,4,0,2,0,2,14.68
2.9,2,36.4,7,4,0,0,1,3,5.29
10.15,1,75.4,16,1,0,0,0,0,9.84
18.46,4,13.7,10,3,0,0,1,2,92.83
6.88,2,54.0,10,5,1,2,0,3,8.1
6.07,1,29.1,16,4,0,1,2,0,18.82
3.54,1,30.1,7,0,0,0,2,0,10.64
7.89,2,66.0,19,1,0,0,0,1,7.84
6.19,3,37.6,18,4,0,1,0,1,10.14
1.04,2,32.0,15,6,1,0,1,1,2.34
9.79,1,51.3,6,2,0,1,1,3,13.48
2.66,3,22.6,17,4,0,0,1,2,7.94
20.27,1,43.4,0,4,0,0,1,0,40.29
7.15,2,70.3,18,1,0,0,0,1,7.41
5.76,2,29.7,9,3,0,2,1,3,13.04
6.96,2,27.0,6,2,0,2,1,2,16.75
6.69,1,28.0,7,2,0,2,2,1,19.84
5.13,4,6.1,22,6,1,2,2,3,53.16
1.99,3,21.9,18,2,0,0,1,1,5.96
13.26,4,10.8,8,2,0,2,1,1,75.61
6.9,2,37.3,22,3,0,0,1,1,15.31
11.85,4,7.5,6,2,0,1,2,1,108.13
2.2,4,13.1,17,3,0,0,1,2,10.33
3.93,1,43.9,16,1,0,0,1,1,8.07
4.86,2,61.0,19,0,0,0,0,1,4.88
2.96,3,20.1,10,3,0,0,1,1,10.85
9.78,3,16.1,11,2,0,1,1,2,35.91
5.62,2,27.7,16,1,0,0,2,3,14.35
7.76,4,10.5,11,1,0,1,1,1,48.91
4.35,2,66.4,2,4,0,0,0,2,4.2
12.14,3,10.2,17,4,0,1,2,1,79.72
10.46,2,23.2,16,0,0,1,1,0,32.09
9.6,3,47.0,11,0,0,0,0,0,13.75
7.14,4,20.5,9,4,0,0,1,3,24.49
13.27,3,33.5,9,5,1,2,0,2,23.46
10.54,4,20.8,18,4,0,1,0,2,30.84
6.31,1,46.4,17,1,0,0,1,0,13.29
4.64,1,30.4,19,6,1,0,2,1,13.41
5.6,1,85.2,18,6,1,0,0,2,4.53
8.72,3,14.5,18,3,0,0,2,1,44.59
2.19,3,18.7,8,4,0,0,1,0,8.37
3.81,2,28.0,5,2,0,0,2,1,12.01
13.16,4,10.5,18,3,0,0,1,2,81.32
11.49,3,18.1,5,5,1,0,1,1,43.99
5.63,2,54.7,23,3,0,1,0,1,7.11
27.93,3,18.8,20,2,0,0,1,0,105.17
10.2,1,55.0,14,6,1,0,1,2,13.06
6.94,4,25.5,10,2,0,0,0,1,15.91
11.61,2,25.5,14,2,0,0,2,3,30.48
4.51,2,33.3,17,1,0,0,1,1,11.28
4.06,2,33.8,18,6,1,0,1,2,7.69
6.16,1,47.2,4,4,0,3,1,3,9.15
6.74,2,35.2,18,5,1,0,1,2,12.83
4.06,1,46.5,16,4,0,0,1,0,7.37
14.19,3,44.7,2,1,0,0,0,0,19.85
5.3,1,36.6,9,6,1,0,2,3,11.27
1.82,2,41.3,13,3,0,0,1,2,3.13
7.16,1,46.0,7,1,0,0,1,1,13.59
5.86,3,25.9,7,4,0,0,1,2,15.12
10.86,4,20.4,0,0,0,0,1,3,34.31
4.55,3,39.7,20,1,0,0,0,0,7.87
9.83,1,32.8,3,0,0,1,2,2,22.03
7.81,3,16.8,10,0,0,0,1,0,32.32
12.01,4,14.0,8,5,1,0,1,1,58.34
7.12,4,12.1,18,2,0,0,1,2,37.2
3.92,4,6.7,17,2,0,0,2,1,38.25
8.05,4,11.5,18,2,0,2,1,3,43.98
3.22,2,39.1,16,0,0,0,1,2,5.25
1.3,1,94.0,15,4,0,0,0,3,1.5
4.13,4,25.9,11,2,0,0,0,1,10.02
12.45,2,33.4,16,5,1,0,1,0,29.46
17.46,2,35.0,6,2,0,0,1,1,36.97
2.16,3,23.4,17,3,0,0,1,0,7.55
11.26,4,11.1,5,5,1,1,1,2,62.02
15.85,1,77.3,19,0,0,0,0,1,14.25
3.16,3,50.4,13,0,0,0,0,2,3.89
14.27,3,46.9,14,2,0,1,0,2,19.77
2.71,1,78.7,15,3,0,0,0,1,2.75
6.18,4,22.2,18,3,0,3,0,2,19.0
8.37,2,32.2,12,1,0,0,1,0,21.42
3.34,4,14.8,11,1,0,0,1,1,15.34
13.78,3,16.1,9,2,0,0,2,2,58.45
6.57,1,50.4,6,5,1,0,1,2,8.66
10.66,2,68.8,7,0,0,0,0,2,9.96
3.48,3,21.3,0,5,1,0,1,2,10.69
18.05,3,46.6,20,3,0,0,0,2,22.14
8.96,3,11.8,18,3,0,2,2,1,52.22
8.74,3,21.6,8,3,0,0,1,3,28.18
8.28,1,91.9,0,0,0,0,0,3,5.53
8.82,2,26.4,13,6,1,1,1,0,25.51
10.08,2,26.5,11,1,0,0,2,3,24.35
5.32,2,22.9,18,6,1,1,2,3,16.03
2.59,2,61.0,11,2,0,1,0,2,2.68
2.68,4,10.5,19,1,0,0,1,1,14.08
6.92,2,16.6,5,3,0,0,2,1,30.51
16.12,1,38.8,10,5,1,0,2,2,31.88
6.15,2,23.3,21,5,1,0,2,0,20.33
12.82,2,21.1,0,3,0,1,2,2,40.43
6.32,3,16.4,10,0,0,2,1,1,27.96
15.06,1,24.9,8,6,1,1,2,1,47.41
8.69,3,16.4,14,0,0,0,1,0,35.03
7.95,1,26.3,9,6,1,2,2,3,20.33
12.12,4,11.8,20,6,1,1,1,0,69.84
8.63,2,37.7,21,0,0,0,1,2,16.29
9.83,2,39.6,19,2,0,0,1,2,17.43
6.84,3,16.9,11,4,0,0,2,2,25.94
8.27,4,27.4,23,5,1,0,0,2,19.17
2.86,3,18.7,17,6,1,0,2,3,10.36
13.68,4,16.5,10,4,0,0,1,2,52.51
13.94,3,17.5,5,5,1,2,1,2,46.26
5.49,2,22.7,17,6,1,1,2,3,17.18
6.46,3,25.1,17,6,1,0,1,1,19.43
17.81,1,30.7,6,6,1,0,2,1,50.64
5.59,2,39.4,14,2,0,0,1,2,10.54
10.44,3,17.3,23,5,1,0,1,0,43.11
7.65,3,18.0,9,2,0,0,2,2,25.13
2.3,4,6.9,9,2,0,0,2,2,21.57
8.9,2,69.0,20,1,0,0,0,2,8.61
2.46,1,58.8,6,5,1,0,1,3,3.04
13.49,3,27.8,21,2,0,0,1,3,33.75
5.95,3,16.2,18,1,0,0,2,1,30.69
2.97,2,36.2,10,5,1,0,1,1,7.29
10.96,1,48.0,5,0,0,1,1,2,15.39
2.38,2,66.9,1,5,1,0,0,2,2.16
2.49,4,11.6,10,3,0,0,1,1,14.98
18.33,3,45.0,17,4,0,0,0,1,27.94
12.31,1,68.8,13,3,0,1,0,1,11.6
7.09,3,51.0,18,4,0,1,0,3,8.9
9.06,4,18.5,17,0,0,2,0,0,30.71
3.64,1,31.7,15,4,0,0,2,1,10.9
7.58,2,60.3,22,0,0,1,0,2,7.79
3.19,2,27.9,17,5,1,3,1,1,9.15
3.12,2,57.9,21,3,0,0,0,0,3.86
11.27,2,20.1,8,1,0,0,2,1,40.8
5.08,2,31.6,17,5,1,0,1,1,12.52
4.56,1,84.4,15,6,1,1,0,3,3.42
8.55,1,78.1,21,5,1,0,0,1,7.43
4.45,2,64.0,13,4,0,0,0,0,4.38
5.85,1,44.1,9,6,1,2,1,3,10.11
16.84,1,78.8,10,6,1,0,0,1,14.84
2.48,2,60.7,8,5,1,0,0,0,2.35
15.33,4,13.5,8,2,0,3,1,2,69.85
29.42,2,66.6,12,1,0,1,0,2,30.44
2.62,2,38.3,20,1,0,0,1,2,4.49
2.9,2,63.6,7,0,0,0,0,1,3.28
9.51,3,13.4,9,3,0,1,2,1,51.5
1.2,4,12.3,19,2,0,2,1,3,6.39
7.2,4,26.4,10,3,0,1,0,1,17.26
4.05,1,87.2,22,6,1,0,0,2,2.84
13.74,2,35.2,8,6,1,0,1,0,31.89
5.33,3,12.8,12,3,0,0,2,1,30.2
7.92,2,35.2,5,1,0,0,1,3,15.13
10.27,3,45.1,23,2,0,1,0,2,13.56
9.02,3,20.1,20,4,0,0,1,1,32.7
6.78,2,38.7,19,6,1,0,1,2,11.85
10.55,1,45.7,7,2,0,0,1,1,20.53
2.22,1,56.3,22,0,0,0,1,3,3.0
12.28,1,46.7,21,5,1,0,1,1,23.79
5.58,4,10.8,11,1,0,0,2,1,34.35
9.82,3,14.7,17,2,0,0,2,2,43.02
6.61,3,20.6,23,0,0,0,1,2,19.9
4.57,2,35.6,11,4,0,0,1,2,8.3
6.3,1,48.3,6,3,0,0,1,1,12.26
8.06,3,21.8,20,3,0,0,1,2,24.66
8.85,4,23.4,12,0,0,1,0,1,25.38
8.14,4,10.6,23,1,0,0,1,0,47.29
4.36,2,38.4,14,3,0,0,1,3,7.68
3.39,1,51.3,1,1,0,0,1,1,5.83
3.62,2,38.2,13,1,0,0,1,1,8.31
5.81,4,17.5,17,3,0,0,1,2,20.59
9.73,3,45.3,1,4,0,1,0,2,13.0
10.12,2,63.8,11,5,1,0,0,1,11.2
4.73,3,20.5,7,2,0,0,1,2,16.28
6.8,2,28.8,16,5,1,1,1,1,16.22
2.38,1,55.2,22,3,0,0,1,3,3.24
5.33,2,61.8,16,2,0,1,0,1,5.39
4.71,3,40.0,17,1,0,0,0,0,7.99
4.01,2,32.7,11,6,1,0,1,0,10.26
7.25,4,7.3,15,4,0,1,1,2,59.33
17.16,2,29.3,14,1,0,0,2,3,39.86
7.03,2,21.6,18,6,1,0,2,0,25.47
12.8,3,17.8,19,4,0,1,1,3,46.66
11.27,1,36.3,16,6,1,1,2,3,21.12
4.87,1,52.9,23,5,1,0,1,2,6.52
10.6,2,64.9,19,5,1,0,0,2,10.55
17.72,2,32.0,6,5,1,0,1,0,42.88
2.92,2,64.0,13,0,0,0,0,1,3.25
11.26,4,9.6,20,5,1,2,1,1,73.57
6.5,3,50.8,21,4,0,0,0,2,7.82
4.38,3,21.7,10,4,0,1,1,2,13.08
8.53,1,37.4,17,5,1,1,2,3,16.95
8.67,3,16.7,11,1,0,0,1,1,37.2
22.74,1,91.4,6,5,1,0,0,2,15.39
4.49,1,44.8,20,5,1,0,1,0,9.13
7.02,3,23.7,21,3,0,0,2,3,18.85
6.94,1,88.4,13,6,1,0,0,3,4.76
4.47,1,44.8,0,3,0,0,1,0,7.76
3.68,1,56.9,19,6,1,0,1,2,4.83
5.25,4,10.3,12,2,0,1,1,1,33.03
6.36,2,13.2,4,0,0,3,2,1,33.48
3.51,2,69.2,7,4,0,0,0,2,3.19
11.63,2,34.8,7,2,0,0,1,1,25.03
9.18,3,41.1,17,5,1,1,0,1,13.61
2.98,2,34.6,9,4,0,0,1,1,7.72
5.19,1,29.8,6,4,0,0,2,0,15.38
7.34,3,45.1,21,0,0,1,0,2,10.18
10.26,2,57.0,22,0,0,0,0,1,12.38
6.39,1,40.8,6,6,1,0,2,3,11.79
9.92,4,8.7,8,2,0,2,2,3,72.2
8.25,1,21.4,15,3,0,2,2,0,28.54
10.6,1,28.4,7,4,0,1,2,2,24.71
4.11,2,39.8,7,1,0,0,1,2,7.57
9.34,4,7.9,10,2,0,0,2,2,69.32
6.52,3,19.3,21,4,0,1,2,1,24.98
12.59,1,76.8,22,6,1,0,0,1,10.62
4.05,3,16.3,19,0,0,0,2,1,18.43
8.34,1,50.5,17,5,1,0,1,1,14.82
7.06,3,40.7,17,0,0,1,0,3,10.51
6.12,2,30.5,12,0,0,0,1,0,13.6
5.34,2,23.9,14,0,0,2,1,0,16.33
5.59,2,29.2,16,5,1,0,2,2,13.75
16.47,2,22.2,17,3,0,1,2,2,51.52
6.01,4,10.4,5,3,0,0,2,2,35.28
15.79,3,45.4,8,4,0,0,0,1,23.63
6.11,1,39.0,22,4,0,1,1,1,13.03
7.5,2,34.0,9,2,0,0,1,1,17.51
6.78,4,11.5,8,0,0,0,1,1,41.13
16.3,1,45.2,11,6,1,0,1,1,30.91
10.9,4,16.3,9,0,0,0,1,2,44.62
5.03,2,59.9,5,5,1,1,0,1,5.48
2.47,4,10.1,8,1,0,1,1,3,14.12
5.11,1,57.7,16,1,0,0,1,2,6.48
13.9,3,21.1,8,0,0,1,1,1,51.06
3.12,2,20.5,16,1,0,1,2,1,11.71
2.56,1,54.9,5,1,0,0,1,1,4.29
4.42,3,19.8,2,0,0,0,1,0,15.82
3.5,3,13.9,19,3,0,0,2,1,17.25
3.88,3,56.5,18,3,0,0,0,3,4.12
1.72,1,53.0,17,6,1,0,1,2,2.34
7.58,1,30.6,1,4,0,0,2,1,22.1
8.48,4,31.5,8,3,0,0,0,2,15.93
5.99,4,26.7,19,0,0,1,0,3,14.82
2.5,2,69.7,7,6,1,0,0,2,2.18
4.44,2,17.9,19,1,0,3,2,2,15.67
8.33,1,44.0,15,0,0,0,1,0,17.18
8.99,2,37.5,18,2,0,0,1,0,20.7
1.78,2,32.4,16,6,1,0,1,1,4.7
6.91,4,15.2,11,1,0,0,1,2,28.82
4.2,3,19.4,9,0,0,0,1,1,15.4
6.64,1,38.1,17,6,1,0,2,2,13.21
2.65,3,44.9,18,4,0,0,0,1,4.09
2.0,3,44.2,2,4,0,0,0,2,2.67
5.89,4,24.7,10,1,0,0,0,0,14.5
6.23,3,24.4,10,3,0,0,1,3,16.44
3.75,2,32.3,14,4,0,1,1,2,7.85
15.02,2,34.3,6,5,1,1,1,2,29.61
4.13,3,10.9,21,2,0,0,2,0,23.61
4.08,1,38.7,14,5,1,1,1,0,8.97
6.77,3,28.8,21,5,1,0,1,2,16.71
6.26,2,34.7,19,6,1,0,1,0,14.28
4.14,1,37.1,7,5,1,0,2,3,8.12
8.44,1,51.6,6,1,0,0,1,2,11.63
8.41,4,10.0,19,2,0,0,1,0,56.43
6.85,1,53.7,14,1,0,0,1,2,9.66
7.54,2,22.8,1,3,0,3,2,2,23.85
6.51,3,14.5,21,0,0,1,2,2,28.53
6.28,1,33.7,12,5,1,2,1,1,15.45
2.68,3,13.8,9,1,0,0,2,1,15.4
7.08,4,9.8,13,0,0,0,1,2,43.84
11.02,4,14.5,19,1,0,0,2,3,49.53
7.55,1,31.4,6,6,1,0,2,2,17.02
5.51,3,23.9,10,3,0,0,1,2,16.01
10.74,3,23.6,9,2,0,0,1,2,29.06
7.56,3,44.1,19,0,0,0,0,2,12.12
4.1,4,15.7,18,2,0,0,1,2,17.34
10.72,3,32.0,11,1,0,0,1,3,22.64
4.87,3,48.8,17,6,1,0,0,2,6.71
3.23,1,30.6,11,5,1,0,2,1,8.68
3.79,2,36.1,15,1,0,0,1,3,6.88
4.59,2,34.7,23,3,0,3,1,3,9.02
2.58,1,47.8,14,1,0,0,1,2,3.83
13.27,1,45.9,23,3,0,0,1,0,25.11
1.94,3,19.4,18,1,0,1,1,2,6.64
9.04,1,45.6,6,5,1,0,1,0,16.7
7.77,3,17.0,18,2,0,2,1,0,32.98
7.48,2,22.4,7,1,0,0,2,1,26.77
8.39,1,38.9,14,0,0,3,1,1,18.73
5.85,1,83.0,16,4,0,0,0,2,4.54
9.07,3,17.1,20,0,0,0,1,1,35.77
6.17,2,26.6,8,6,1,1,1,1,18.43
5.17,1,86.1,20,0,0,0,0,2,3.82
2.79,2,31.1,21,3,0,0,2,1,7.62
7.96,2,29.0,5,1,0,0,1,0,22.9
8.05,3,13.5,20,2,0,0,1,1,37.51
6.5,1,49.3,8,6,1,0,1,2,8.71
10.16,1,36.9,5,1,0,1,1,0,22.68
12.27,1,53.2,22,4,0,0,1,3,16.5
4.73,2,30.8,11,1,0,0,1,1,13.16
9.26,1,84.4,16,4,0,0,0,2,7.11
2.76,1,50.0,14,4,0,0,1,1,4.72
6.78,4,5.6,8,0,0,2,1,2,73.61
5.88,2,60.3,17,4,0,0,0,0,6.77
10.33,1,52.3,3,4,0,0,1,2,14.39
4.96,3,13.8,8,5,1,0,2,0,26.59
12.64,2,33.9,21,6,1,0,1,1,30.6
5.67,4,9.9,22,6,1,0,1,0,40.86
2.79,2,20.3,13,2,0,0,2,1,10.96
2.09,2,23.2,7,5,1,0,2,1,7.34
9.79,3,39.0,11,3,0,1,0,0,15.88
2.58,4,9.1,20,1,0,0,2,0,19.37
8.6,2,70.3,4,2,0,0,0,2,7.89
9.68,1,85.6,6,3,0,0,0,2,6.92
4.06,2,63.7,20,0,0,0,0,1,4.29
7.67,3,32.9,11,2,0,0,1,3,17.35
14.97,1,48.5,5,2,0,0,1,1,26.62
5.96,2,40.2,6,0,0,0,1,2,9.93
2.25,2,54.1,20,4,0,1,0,0,2.67
4.48,2,64.9,13,0,0,0,0,1,4.63
16.04,3,25.0,7,1,0,0,1,3,43.48
10.12,3,21.8,20,0,0,0,1,3,33.43
3.03,2,78.5,19,6,1,0,0,3,2.49
12.1,2,28.0,1,2,0,0,2,2,30.86
12.48,1,47.4,15,6,1,0,1,1,22.35
5.0,2,33.3,8,6,1,0,1,1,11.85
2.72,1,43.2,14,0,0,1,1,0,5.26
11.51,3,19.2,9,1,0,0,1,0,38.86
17.21,2,28.9,9,6,1,3,1,2,41.95
4.13,2,36.2,15,4,0,0,1,2,8.08
9.79,3,19.4,14,4,0,0,1,2,33.15
4.2,3,20.6,11,3,0,0,1,2,13.61
4.08,3,19.2,6,5,1,1,1,0,13.84
7.68,3,18.0,22,3,0,0,1,1,31.2
3.79,1,67.0,7,1,0,2,0,2,3.36
6.38,2,74.2,16,3,0,0,0,3,5.19
12.71,3,45.2,5,4,0,1,0,1,18.96
2.38,1,41.1,17,6,1,0,1,0,4.65
10.51,2,20.9,5,6,1,1,2,3,34.3
7.34,4,10.2,8,5,1,0,1,3,49.31
8.46,4,31.1,16,4,0,0,0,2,16.45
6.93,2,50.2,9,6,1,1,0,0,9.16
13.69,3,27.7,14,3,0,0,1,2,29.56
8.19,1,30.3,6,0,0,1,2,0,25.51
5.27,3,12.6,8,4,0,3,2,2,26.62
7.35,4,27.0,17,6,1,0,0,1,16.49
5.1,3,12.4,2,3,0,0,2,1,28.36
4.27,1,84.4,6,3,0,0,0,1,3.2
12.02,1,35.5,8,6,1,0,2,2,24.89
5.11,2,24.2,1,6,1,0,2,2,13.41
1.99,1,91.7,5,1,0,0,0,2,1.5
8.51,2,59.6,9,1,0,0,0,1,9.15
5.29,1,65.8,5,4,0,3,0,1,5.43
15.16,4,14.8,19,2,0,0,1,3,60.02
9.33,1,76.4,4,3,0,1,0,1,7.93
14.75,1,57.1,19,6,1,0,1,3,20.39
10.37,3,19.4,19,0,0,0,1,0,37.97
12.2,1,45.9,5,2,0,0,1,1,24.46
8.25,1,50.9,1,3,0,0,1,2,11.74
10.77,2,28.1,3,2,0,0,2,3,27.72
3.9,1,94.3,15,3,0,0,0,3,2.73
10.34,3,27.0,17,3,0,0,1,2,25.97
2.68,1,52.7,16,2,0,0,1,2,3.87
6.4,3,22.2,14,1,0,0,1,2,17.73
4.61,4,17.3,7,3,0,0,1,2,17.92
7.71,3,48.6,19,4,0,0,0,2,10.06
5.03,4,14.5,9,2,0,0,1,0,22.32
2.76,2,30.2,23,5,1,0,2,2,6.42
2.58,4,10.3,10,1,0,0,2,3,15.75
2.92,3,20.4,8,0,0,1,1,3,9.0
7.83,1,42.8,20,6,1,1,1,1,15.64
8.0,4,11.2,15,3,0,0,1,1,49.28
5.02,4,5.0,17,5,1,2,2,0,71.95
8.68,4,22.1,11,3,0,0,0,2,23.97
6.02,2,30.5,20,5,1,0,1,1,14.49
8.32,2,31.9,21,4,0,1,1,1,21.23
6.64,2,21.0,11,1,0,1,2,0,27.08
10.57,3,40.4,8,3,0,0,0,1,15.59
3.85,1,34.6,16,6,1,2,1,1,8.83
1.74,3,22.1,22,5,1,0,1,1,5.45
6.06,2,23.6,16,1,0,2,1,1,16.73
7.05,3,40.8,22,6,1,0,0,0,11.18
3.3,4,7.4,10,3,0,0,2,0,28.48
3.69,2,28.6,21,5,1,1,1,0,9.73
9.18,2,32.2,6,0,0,1,1,2,20.14
9.32,4,7.0,10,5,1,0,2,0,83.1
5.9,2,29.5,13,4,0,3,1,3,12.97
2.16,1,33.8,16,0,0,0,2,2,4.46
8.98,1,52.7,9,6,1,0,1,2,11.04
7.0,3,19.7,21,0,0,1,1,1,24.59
4.67,4,22.6,20,5,1,1,0,0,11.73
11.21,3,9.7,18,2,0,1,2,0,79.87
1.09,2,60.7,6,0,0,1,0,2,1.5
6.41,1,56.6,4,4,0,0,1,3,7.78
9.05,2,35.2,13,4,0,0,1,1,22.64
2.7,2,30.6,18,5,1,3,1,3,6.2
2.51,2,76.6,6,3,0,0,0,2,2.16
15.93,2,23.0,16,5,1,2,2,2,44.65
9.26,1,60.2,14,0,0,2,0,2,9.55
13.75,2,62.6,17,6,1,0,0,0,16.01
10.76,4,27.5,11,1,0,0,0,2,24.31
7.91,2,33.2,17,2,0,0,1,1,17.8
17.11,1,35.5,7,5,1,0,2,2,33.67
7.42,3,12.0,8,2,0,0,2,1,40.66
6.1,3,24.6,20,2,0,1,1,2,14.94
10.76,3,21.8,9,4,0,0,1,2,33.0
11.31,3,21.6,23,4,0,0,1,2,32.33
8.57,1,47.1,3,3,0,0,1,1,16.37
4.66,3,10.4,13,0,0,0,2,1,32.84
10.74,3,21.3,9,4,0,0,1,1,41.88
4.61,1,74.2,23,2,0,0,0,1,4.25
6.76,1,56.3,23,4,0,0,1,2,7.49
3.68,2,59.3,8,5,1,0,0,1,4.46
3.84,2,25.1,8,0,0,0,2,2,10.58
1.34,3,15.6,18,4,0,1,1,2,5.42
5.99,2,60.5,20,5,1,0,0,1,6.47
8.06,4,30.0,17,0,0,0,0,1,16.43
16.75,3,14.4,19,3,0,0,2,1,89.8
4.36,2,37.8,4,4,0,0,1,0,9.42
6.91,2,30.1,16,0,0,0,1,1,18.28
6.19,1,62.8,17,5,1,3,0,1,6.38
8.24,2,59.6,7,5,1,0,0,1,9.59
5.47,4,12.4,18,0,0,0,1,2,27.7
9.36,3,23.8,21,5,1,0,1,3,24.93
3.53,1,71.6,20,6,1,1,0,1,3.59
6.55,4,24.7,8,1,0,0,0,0,17.87
7.98,4,13.5,9,3,0,0,1,3,37.47
11.68,3,24.9,13,4,0,0,1,2,33.97
9.46,3,12.4,7,1,0,3,2,0,58.1
6.47,2,21.6,22,4,0,3,2,1,24.31
3.84,4,8.3,7,2,0,0,1,0,32.53
17.9,4,6.2,18,2,0,1,2,2,172.43
4.19,3,28.7,10,0,0,0,1,2,10.73
2.87,1,100.0,15,1,0,0,0,3,1.86
4.47,1,80.6,3,6,1,0,0,1,3.22
2.48,4,33.3,8,0,0,0,0,3,4.49
7.93,3,15.9,12,0,0,0,2,2,33.66
6.44,1,26.8,17,6,1,2,2,2,16.97
5.66,3,46.1,18,0,0,0,0,1,7.7
6.07,1,52.0,1,2,0,0,1,1,10.35
4.65,2,31.7,7,6,1,1,1,1,11.09
1.61,3,19.3,17,5,1,0,1,0,5.79
10.78,3,20.5,19,0,0,0,1,2,36.36
4.92,1,81.8,8,6,1,0,0,2,4.02
2.56,1,34.7,8,6,1,0,2,2,5.48
1.94,4,12.1,5,5,1,0,2,2,9.78
12.98,3,47.7,7,6,1,0,0,1,17.36
5.26,1,91.1,0,5,1,0,0,2,3.7
5.18,1,42.7,15,6,1,3,1,2,8.32
8.46,3,21.1,20,0,0,0,1,2,26.36
4.67,2,66.4,7,0,0,0,0,1,4.85
2.44,3,16.9,18,0,0,0,1,0,10.45
4.38,2,15.7,15,1,0,2,2,0,20.6
7.43,2,60.9,21,4,0,1,0,2,6.89
4.35,3,48.4,18,1,0,0,0,2,5.68
3.74,3,16.9,19,3,0,0,2,0,16.57
3.16,2,36.9,16,5,1,0,1,2,5.66
8.03,3,19.4,19,1,0,0,1,1,29.69
7.31,4,22.0,10,6,1,3,0,1,21.71
8.63,4,6.9,8,5,1,0,2,2,77.1
5.68,1,52.5,21,6,1,0,1,2,7.78
4.89,2,64.9,17,5,1,0,0,1,5.01
3.86,1,49.3,5,5,1,0,1,2,5.37
5.28,4,6.8,20,3,0,1,2,3,50.51
2.03,3,14.5,10,2,0,0,2,1,11.04
7.62,2,31.4,9,6,1,0,1,1,18.65
4.99,1,27.8,16,4,0,0,2,0,15.23
11.5,1,50.1,15,0,0,0,1,2,15.51
6.22,1,88.6,14,3,0,0,0,2,4.22
1.57,4,24.1,8,2,0,3,0,3,3.8
7.06,2,29.5,22,4,0,1,1,2,14.85
18.17,4,10.1,22,6,1,2,1,1,125.59
8.02,2,76.6,0,3,0,0,0,3,6.97
9.9,3,41.1,10,2,0,1,0,1,15.8
12.18,1,52.4,2,0,0,0,1,2,15.92
3.64,2,61.4,19,2,0,0,0,1,3.83
5.82,4,18.4,20,2,0,0,1,3,19.6
3.76,1,73.7,13,0,0,1,0,2,3.21
9.25,3,17.7,19,5,1,0,1,1,38.84
3.79,2,25.6,17,5,1,0,2,2,11.06
5.65,3,16.7,13,3,0,1,2,3,22.7
9.69,4,19.6,10,2,0,1,0,1,29.4
9.19,4,8.1,8,0,0,3,1,2,74.38
6.99,4,26.1,8,3,0,0,0,1,15.78
12.26,2,75.2,14,0,0,0,0,3,9.74
9.66,3,28.9,7,1,0,0,1,3,22.01
4.39,3,16.2,7,6,1,0,1,0,19.54
2.51,1,83.5,0,3,0,0,0,2,2.03
3.52,2,32.9,16,1,0,0,1,2,7.44
10.01,3,16.4,23,5,1,1,1,3,33.9
7.97,2,35.0,20,6,1,0,1,2,15.63
12.33,1,48.1,17,2,0,0,1,1,22.11
8.45,2,23.7,18,6,1,0,2,2,25.67
9.79,1,47.7,11,6,1,0,1,1,19.4
7.56,4,12.2,9,2,0,0,1,1,44.02
4.28,4,25.4,10,2,0,0,0,2,10.62
4.16,1,49.4,5,3,0,0,1,2,5.52
3.55,1,37.3,16,6,1,2,1,1,8.07
4.29,3,18.9,7,4,0,2,1,2,15.67
12.5,3,22.6,18,3,0,0,1,1,38.19
9.09,2,32.8,7,3,0,0,1,1,21.11
5.73,2,29.9,8,4,0,0,1,0,14.76
8.11,1,51.7,22,3,0,1,1,3,11.34
8.04,1,92.5,5,5,1,0,0,3,6.0
13.1,1,30.1,13,1,0,0,2,1,39.7
5.39,1,39.0,4,4,0,2,1,2,9.81
7.31,1,90.1,5,4,0,0,0,3,5.31
9.83,4,17.2,16,6,1,0,1,2,36.43
4.26,2,24.5,16,1,0,2,1,0,11.72
13.72,2,36.1,7,4,0,0,1,1,32.12
9.56,2,19.9,20,6,1,1,2,1,37.85
3.53,4,10.4,17,4,0,1,1,1,23.36
16.28,3,11.1,9,1,0,2,2,2,99.82
12.27,2,27.9,8,0,0,1,1,1,30.57
8.9,4,6.2,18,0,0,1,2,2,91.11
1.73,1,77.1,17,5,1,0,0,1,1.5
4.74,3,51.6,7,0,0,0,0,2,6.22
7.02,4,12.7,10,1,0,0,1,1,37.19
7.33,4,11.9,8,2,0,0,1,3,38.78
6.7,4,25.4,9,3,0,0,0,0,16.3
2.89,2,56.3,9,6,1,1,0,1,3.95
5.55,3,48.1,22,4,0,0,0,2,7.25
5.89,3,15.5,18,6,1,0,1,1,27.04
1.48,3,14.1,18,1,0,0,2,1,8.38
8.86,3,27.9,9,3,0,0,1,3,21.75
14.57,1,52.9,0,1,0,0,1,2,20.18
6.13,2,35.1,3,4,0,0,1,2,12.49
8.95,1,51.2,14,2,0,0,1,1,16.28
3.57,3,18.1,9,1,0,1,1,1,14.37
7.84,2,69.8,7,3,0,0,0,2,6.53
7.92,2,24.0,3,5,1,0,2,2,24.97
11.52,3,13.1,20,3,0,2,1,1,57.91
12.76,1,41.7,15,4,0,1,1,0,25.12
8.89,2,40.0,6,6,1,0,1,2,15.04
4.35,1,51.2,18,5,1,0,1,2,5.73
4.25,2,59.3,18,0,0,1,0,2,4.79
12.69,4,12.3,9,4,0,0,1,0,68.94
2.2,2,61.7,7,5,1,0,0,1,2.0
3.08,4,27.2,19,5,1,0,0,1,7.07
4.72,4,11.6,9,4,0,0,1,2,24.81
8.52,2,24.6,19,6,1,2,1,1,27.42
14.31,1,54.8,2,0,0,0,1,2,17.92
14.95,2,22.3,13,2,0,0,2,1,52.75
1.17,1,31.5,7,1,0,1,2,2,2.74
7.69,3,20.3,17,3,0,3,1,3,23.12
6.38,1,57.7,23,1,0,0,1,2,7.79
3.89,4,13.3,11,1,0,0,1,0,22.36
1.09,1,69.7,5,3,0,1,0,1,1.5
6.36,1,34.9,9,0,0,0,2,2,14.68
3.04,4,5.5,20,3,0,2,2,2,33.51
8.34,1,37.7,18,6,1,0,2,1,21.01
6.7,3,18.3,8,0,0,0,1,1,29.0
1.76,3,19.9,22,0,0,0,1,1,6.13
5.74,1,51.8,16,4,0,0,1,2,7.65
2.46,1,47.6,7,6,1,1,1,3,3.66
7.49,1,36.0,15,2,0,0,2,2,15.64
9.36,1,69.3,12,5,1,1,0,1,9.33
5.12,3,14.0,19,4,0,0,2,2,24.32
12.34,4,10.9,10,2,0,0,2,1,78.55
7.57,3,40.5,20,0,0,0,0,0,14.02
6.59,3,25.5,19,5,1,0,1,3,18.46
6.66,1,32.1,17,5,1,0,2,1,17.9
5.74,4,12.4,8,4,0,0,2,3,30.56
5.61,2,27.4,22,1,0,0,2,2,14.63
2.97,4,6.9,14,3,0,0,2,2,26.22
13.83,4,6.7,20,3,0,0,2,1,147.37
5.7,4,8.4,8,3,0,1,2,3,45.84
14.95,1,45.1,23,2,0,1,1,1,29.73
9.27,3,49.4,19,3,0,0,0,3,11.78
6.02,3,21.8,21,2,0,0,1,2,17.7
7.02,3,44.2,8,2,0,0,0,1,9.54
9.36,2,35.9,11,6,1,0,1,2,18.41
10.89,3,25.0,5,5,1,0,1,2,27.96
6.53,1,33.3,6,2,0,0,2,2,14.6
10.37,4,9.5,9,1,0,1,1,1,68.25
9.18,3,19.6,22,5,1,0,1,0,29.47
9.41,3,22.9,17,0,0,0,2,3,26.75
10.39,3,23.1,9,1,0,0,1,2,26.19
4.59,1,46.1,22,0,0,1,1,1,9.79
12.99,4,13.7,18,1,0,0,1,1,73.1
7.98,2,62.7,20,2,0,0,0,1,8.21
10.87,3,42.2,21,0,0,1,0,1,15.21
6.52,1,44.3,18,5,1,1,1,1,12.07
7.44,3,21.9,8,3,0,0,1,1,24.59
4.58,3,19.1,23,1,0,3,1,2,16.32
3.34,3,17.8,9,0,0,0,2,2,11.76
5.88,2,33.6,17,3,0,0,1,1,14.33
9.59,3,18.4,19,4,0,1,2,3,34.51
4.66,1,75.9,7,6,1,1,0,2,4.16
2.24,1,44.2,16,2,0,0,1,0,4.74
11.83,2,28.1,10,1,0,1,1,1,33.52
3.06,2,61.2,8,1,0,1,0,1,3.44
7.84,1,34.6,0,5,1,2,1,2,15.39
15.94,3,15.6,20,5,1,0,2,2,68.2
28.35,3,19.1,6,4,0,0,1,1,110.65
6.05,4,25.2,20,0,0,0,0,1,14.72
11.92,1,40.2,15,1,0,0,1,0,25.18
7.9,3,18.2,16,1,0,0,1,0,30.95
3.65,1,53.1,19,6,1,0,1,2,4.96
5.76,2,71.6,13,1,0,0,0,3,4.78
4.91,2,37.2,10,6,1,0,1,1,11.88
11.68,1,91.2,6,6,1,0,0,3,8.05
15.59,1,43.0,15,1,0,0,1,1,31.77
5.26,1,98.8,14,4,0,0,0,3,3.16
2.29,1,46.3,9,6,1,0,1,0,4.24
7.29,1,46.6,15,2,0,0,1,0,13.87
3.81,2,39.5,12,1,0,0,1,1,8.26
3.29,3,44.0,18,4,0,0,0,2,4.35
4.36,2,33.2,14,3,0,1,1,1,9.92
4.16,1,46.3,21,6,1,0,1,2,6.65
8.32,4,6.3,13,1,0,0,2,1,86.44
9.4,4,11.5,20,0,0,3,1,0,57.13
7.79,1,38.1,13,4,0,0,2,3,14.52
3.8,2,53.9,14,0,0,0,0,0,4.47
3.87,4,10.6,10,2,0,1,1,2,21.36
6.34,3,16.3,11,3,0,2,1,3,22.74
5.43,3,21.5,21,0,0,0,1,0,18.25
6.72,4,7.5,8,6,1,2,2,2,55.69
8.17,3,43.1,6,1,0,0,0,0,11.97
6.3,3,13.5,19,4,0,2,1,1,32.85
8.99,2,35.1,15,6,1,0,1,2,16.99
7.44,4,13.6,9,3,0,0,1,1,35.83
9.23,3,21.3,11,4,0,0,1,1,29.98
3.16,1,81.2,14,6,1,0,0,1,2.9
2.06,1,36.4,15,5,1,2,1,2,3.75
3.72,3,48.2,19,6,1,0,0,3,4.87
11.24,3,13.7,11,3,0,1,2,1,63.13
7.47,2,35.6,17,5,1,0,1,0,19.02
4.61,1,36.7,19,0,0,1,1,0,9.24
4.2,2,65.7,19,2,0,0,0,2,4.18
9.54,3,46.6,8,5,1,0,0,2,11.84
7.57,4,23.2,10,4,0,1,0,1,20.45
2.84,1,47.2,15,1,0,0,1,0,4.76
2.82,4,11.4,20,4,0,0,1,3,14.26
9.06,2,38.9,18,5,1,0,1,3,15.2
4.5,1,29.5,15,2,0,0,2,1,12.56
2.38,1,79.1,23,5,1,1,0,2,1.62
2.35,1,94.7,12,0,0,0,0,3,1.5
8.33,3,25.9,19,1,0,0,1,2,20.45
4.65,4,30.6,19,1,0,0,0,2,9.6
9.94,1,89.2,20,6,1,0,0,2,6.7
6.84,2,38.5,23,0,0,0,1,3,12.1
5.13,1,33.7,13,4,0,0,2,0,11.69
6.6,1,70.7,7,1,0,0,0,0,6.14
16.77,2,72.9,12,4,0,0,0,2,14.71
3.58,2,19.6,19,4,0,0,2,0,13.88
12.22,2,34.8,19,0,0,0,1,0,27.21
9.12,3,46.7,9,2,0,0,0,1,13.16
4.78,1,77.4,3,6,1,0,0,1,4.32
9.12,3,23.8,13,2,0,0,1,3,26.21
7.3,2,59.8,12,4,0,0,0,1,7.92
6.23,2,33.8,5,6,1,0,1,2,11.05
5.41,3,20.5,18,0,0,0,1,0,19.41
10.9,1,47.3,9,2,0,0,1,2,15.91
6.73,3,27.0,16,5,1,0,1,2,16.55
3.75,3,23.7,5,4,0,1,1,3,10.04
6.47,4,9.4,19,1,0,0,2,2,40.69
2.44,2,61.6,18,1,0,0,0,1,2.26
4.52,1,82.3,10,5,1,0,0,1,4.08
8.96,1,33.1,16,3,0,0,2,1,23.25
3.46,2,61.1,7,3,0,0,0,1,4.26
20.08,2,24.2,23,3,0,0,2,2,58.41
1.41,4,10.7,18,2,0,0,2,1,9.99
5.34,2,40.5,18,6,1,0,1,3,8.69
9.45,1,45.7,7,5,1,0,1,1,17.9
2.52,2,64.8,0,1,0,0,0,1,2.89
9.54,2,34.5,15,1,0,1,1,2,16.75
9.19,1,56.6,7,2,0,0,1,3,11.44
5.57,2,53.2,18,1,0,1,0,1,7.25
3.83,3,20.1,11,1,0,0,1,2,12.03
6.68,2,23.4,10,4,0,1,2,2,19.69
8.97,3,9.5,4,1,0,0,2,0,61.62
4.02,3,14.4,23,4,0,0,2,2,18.74
6.19,1,46.6,22,3,0,0,1,1,11.42
2.6,2,69.4,6,0,0,0,0,2,2.36
10.29,3,19.6,9,4,0,0,1,1,36.81
15.29,2,24.6,10,6,1,2,1,1,48.52
5.01,2,65.1,9,5,1,0,0,2,5.0
4.31,1,30.6,21,1,0,1,2,2,10.2
11.46,4,10.1,17,3,0,0,2,2,73.18
11.35,1,49.6,22,0,0,0,1,2,17.96
9.69,2,31.0,20,0,0,0,1,0,25.76
3.08,1,48.5,18,3,0,0,1,1,5.75
0.85,4,29.1,17,3,0,1,0,3,1.79
6.03,4,10.3,19,0,0,1,1,2,33.63
8.34,3,20.1,17,0,0,1,1,1,29.21
5.02,3,20.4,7,1,0,0,1,1,18.29
11.23,2,34.3,16,5,1,1,1,2,23.8
4.43,2,16.7,13,4,0,0,2,0,19.71
2.1,4,33.0,23,4,0,0,0,3,4.21
5.01,2,33.1,13,0,0,0,1,0,10.3
7.93,1,35.2,2,0,0,0,2,2,14.36
3.42,4,11.5,8,6,1,1,1,2,16.96
7.49,1,47.9,21,5,1,1,1,2,11.78
6.01,3,45.0,22,5,1,0,0,1,9.24
15.11,4,25.0,17,2,0,0,0,1,38.12
10.48,1,87.3,3,0,0,0,0,2,7.61
21.15,1,54.2,1,4,0,0,1,3,31.28
2.95,3,15.7,13,1,0,0,1,0,13.42
12.49,1,28.6,23,2,0,0,2,0,36.4
1.61,4,20.6,20,4,0,2,0,1,4.79
10.97,3,22.7,21,1,0,0,1,2,32.17
2.03,1,47.6,16,5,1,0,1,1,3.57
9.47,2,24.4,19,5,1,2,1,2,25.95
7.54,3,22.9,9,2,0,0,1,2,22.05
8.01,1,47.4,1,2,0,0,1,1,15.45
1.44,3,25.0,21,2,0,0,1,2,4.06
9.1,1,69.9,8,2,0,1,0,0,9.11
2.09,3,18.4,17,2,0,1,1,0,8.35
15.14,2,21.1,16,2,0,1,2,0,53.41
4.27,2,18.9,7,3,0,1,2,2,15.28
5.25,2,52.8,7,5,1,2,0,2,6.64
12.39,2,33.7,9,1,0,1,1,2,24.61
6.81,4,12.8,18,4,0,1,1,1,34.85
6.88,1,45.6,2,0,0,0,1,1,14.24
8.56,2,63.6,11,4,0,0,0,1,9.25
3.57,3,15.5,17,3,0,3,1,2,13.37
4.23,2,31.5,7,3,0,1,1,2,8.32
7.0,1,38.4,6,6,1,1,1,0,13.07
15.73,2,19.6,10,2,0,0,2,2,52.42
9.93,3,45.0,9,3,0,0,0,1,13.26
10.29,2,38.7,16,4,0,0,1,3,17.72
13.02,2,29.0,22,3,0,0,2,3,33.89
11.25,2,24.2,0,4,0,0,2,2,30.65
9.67,4,10.3,20,2,0,0,1,0,61.45
5.98,3,17.7,11,2,0,1,1,1,23.92
1.25,4,7.4,17,3,0,2,2,1,11.57
3.38,3,50.7,19,5,1,0,0,2,4.33
3.7,2,29.9,15,0,0,0,1,0,8.84
11.86,1,85.0,5,2,0,1,0,3,9.22
8.97,3,27.0,6,1,0,0,1,2,22.42
0.8,2,37.4,18,1,0,0,1,2,1.5
6.71,2,62.4,8,6,1,0,0,1,6.88
1.25,2,27.3,15,2,0,0,2,2,2.89
5.96,1,79.1,11,5,1,0,0,1,4.78
11.41,3,35.3,9,5,1,2,0,2,19.0
8.96,3,12.4,18,3,0,1,2,1,47.99
5.31,3,50.5,17,2,0,0,0,3,6.45
7.31,1,54.4,16,3,0,0,1,3,10.05
4.28,3,49.8,10,4,0,0,0,2,5.53
2.77,3,51.5,8,0,0,0,0,2,3.57
4.09,1,51.6,13,0,0,0,1,2,6.13
10.79,3,50.7,19,4,0,0,0,2,11.5
12.65,1,57.7,15,4,0,0,1,3,18.26
11.11,1,36.6,22,4,0,0,2,3,20.57
10.41,3,9.8,0,0,0,2,2,2,57.57
3.2,1,31.0,23,2,0,0,2,0,9.41
5.6,2,35.5,17,1,0,0,1,1,13.31
5.95,1,43.0,19,5,1,0,1,1,12.48
4.85,2,26.5,9,5,1,2,1,2,12.89
3.41,2,27.6,13,3,0,0,2,3,7.76
7.52,2,71.1,18,1,0,0,0,2,6.89
7.36,2,29.8,18,3,0,2,1,2,17.11
5.5,4,24.3,9,0,0,0,0,0,14.52
14.3,2,56.5,9,2,0,0,0,0,17.38
5.0,2,25.7,16,1,0,2,1,3,12.41
6.19,4,18.6,21,4,0,0,1,1,22.99
2.49,2,69.4,12,4,0,0,0,2,2.19
9.74,3,48.0,10,4,0,0,0,2,12.31
12.41,3,15.1,20,6,1,3,1,1,57.21
2.25,1,71.2,17,6,1,3,0,2,1.96
8.58,1,48.2,10,6,1,1,1,3,13.4
5.31,2,25.8,3,5,1,0,2,1,16.39
10.06,3,17.9,17,1,0,2,1,1,40.18
7.65,4,13.1,10,6,1,0,1,1,40.21
7.65,1,53.5,4,6,1,0,1,2,10.3
7.34,3,13.6,16,2,0,0,2,2,35.37
16.3,4,8.4,9,2,0,0,2,1,139.22
2.79,1,43.6,10,4,0,0,1,1,5.03
1.27,1,41.2,12,1,0,1,1,1,2.66
9.81,4,8.8,17,4,0,0,1,2,69.36
3.22,4,8.8,9,3,0,0,1,3,21.93
10.2,1,44.5,5,3,0,1,1,2,17.15
9.56,3,18.0,11,1,0,0,1,1,37.91
4.03,2,62.1,3,3,0,1,0,2,4.19
23.79,2,23.7,17,0,0,1,2,2,68.2
13.72,1,38.8,22,0,0,0,2,3,23.47
6.31,1,46.4,16,0,0,0,1,1,12.24
7.44,3,14.7,9,3,0,2,2,2,34.0
12.03,1,47.6,7,2,0,1,1,2,17.19
2.94,3,12.6,8,0,0,3,2,2,14.27
8.61,4,9.4,8,4,0,1,2,0,55.81
6.24,2,69.5,9,6,1,0,0,2,5.71
13.97,1,79.6,5,2,0,0,0,1,12.46
1.85,3,43.5,20,1,0,0,0,2,2.58
7.74,4,24.5,20,3,0,0,0,1,19.39
2.93,2,34.4,16,4,0,0,1,1,7.05
8.69,3,15.5,4,1,0,2,1,1,35.98
6.83,3,25.9,18,3,0,0,1,2,17.89
7.28,3,24.7,4,5,1,0,1,2,19.83
10.53,2,58.1,6,3,0,1,0,1,11.7
9.17,4,28.1,9,4,0,0,0,3,19.63
4.33,1,98.5,11,5,1,0,0,3,2.72
1.47,3,18.2,10,3,0,0,2,1,6.11
2.02,1,32.2,7,3,0,0,2,1,5.71
4.45,1,75.5,6,6,1,1,0,2,4.0
7.37,3,18.8,19,3,0,0,1,2,24.8
6.46,3,15.6,10,2,0,0,2,3,26.36
7.51,3,23.3,8,0,0,0,1,3,21.73
12.27,2,42.5,13,5,1,0,1,3,19.49
4.61,3,19.5,2,4,0,0,2,2,16.54
10.14,3,41.2,15,2,0,0,0,1,16.52
7.21,4,27.3,8,4,0,0,0,2,16.88
12.95,3,23.9,15,2,0,0,1,2,35.25
7.68,2,31.8,16,6,1,0,1,0,18.62
15.36,3,51.4,18,3,0,0,0,2,19.29
9.64,1,25.5,8,6,1,2,2,3,28.96
11.51,4,11.2,12,5,1,0,2,1,64.34
4.49,1,76.1,22,3,0,1,0,2,3.71
12.8,3,27.6,17,5,1,1,1,3,30.98
15.5,1,32.1,22,5,1,0,2,0,42.53
9.02,1,58.8,21,5,1,0,1,3,10.97
5.64,1,82.4,16,6,1,0,0,2,4.29
11.71,4,6.3,8,2,0,0,2,1,126.96
10.08,3,46.0,18,3,0,0,0,2,13.4
18.03,4,10.4,17,6,1,0,1,1,111.28
8.84,3,42.6,15,5,1,1,0,2,12.59
6.28,3,12.7,17,0,0,0,2,2,30.6
7.14,3,37.3,16,4,0,3,0,1,13.51
3.94,3,44.7,13,5,1,0,0,1,5.53
5.54,4,8.3,11,3,0,0,1,3,44.52
1.75,1,77.5,2,5,1,0,0,1,1.5
6.13,3,44.5,19,5,1,1,0,2,8.12
11.85,2,73.6,19,1,0,0,0,3,10.71
19.05,3,17.7,15,2,0,1,1,2,69.11
5.35,1,75.9,8,5,1,0,0,1,4.36
9.41,1,33.9,1,2,0,2,1,0,21.01
6.28,2,19.4,0,5,1,0,2,1,27.2
5.29,3,43.7,4,3,0,0,0,1,7.7
3.32,1,26.8,10,6,1,1,2,1,10.8
14.68,1,48.3,7,6,1,0,1,1,26.4
2.23,4,11.3,8,2,0,0,2,3,12.4
8.5,4,17.4,17,1,0,1,1,2,32.38
2.64,2,24.5,22,2,0,2,1,1,8.14
4.7,3,23.7,8,1,0,0,1,1,14.81
14.25,1,79.2,12,2,0,1,0,2,10.64
3.24,2,33.7,23,2,0,0,1,2,7.18
8.04,1,91.2,21,1,0,0,0,2,5.39
12.83,3,52.9,10,4,0,0,0,3,16.38
8.35,1,39.1,9,5,1,0,2,2,16.12
8.58,3,17.2,8,0,0,0,1,0,34.09
8.28,1,59.2,7,5,1,0,1,3,10.46
2.64,4,17.3,12,6,1,3,0,1,10.28
11.37,4,6.9,10,1,0,0,1,2,106.97
12.62,2,75.1,18,0,0,0,0,2,10.14
7.75,3,17.2,8,6,1,0,2,1,33.08
7.02,3,52.3,17,5,1,0,0,2,7.98
2.54,1,36.6,9,5,1,0,2,3,5.34
4.01,2,23.5,15,2,0,0,2,2,12.23
8.18,1,80.5,16,4,0,0,0,1,6.65
1.85,3,40.6,17,1,0,1,0,2,2.75
3.76,1,27.2,7,4,0,0,2,0,12.5
5.41,4,7.9,9,1,0,2,1,0,45.83
2.99,3,44.3,8,5,1,0,0,0,4.77
3.83,1,31.4,15,3,0,0,2,2,8.39
8.56,2,28.2,4,1,0,0,2,2,22.37
6.22,1,57.6,13,0,0,0,1,3,7.73
9.88,1,35.8,5,3,0,0,2,2,21.32
5.24,1,38.6,10,2,0,1,1,1,10.57
6.16,1,48.8,17,5,1,1,1,3,8.26
7.64,4,24.4,11,6,1,0,0,0,21.85
3.97,4,8.8,9,1,0,0,2,0,33.84
8.86,2,55.2,16,5,1,1,0,1,10.37
3.35,3,46.0,18,0,0,0,0,0,4.22
4.27,1,46.5,8,6,1,0,1,1,7.37
4.77,4,24.4,9,2,0,1,0,1,11.68
4.45,1,37.9,16,0,0,3,1,1,8.81
6.88,3,50.3,22,2,0,0,0,2,8.28
4.46,1,63.0,8,5,1,3,0,1,4.79
5.88,1,52.3,16,1,0,0,1,3,7.77
12.18,1,50.7,20,6,1,0,1,2,16.31
12.77,3,22.2,12,6,1,0,1,3,36.08
0.8,3,15.2,9,6,1,1,1,2,3.23
8.55,3,22.9,17,4,0,0,1,0,27.78
1.53,4,16.7,1,2,0,0,1,1,6.44
8.89,1,85.6,10,6,1,0,0,2,6.39
11.08,1,83.8,8,5,1,1,0,3,8.26
4.93,3,12.7,8,4,0,1,2,2,26.15
12.97,2,40.1,7,6,1,0,1,3,25.34
4.06,3,52.6,17,2,0,0,0,2,4.52
11.82,2,53.6,22,4,0,3,0,1,14.11
10.92,4,9.6,10,1,0,0,2,2,72.89
2.42,2,20.4,3,0,0,0,2,2,8.54
5.2,4,12.7,17,1,0,2,1,2,25.24
2.12,4,10.3,14,2,0,0,1,0,14.24
3.05,2,22.0,17,6,1,0,2,1,11.71
13.2,2,38.0,16,3,0,0,1,2,23.93
8.86,4,11.8,20,0,0,0,1,2,43.8
4.43,3,13.6,6,6,1,1,2,0,25.79
1.6,3,20.2,7,4,0,1,1,2,4.98
2.04,4,10.2,10,0,0,0,1,0,13.76
5.94,3,40.5,13,0,0,1,0,1,9.7
13.58,2,73.1,21,6,1,0,0,3,10.84
10.22,3,13.2,20,1,0,1,2,1,54.76
6.08,4,8.6,20,2,0,0,1,0,46.83
6.09,1,48.4,8,5,1,0,1,0,11.26
7.71,3,18.3,17,5,1,1,1,3,24.92
12.27,3,14.3,10,1,0,0,2,1,65.56
3.49,2,27.4,21,2,0,0,2,2,8.87
7.63,3,23.9,8,3,0,0,1,1,25.8
2.94,2,33.4,6,1,0,0,1,1,7.7
7.28,2,38.4,19,6,1,0,1,3,13.03
6.03,3,25.5,17,3,0,0,1,3,13.92
2.19,2,17.1,19,2,0,2,2,3,8.46
7.71,3,32.7,7,0,0,1,0,0,14.71
4.79,2,32.0,20,3,0,0,1,0,12.27
5.18,4,32.0,17,3,0,0,0,3,10.3
3.75,1,47.4,16,6,1,0,1,1,7.23
7.18,2,69.7,15,2,0,0,0,2,6.45
6.89,4,13.3,18,2,0,0,2,2,33.43
9.93,1,38.9,11,6,1,2,1,2,17.38
8.21,2,23.1,6,1,0,0,2,0,27.19
3.78,1,30.3,14,1,0,0,2,1,11.64
10.23,2,21.8,18,2,0,0,2,2,31.42
11.66,1,72.8,7,3,0,1,0,1,9.98
4.12,1,44.4,8,6,1,1,1,3,6.22
5.42,3,14.2,17,4,0,3,1,2,24.08
4.71,4,16.2,8,1,0,0,1,0,20.95
6.72,2,70.6,7,2,0,0,0,2,6.24
3.9,3,15.5,20,4,0,0,2,1,20.23
9.82,1,52.2,7,4,0,0,1,1,17.06
3.35,1,44.0,10,6,1,1,1,1,6.28
5.12,4,6.9,11,4,0,0,2,2,47.88
8.05,1,31.9,12,4,0,1,2,3,17.61
6.72,4,18.0,10,0,0,0,1,2,24.35
6.92,4,11.0,21,1,0,1,1,1,41.44
3.1,1,46.4,16,4,0,1,1,2,4.76
6.06,4,8.8,10,4,0,1,1,2,36.84
11.37,3,19.3,10,6,1,0,1,1,43.13
9.53,2,62.9,13,2,0,0,0,1,9.4
5.47,2,56.9,2,5,1,1,0,0,5.9
6.65,3,48.3,21,2,0,0,0,1,7.37
7.42,3,49.5,8,5,1,0,0,2,8.16
13.06,3,45.1,17,0,0,1,0,2,18.55
4.94,3,13.2,18,4,0,0,2,0,27.01
9.45,3,18.7,19,0,0,0,1,1,34.54
6.71,1,35.0,7,6,1,2,1,1,15.33
11.35,1,36.3,14,5,1,0,2,2,21.18
12.0,2,36.3,5,6,1,0,1,3,23.0
6.97,3,21.6,18,2,0,0,1,3,21.38
4.45,1,86.6,13,5,1,1,0,3,3.37
11.16,2,69.0,7,1,0,0,0,3,10.26
6.56,3,19.1,17,3,0,0,1,2,19.61
2.69,3,43.6,9,3,0,0,0,1,3.94
2.23,2,43.5,6,5,1,0,1,2,3.8
6.58,2,35.0,12,0,0,0,1,2,13.64
0.86,3,15.4,8,2,0,0,2,1,4.71
4.77,1,46.8,22,6,1,0,1,1,9.75
11.6,2,53.8,10,3,0,1,0,0,12.81
12.81,3,15.4,15,4,0,0,1,1,59.05
11.61,3,24.8,21,1,0,0,1,1,32.09
6.66,4,12.3,11,2,0,0,1,3,34.58
3.76,4,8.7,10,0,0,0,1,0,28.54
12.29,1,30.2,7,6,1,3,2,1,33.61
7.26,4,11.0,21,2,0,3,1,3,39.3
2.63,3,42.6,18,6,1,2,0,3,3.76
6.89,4,10.5,8,1,0,0,1,2,41.97
11.23,3,25.2,9,5,1,1,1,3,30.82
1.38,3,39.8,21,2,0,1,0,0,2.1
5.93,2,24.7,14,5,1,0,2,2,18.51
13.67,2,63.5,14,0,0,0,0,1,13.1
6.64,4,8.5,16,4,0,2,1,2,52.62
3.12,2,25.8,18,2,0,0,2,1,10.74
10.53,3,22.7,21,0,0,0,1,2,30.59
8.96,2,59.1,18,5,1,0,0,1,11.27
7.27,1,53.5,21,5,1,0,1,2,9.34
3.19,2,33.9,19,4,0,0,1,1,7.07
7.85,2,23.5,3,3,0,0,2,1,28.51
9.45,2,58.7,6,2,0,0,0,1,10.29
2.61,3,26.1,20,4,0,0,1,1,7.13
7.67,1,28.2,1,5,1,1,2,1,23.25
5.59,4,15.2,18,3,0,0,1,3,22.44
1.94,2,26.8,19,6,1,3,1,1,5.18
5.76,1,37.4,11,5,1,0,2,2,11.09
5.02,1,55.2,10,6,1,0,1,2,6.47
6.13,3,15.7,7,2,0,0,2,1,28.79
4.63,1,79.0,3,2,0,0,0,0,3.95
2.21,3,21.0,18,1,0,0,1,0,7.72
13.26,2,68.2,4,2,0,0,0,2,12.24
22.41,2,20.5,21,2,0,0,2,0,83.8
5.13,4,13.2,9,4,0,0,1,1,27.18
6.57,2,27.6,18,0,0,1,1,3,15.23
22.12,3,16.9,3,1,0,2,1,2,86.41
3.15,2,31.4,14,2,0,0,1,0,8.04
4.45,4,23.9,10,4,0,1,0,2,10.72
8.41,2,36.7,1,5,1,0,1,2,15.85
7.48,4,13.7,16,6,1,0,1,1,38.34
11.28,2,31.6,21,5,1,1,1,1,28.14
9.1,1,47.6,0,6,1,0,1,1,15.56
14.28,3,22.7,8,4,0,1,1,3,41.44
7.98,1,51.6,17,6,1,0,1,1,14.62
2.67,3,15.0,20,0,0,3,2,1,13.13
5.17,2,61.8,7,3,0,0,0,1,5.02
10.54,1,50.2,4,2,0,0,1,1,18.87
1.27,1,76.6,0,6,1,0,0,1,1.5
5.8,4,10.9,8,3,0,1,1,0,33.29
7.76,1,49.5,4,0,0,0,1,2,11.72
7.83,4,10.6,10,4,0,2,1,1,51.96
4.16,2,37.6,12,3,0,0,1,3,7.23
4.99,2,60.2,13,0,0,0,0,0,5.72
7.31,1,67.9,6,3,0,1,0,0,7.02
10.26,4,10.6,12,5,1,0,1,1,62.63
2.76,2,38.3,0,4,0,0,1,2,5.2
6.75,2,73.3,8,2,0,0,0,2,5.65
12.67,2,69.8,10,5,1,0,0,2,11.37
6.45,1,57.7,6,5,1,0,1,3,7.95
8.57,4,13.7,19,1,0,0,2,2,39.77
14.13,1,43.5,8,5,1,0,1,0,28.14
7.24,1,80.7,18,4,0,0,0,1,5.89
13.88,4,13.4,12,6,1,0,1,1,69.9
5.21,2,41.3,13,3,0,0,1,3,8.51
11.86,1,47.9,16,2,0,0,1,1,21.68
7.73,2,55.7,2,1,0,2,0,3,8.51
7.86,1,44.3,5,5,1,0,1,0,16.04
8.6,4,11.8,9,0,0,2,1,2,44.2
7.76,1,50.9,11,2,0,0,1,1,12.53
7.94,2,30.4,11,4,0,1,1,1,19.26
16.77,3,15.7,17,3,0,0,2,0,85.02
8.81,1,33.1,0,5,1,0,2,1,24.99
11.98,2,29.1,22,1,0,2,1,2,26.36
4.09,1,84.4,7,5,1,0,0,2,3.09
2.26,3,44.0,8,2,0,0,0,1,2.94
2.41,2,27.3,20,6,1,3,1,2,5.82
2.91,4,26.1,0,1,0,0,0,1,7.78
14.07,2,61.2,23,6,1,0,0,1,16.15
2.34,2,69.4,2,1,0,0,0,2,2.02
6.1,1,47.1,6,2,0,0,1,2,8.0
19.15,1,40.9,8,6,1,1,1,1,39.87
9.76,3,16.3,12,5,1,2,1,2,38.5
4.76,4,25.8,13,3,0,0,0,0,11.48
3.9,1,37.7,5,6,1,1,1,0,8.29
5.32,4,31.8,4,5,1,0,0,3,10.82
8.0,1,70.1,1,0,0,1,0,1,7.61
5.49,4,12.9,8,2,0,0,1,1,29.97
9.76,3,21.6,21,0,0,0,1,1,33.86
16.37,1,53.7,10,1,0,0,1,2,21.88
4.3,2,42.8,18,1,0,0,1,3,7.35
16.82,4,11.5,7,6,1,0,1,2,87.58
7.4,1,46.4,4,3,0,3,1,3,11.41
5.39,1,72.0,14,6,1,0,0,0,5.44
3.87,2,34.3,19,2,0,0,1,1,8.76
9.05,2,27.3,20,5,1,3,1,1,25.23
4.49,1,47.6,14,2,0,0,1,1,8.3
9.55,4,28.6,9,4,0,0,0,3,20.75
6.73,3,43.9,6,3,0,0,0,1,9.86
5.06,3,38.4,17,2,0,1,0,1,8.02
6.66,3,20.2,9,1,0,0,1,1,23.8
8.88,4,16.9,19,3,0,1,1,2,32.74
6.16,2,57.2,15,4,0,1,0,1,7.62
4.49,3,22.3,19,4,0,0,1,0,14.52
4.1,3,25.8,15,6,1,1,1,2,9.57
10.09,1,91.2,18,5,1,0,0,3,7.16
3.17,2,33.6,9,1,0,0,1,2,6.85
4.25,1,38.5,13,6,1,0,2,2,8.3
2.25,1,48.1,1,5,1,0,1,2,3.29
6.46,1,36.8,15,2,0,2,1,2,11.75
3.5,1,40.0,14,1,0,2,1,2,6.11
6.13,2,20.4,18,4,0,0,2,0,24.79
6.26,3,20.7,17,3,0,0,1,0,23.12
6.49,2,33.3,16,2,0,0,1,0,15.77
4.77,3,42.9,3,1,0,0,0,2,6.54
10.05,3,48.5,20,5,1,0,0,1,13.38
5.49,1,50.8,0,2,0,0,1,0,10.06
4.31,4,11.7,18,3,0,0,1,0,24.02
2.42,2,24.0,13,4,0,0,2,0,7.36
10.99,4,20.9,19,1,0,0,1,2,35.05
4.64,1,75.8,12,6,1,0,0,0,4.39
9.63,1,43.2,16,4,0,1,1,2,17.35
5.33,2,41.0,10,5,1,0,1,3,8.68
17.31,1,76.3,18,5,1,0,0,1,14.4
16.97,3,22.6,8,1,0,0,1,2,49.12
7.99,3,47.4,17,2,0,0,0,1,11.42
8.05,2,72.8,7,6,1,0,0,2,6.89
7.55,2,35.8,17,6,1,0,1,3,14.27
5.46,2,35.1,9,0,0,0,1,1,14.11
10.49,3,51.7,9,1,0,0,0,3,11.5
6.54,2,45.5,19,1,0,2,0,1,8.87
3.21,4,27.0,19,4,0,0,0,1,7.2
5.74,4,16.7,17,0,0,0,1,3,21.72
3.3,2,54.5,21,6,1,2,0,2,3.52
3.14,1,46.4,7,5,1,0,1,0,6.74
4.07,4,21.1,8,0,0,2,0,2,11.49
15.69,4,13.3,9,0,0,0,1,2,77.03
8.57,2,36.8,9,0,0,1,1,2,17.54
5.75,3,13.6,9,3,0,0,2,1,31.29
5.43,2,38.9,17,6,1,0,1,3,9.75
6.98,3,16.1,8,2,0,0,2,2,28.8
4.66,3,24.9,9,1,0,0,1,3,11.98
8.85,1,46.4,15,2,0,0,1,1,16.61
7.29,1,34.2,7,5,1,1,2,2,17.02
8.34,4,29.7,10,2,0,0,0,2,17.76
5.52,3,18.2,3,2,0,0,2,0,22.54
19.31,2,67.2,22,2,0,0,0,1,21.17
3.28,3,20.3,9,3,0,1,1,1,11.59
8.94,3,18.3,19,4,0,2,1,3,33.42
4.84,1,53.7,14,6,1,2,0,0,6.12
7.26,2,25.6,8,3,0,0,2,3,19.49
7.82,3,18.7,7,1,0,0,2,1,31.16
16.97,2,35.8,17,6,1,0,1,2,33.51
7.9,1,76.8,22,0,0,0,0,1,7.83
5.68,2,40.1,7,4,0,0,1,2,9.75
0.8,3,22.9,6,1,0,1,1,3,2.39
4.51,2,23.0,10,5,1,0,2,1,15.02
22.09,3,23.1,11,0,0,0,1,1,72.99
9.42,2,30.5,18,3,0,0,1,1,24.74
10.27,1,46.3,12,2,0,0,1,1,19.07
1.74,2,66.2,4,1,0,0,0,1,1.52
4.72,3,16.8,21,5,1,3,1,0,20.48
8.95,2,42.3,10,2,0,0,1,3,15.64
2.51,3,21.4,17,2,0,3,1,2,7.77
7.08,1,37.5,17,2,0,0,2,2,14.39
13.6,3,37.0,3,4,0,1,0,0,25.74
3.7,2,29.0,0,0,0,1,1,0,10.18
4.25,1,66.6,5,2,0,1,0,1,4.09
11.96,1,79.0,22,5,1,0,0,0,10.06
4.74,3,21.1,18,1,0,0,1,0,16.09
3.98,2,57.6,6,4,0,0,0,0,4.57
14.51,4,19.4,16,0,0,3,0,2,44.99
6.53,2,24.0,16,1,0,0,2,2,20.14
3.67,1,46.9,0,4,0,0,1,1,6.22
12.39,4,26.4,11,4,0,0,0,1,28.16
3.26,3,11.1,17,5,1,0,2,1,20.45
6.83,1,32.1,7,6,1,0,2,2,14.36
7.64,3,53.4,19,5,1,0,0,3,8.53
4.54,1,38.2,16,0,0,0,2,1,10.79
9.96,2,29.6,0,6,1,1,1,0,26.88
3.91,2,24.2,19,6,1,0,2,1,12.95
10.34,3,10.8,1,5,1,0,2,0,69.73
6.04,1,51.8,20,6,1,0,1,2,8.25
3.53,1,75.2,9,2,0,0,0,1,3.36
6.93,3,12.8,17,1,0,2,2,3,36.41
8.14,3,25.8,18,3,0,0,1,1,24.62
1.73,4,10.7,9,2,0,1,1,2,9.88
13.68,1,47.7,10,6,1,0,1,1,25.22
6.36,2,27.3,13,3,0,3,1,2,16.01
5.15,2,26.9,15,1,0,0,2,2,13.49
7.82,2,22.4,9,5,1,0,2,1,29.23
6.77,4,24.0,23,3,0,0,0,2,16.69
4.92,2,59.8,17,3,0,0,0,0,5.6
7.94,2,74.4,9,0,0,0,0,2,6.99
10.35,2,34.9,16,0,0,0,1,1,23.19
5.36,2,23.7,11,5,1,0,2,1,19.05
1.0,3,19.6,19,0,0,0,1,1,3.62
9.58,4,12.6,9,3,0,0,1,2,47.94
6.3,1,62.1,7,5,1,2,0,1,6.49
3.55,1,51.2,3,3,0,0,1,2,4.48
8.29,1,79.5,23,4,0,0,0,1,6.99
3.55,3,49.7,10,4,0,0,0,2,4.39
9.4,3,19.6,8,6,1,0,1,2,32.26
3.18,1,72.6,13,0,0,0,0,1,2.92
4.74,1,31.2,9,6,1,0,2,2,10.57
2.07,4,6.3,8,4,0,0,2,1,21.79
4.62,1,60.5,16,2,0,0,1,3,5.86
5.15,1,49.0,4,4,0,0,1,2,6.98
6.33,2,23.6,13,4,0,0,2,2,20.67
5.48,3,17.6,10,2,0,0,2,2,22.52
3.26,3,46.6,14,2,0,0,0,2,4.35
6.2,3,25.6,9,1,0,0,1,2,16.06
4.69,1,53.2,15,3,0,0,1,1,8.37
7.04,1,60.2,5,3,0,0,1,3,7.88
3.88,1,36.9,10,5,1,0,2,2,7.79
4.51,1,43.4,8,6,1,0,1,0,8.88
7.96,4,13.2,12,0,0,0,1,2,38.92
5.63,1,47.6,11,5,1,0,1,1,10.98
2.32,1,78.1,16,1,0,0,0,0,1.69
14.19,1,71.0,16,5,1,1,0,1,12.51
9.89,3,51.8,11,1,0,0,0,3,12.02
9.7,4,36.0,7,1,0,0,0,3,17.41
2.04,1,77.6,15,6,1,0,0,0,1.5
1.48,1,43.2,22,1,0,0,1,1,3.08
11.0,2,38.6,7,6,1,0,1,2,20.13
3.24,3,21.6,4,6,1,0,1,2,9.81
7.16,3,56.2,8,4,0,0,0,2,8.01
4.61,2,61.7,11,1,0,1,0,2,4.48
1.58,2,63.0,9,5,1,1,0,2,1.5
4.11,3,20.8,19,0,0,0,2,3,13.25
7.89,2,54.9,13,3,0,2,0,2,10.36
5.82,3,39.2,8,1,0,1,0,0,9.5
15.73,3,22.6,22,5,1,0,1,1,54.42
9.25,2,36.5,6,3,0,0,1,1,19.79
8.21,2,25.5,6,6,1,0,2,2,21.51
7.14,3,15.8,8,2,0,0,2,2,28.55
3.54,2,24.9,4,0,0,1,2,2,9.52
3.61,3,22.9,18,2,0,0,1,1,10.64
6.42,3,48.8,9,5,1,0,0,2,8.34
4.13,2,61.5,17,1,0,0,0,0,4.68
14.24,2,71.2,18,4,0,1,0,3,12.5
9.16,1,30.6,8,5,1,1,2,2,21.23
11.74,2,34.9,13,4,0,0,1,3,24.22
1.03,3,12.9,13,5,1,0,2,0,5.87
8.11,4,14.7,20,0,0,0,1,1,35.67
2.3,3,37.5,1,1,0,1,0,0,3.6
12.9,3,46.9,9,1,0,1,0,3,17.39
8.82,3,21.3,20,1,0,0,1,2,27.39
9.52,3,43.2,8,1,0,0,0,0,15.09
9.78,3,20.6,6,5,1,1,1,1,33.02
4.46,4,28.1,15,0,0,0,0,2,9.71
16.7,3,22.3,9,0,0,1,1,2,48.68
9.11,2,37.5,12,6,1,0,1,1,18.74
7.23,4,10.7,19,0,0,0,1,1,47.8
4.77,3,15.6,13,5,1,0,2,2,23.55
6.06,2,33.4,13,4,0,1,1,2,11.14
12.55,3,19.5,9,1,0,0,1,0,46.58
5.41,3,47.3,18,5,1,0,0,2,6.53
4.35,3,16.2,18,2,0,0,2,1,21.42
8.54,4,28.5,8,3,0,0,0,2,16.61
6.36,3,26.3,9,0,0,0,1,2,15.96
4.42,2,27.7,18,0,0,0,2,3,11.46
11.22,2,61.2,10,5,1,0,0,1,12.76
3.35,3,48.0,11,4,0,1,0,3,4.34
5.51,4,33.8,10,4,0,0,0,2,9.62
3.72,1,94.5,7,3,0,0,0,3,2.5
16.49,4,13.0,10,4,0,0,1,0,82.67
8.99,3,47.8,18,5,1,0,0,1,12.62
7.8,2,57.6,13,0,0,0,0,0,8.87
3.83,2,24.3,12,1,0,0,2,1,12.43
16.49,1,93.0,7,1,0,0,0,3,10.55
2.42,1,75.6,7,4,0,0,0,1,1.89
5.46,1,77.6,2,3,0,1,0,2,4.4
5.95,3,44.7,0,6,1,0,0,1,7.86
2.46,2,58.4,13,1,0,0,0,1,2.44
6.79,4,6.9,11,0,0,0,2,2,57.0
4.23,2,55.1,9,6,1,1,0,1,5.17
13.67,1,76.2,23,1,0,0,0,0,12.76
2.82,4,13.6,11,3,0,0,1,2,13.62
9.51,2,50.5,18,6,1,2,0,1,12.16
6.87,1,51.6,8,4,0,0,1,2,9.4
10.86,4,28.5,8,2,0,0,0,2,21.86
5.82,3,20.4,15,6,1,0,1,0,20.19
3.61,3,23.2,0,5,1,0,1,1,12.15
14.85,3,19.4,0,1,0,0,1,1,53.86
14.72,1,48.9,6,0,0,0,1,1,27.54
9.64,4,12.8,8,3,0,1,1,1,54.16
8.66,4,6.3,14,1,0,1,2,1,98.8
7.66,3,21.5,17,6,1,1,1,1,26.45
8.95,4,10.1,9,2,0,0,2,0,60.6
20.25,3,45.1,8,4,0,0,0,0,30.18
2.78,3,17.9,19,1,0,1,2,3,10.82
6.46,3,27.2,7,3,0,0,1,2,14.87
4.68,2,58.4,17,1,0,1,0,1,5.23
6.79,1,43.1,21,4,0,0,1,1,12.91
2.65,3,15.8,8,3,0,1,1,2,10.15
3.44,1,27.7,5,5,1,1,2,0,11.64
3.25,2,35.2,23,2,0,0,1,0,6.52
8.87,4,21.7,8,0,0,0,0,0,24.83
6.34,1,65.4,9,5,1,2,0,2,6.14
2.1,1,55.1,13,6,1,0,1,2,2.98
2.06,3,20.1,8,4,0,0,1,2,6.61
1.58,2,46.9,23,6,1,2,0,1,2.03
5.64,4,7.2,2,6,1,2,2,1,48.5
5.93,2,65.5,12,1,0,0,0,2,5.37
6.15,1,55.3,14,2,0,0,1,2,8.22
4.03,3,21.4,12,3,0,0,1,1,14.36
5.14,2,25.0,13,5,1,0,2,2,14.27
5.74,2,29.5,23,3,0,0,1,1,15.52
6.35,4,12.5,20,3,0,0,1,0,37.92
7.65,1,53.4,9,6,1,0,1,3,10.16
11.37,2,39.9,14,1,0,0,1,2,20.18
3.77,3,53.5,0,5,1,0,0,3,4.55
9.8,2,32.6,11,4,0,1,1,3,20.97
4.26,2,20.4,7,5,1,0,2,1,16.47
8.83,3,13.1,17,2,0,1,2,1,50.77
6.56,3,19.4,8,3,0,1,1,0,25.1
20.13,2,39.0,18,0,0,0,1,2,36.47
7.53,3,18.5,9,4,0,0,1,2,24.83
10.23,3,11.1,21,2,0,3,2,1,65.8
0.8,1,81.5,12,2,0,1,0,3,1.5
10.71,2,35.7,19,3,0,1,1,2,21.55
3.91,1,93.4,16,0,0,0,0,3,2.46
6.02,2,61.1,23,3,0,0,0,1,6.61
5.05,3,15.3,18,4,0,2,2,2,22.43
3.02,3,49.2,17,1,0,1,0,3,3.83
15.35,3,20.9,8,4,0,0,1,1,56.21
11.91,1,30.0,13,6,1,0,2,1,32.44
3.44,4,7.6,9,0,0,0,1,2,28.14
3.26,1,44.1,1,6,1,0,1,0,6.22
8.67,3,20.3,17,6,1,0,1,1,30.63
10.57,3,24.0,8,1,0,0,1,1,32.65
6.38,1,71.8,11,5,1,0,0,0,5.92
4.05,3,22.0,9,5,1,0,1,1,13.89
5.69,2,63.8,8,6,1,1,0,2,5.73
1.84,2,31.1,4,2,0,0,1,0,4.27
2.34,3,36.2,10,3,0,2,0,2,3.86
11.09,2,38.1,5,6,1,0,1,2,19.89
4.52,2,19.5,14,5,1,1,2,0,18.15
6.04,1,56.4,1,4,0,1,1,3,7.61
7.54,3,42.5,21,3,0,1,0,1,11.29
6.01,3,14.1,22,4,0,1,2,1,29.74
7.7,4,13.8,9,3,0,0,1,2,32.63
10.88,2,52.1,8,5,1,3,0,1,13.5
3.93,3,48.1,5,1,0,0,0,2,4.92
11.22,4,17.4,20,3,0,2,0,1,41.72
7.52,2,76.7,15,6,1,0,0,3,6.19
8.92,2,73.8,16,6,1,0,0,3,7.21
10.79,1,31.8,20,6,1,1,2,2,21.72
6.9,3,42.5,20,0,0,1,0,2,10.54
22.89,2,34.1,19,0,0,0,1,2,47.01
2.93,4,16.4,18,5,1,1,1,1,13.08
10.94,3,18.7,20,3,0,0,1,1,43.32
4.4,2,24.3,20,5,1,0,2,1,15.41
7.81,4,12.0,10,2,0,1,2,3,41.88
5.96,2,38.0,22,0,0,0,1,2,10.0
5.73,3,28.9,17,4,0,0,1,3,11.92
5.43,3,20.2,10,5,1,2,1,3,17.18
8.88,4,7.0,12,3,0,0,1,2,81.38
3.44,4,22.8,17,3,0,0,0,1,8.92
4.24,2,34.0,10,0,0,0,1,1,9.74
3.23,3,41.3,19,2,0,0,0,1,5.2
14.71,3,48.6,7,4,0,1,0,3,18.34
10.17,4,31.4,20,6,1,0,0,1,20.48
4.38,1,43.7,9,6,1,1,1,1,8.66
8.56,3,44.6,7,6,1,0,0,1,12.05
3.3,2,40.7,19,6,1,0,1,2,5.99
6.62,4,14.6,8,0,0,0,2,3,29.49
5.48,4,15.9,19,0,0,0,1,2,21.8
5.42,2,35.5,9,6,1,0,1,2,10.53
4.89,3,19.7,21,5,1,3,1,3,16.0
22.4,3,19.2,8,1,0,0,1,1,86.66
9.54,1,50.7,4,6,1,0,1,2,13.38
18.68,3,16.5,21,6,1,0,2,1,84.25
4.74,1,29.7,7,5,1,1,2,1,14.87
3.35,4,12.2,21,0,0,0,1,0,18.48
7.52,4,21.8,19,4,0,3,0,1,22.71
6.62,2,27.0,5,1,0,3,1,0,20.01
9.53,1,47.2,12,2,0,0,1,1,18.72
11.19,2,23.7,4,2,0,0,2,1,40.14
1.66,3,16.4,9,0,0,0,2,1,7.36
19.3,2,23.4,10,4,0,0,2,2,57.87
7.72,1,48.9,15,2,0,0,1,1,12.92
9.18,1,35.7,22,4,0,1,1,0,17.57
14.86,1,32.0,7,5,1,0,2,1,42.41
3.87,3,17.2,9,5,1,3,1,2,13.46
6.12,1,33.5,15,4,0,2,1,2,11.66
3.12,2,70.3,7,6,1,0,0,2,2.94
3.48,3,22.1,17,1,0,0,1,2,9.2
11.22,3,44.3,11,0,0,0,0,2,15.2
13.95,4,14.3,22,4,0,0,1,1,64.84
2.26,2,28.1,16,6,1,1,1,1,6.48
8.03,3,19.6,10,4,0,0,1,0,29.23
12.26,1,34.8,17,5,1,0,2,1,32.71
10.87,4,13.6,19,4,0,0,1,1,57.52
7.07,1,90.6,18,6,1,0,0,3,5.07
7.98,1,46.1,8,0,0,0,1,0,14.43
8.11,3,24.3,11,1,0,0,1,1,24.3
7.73,3,23.6,12,5,1,0,1,2,22.6
8.72,3,53.8,10,4,0,0,0,3,10.64
5.75,3,49.0,9,3,0,1,0,3,7.1
18.36,1,75.3,18,6,1,0,0,0,16.96
3.85,4,7.5,0,5,1,1,2,1,33.8
12.7,2,41.2,9,6,1,0,1,3,21.67
4.26,1,48.2,6,6,1,0,1,1,8.07
8.99,1,46.2,6,1,0,0,1,0,17.28
4.32,3,54.7,9,0,0,0,0,3,4.96
8.7,3,9.9,18,2,0,2,1,1,56.18
6.39,1,47.9,22,4,0,0,1,1,11.8
9.79,1,70.7,13,3,0,1,0,1,9.55
4.03,3,48.3,10,2,0,0,0,1,5.28
3.98,3,18.4,19,5,1,1,1,1,14.26
13.94,1,38.4,4,2,0,0,2,3,27.12
16.18,1,45.4,5,4,0,0,1,1,32.34
5.94,3,15.9,10,4,0,0,2,0,29.73
8.29,2,18.8,12,2,0,1,2,1,33.54
2.13,2,36.6,18,6,1,0,1,2,4.08
6.87,2,42.5,21,6,1,0,1,1,13.37
5.08,3,13.5,14,3,0,0,2,1,27.92
17.75,1,45.8,13,1,0,0,1,1,33.69
4.9,1,53.2,8,4,0,0,1,3,6.99
17.92,1,50.8,12,6,1,0,1,2,26.68
4.79,3,19.0,21,4,0,0,1,2,16.92
9.31,4,10.1,11,0,0,0,1,1,55.46
16.24,4,12.9,8,4,0,0,1,0,88.16
6.09,3,55.6,10,0,0,0,0,3,6.77
15.71,2,26.5,13,2,0,0,1,0,42.81
10.8,1,32.8,15,3,0,0,2,1,29.62
6.83,3,19.4,11,0,0,3,1,1,25.22
8.55,4,20.4,18,0,0,1,0,0,25.12
13.96,1,39.5,15,1,0,0,2,2,26.03
8.27,3,18.3,17,2,0,2,1,1,33.75
2.7,4,9.6,19,0,0,1,1,1,19.26
10.83,3,25.3,19,0,0,0,1,3,28.46
11.07,2,39.7,8,6,1,0,1,2,19.61
8.11,1,37.1,16,2,0,0,2,2,16.2
4.84,2,24.7,17,4,0,0,2,2,12.41
10.46,2,28.5,7,3,0,1,1,1,27.96
3.09,2,34.8,19,5,1,0,1,0,8.13
8.48,1,77.7,7,5,1,1,0,2,7.09
8.24,3,18.4,18,6,1,0,1,1,33.83
6.99,1,59.4,7,2,0,1,0,0,6.44
12.52,1,35.6,18,5,1,0,2,3,25.18
5.35,1,47.7,7,1,0,0,1,1,9.91
3.73,1,34.7,10,5,1,0,2,1,9.48
4.13,2,27.0,7,1,0,1,1,1,11.9
12.75,2,32.2,8,3,0,1,1,2,25.85
9.47,1,45.0,23,1,0,0,1,0,17.56
9.04,1,83.4,6,6,1,0,0,1,7.58
8.55,2,69.7,11,2,0,0,0,3,7.97
6.1,3,18.1,17,6,1,1,1,0,22.94
3.52,2,24.1,5,6,1,0,2,2,9.84
3.67,2,31.4,6,4,0,0,1,1,9.38
8.71,2,24.0,7,5,1,1,2,2,22.77
5.25,2,28.7,16,1,0,0,2,2,12.53
4.3,2,65.1,20,2,0,0,0,2,4.14
6.21,1,44.7,19,1,0,0,1,1,11.73
13.2,2,25.6,23,0,0,3,1,2,30.52
7.29,3,47.9,15,0,0,0,0,2,9.21
17.48,2,56.9,22,4,0,1,0,1,22.04
9.08,3,50.3,9,6,1,0,0,2,11.07
30.0,1,44.9,11,5,1,0,1,0,56.96
8.12,3,21.1,11,0,0,0,1,1,25.39
7.68,2,60.3,3,0,0,1,0,1,8.38
7.38,1,25.2,19,1,0,2,2,1,24.56
5.14,1,80.4,1,1,0,0,0,2,4.17
5.96,2,32.0,17,3,0,1,1,1,14.85
19.35,3,14.6,11,4,0,0,2,2,85.31
5.26,3,14.5,0,0,0,2,1,0,25.05
7.38,1,47.0,9,3,0,0,1,1,12.93
7.41,2,72.5,10,1,0,0,0,3,6.57
5.59,2,35.3,22,6,1,0,1,1,12.97
5.48,1,32.1,16,5,1,2,1,1,14.03
6.42,3,25.8,14,3,0,0,1,2,16.24
10.81,2,25.3,6,6,1,0,2,0,33.43
14.38,2,70.0,10,0,0,0,0,2,13.43
3.01,1,41.8,2,3,0,1,1,0,6.15
17.38,2,16.5,18,6,1,3,2,2,64.78
9.99,1,48.2,7,2,0,0,1,2,15.46
10.26,2,32.2,15,4,0,0,1,0,24.53
4.48,3,11.5,17,0,0,2,2,3,25.47
23.29,3,12.7,10,2,0,0,2,2,117.25
4.16,3,42.4,16,5,1,1,0,1,6.35
7.72,4,30.0,18,3,0,0,0,3,15.42
8.35,2,28.2,7,5,1,0,2,2,20.88
16.77,2,65.0,15,0,0,0,0,2,15.31
4.36,4,6.3,17,3,0,0,2,1,47.01
7.94,4,14.5,10,4,0,0,1,1,40.12
2.31,1,86.2,7,5,1,0,0,2,1.73
7.07,2,36.3,9,5,1,0,1,1,17.47
8.77,3,48.9,21,4,0,0,0,2,12.1
4.99,2,66.4,10,1,0,1,0,2,4.62
2.65,4,14.1,6,2,0,1,1,1,12.71
17.65,1,68.6,5,4,0,1,0,0,16.72
3.47,1,68.4,7,2,0,1,0,1,3.63
3.75,2,57.5,6,6,1,0,0,0,4.23
4.48,2,28.7,13,6,1,1,1,2,10.65
13.61,2,20.5,10,3,0,2,2,2,43.23
6.55,4,28.0,19,2,0,0,0,2,14.36
2.33,1,45.5,20,5,1,1,1,3,3.84
4.53,2,31.4,12,0,0,0,1,0,11.25
13.57,3,52.2,20,1,0,0,0,3,16.86
2.8,1,85.7,12,6,1,0,0,2,2.21
3.45,1,70.6,16,2,0,1,0,1,3.41
3.61,1,48.9,7,6,1,0,1,0,5.97
6.7,2,22.8,3,2,0,0,2,1,23.52
7.48,1,47.5,7,4,0,0,1,2,11.66
6.08,4,24.3,8,0,0,0,0,0,14.66
6.51,2,76.6,18,4,0,0,0,3,5.87
3.23,2,25.1,7,2,0,0,2,3,9.25
6.02,1,71.2,6,6,1,2,0,3,5.3
5.95,3,21.1,21,3,0,0,1,1,18.81
3.64,3,55.9,17,4,0,0,0,3,4.1
14.52,1,76.9,12,4,0,0,0,0,12.08
12.95,3,40.9,5,0,0,3,0,3,19.8
2.91,1,36.3,19,5,1,0,2,3,5.96
9.03,1,49.1,6,6,1,0,1,2,14.23
8.58,1,77.9,16,4,0,1,0,2,7.52
7.89,4,26.0,17,4,0,0,0,1,18.63
5.96,1,50.8,11,6,1,0,1,3,8.15
7.83,3,40.7,20,1,0,0,0,0,12.82
6.14,2,40.7,3,2,0,0,1,3,10.44
4.46,3,12.5,19,0,0,0,2,1,24.98
8.94,2,40.3,14,4,0,0,1,2,14.69
1.69,4,8.5,16,5,1,0,2,0,14.23
10.43,2,25.0,23,5,1,3,1,1,29.95
6.89,2,33.6,15,2,0,0,1,1,16.95
5.27,4,15.1,18,0,0,0,1,3,18.29
10.25,1,79.9,7,5,1,0,0,1,8.77
7.9,3,42.8,18,4,0,0,0,1,12.67
14.57,4,13.0,18,3,0,0,1,1,80.59
12.17,3,49.3,22,5,1,0,0,3,14.16
3.69,3,40.9,21,1,0,1,0,2,5.54
5.03,3,19.4,8,0,0,1,1,1,19.26
4.55,2,20.8,12,3,0,1,2,3,15.64
4.58,3,15.2,20,0,0,0,2,2,19.66
16.08,2,43.8,16,6,1,0,1,2,24.85
2.85,4,10.7,12,6,1,0,2,1,19.29
12.47,3,15.3,6,6,1,1,2,1,60.49
16.34,3,53.6,10,0,0,0,0,2,18.51
11.19,2,30.3,17,1,0,0,1,0,29.92
9.42,2,34.3,18,6,1,0,1,1,21.69
2.8,2,78.3,12,3,0,0,0,3,2.44
2.45,3,14.5,3,4,0,3,1,2,10.56
8.49,1,47.5,16,6,1,0,1,1,16.15
5.84,2,32.1,21,6,1,0,1,1,16.22
3.02,2,24.4,13,2,0,0,2,1,9.58
10.45,2,32.8,21,3,0,0,1,1,22.03
9.15,3,42.1,10,5,1,3,0,2,13.31
10.47,3,50.3,20,0,0,0,0,3,13.72
10.56,2,36.2,18,5,1,0,1,1,24.05
12.66,1,50.5,22,3,0,0,1,1,21.49
5.3,3,43.7,18,2,0,0,0,1,9.27
3.24,3,18.1,9,6,1,1,1,2,11.1
15.65,1,42.7,20,5,1,0,1,1,31.36
2.45,4,14.6,17,3,0,0,2,2,9.93
2.67,3,23.6,7,2,0,0,1,1,8.31
4.55,3,15.8,2,6,1,0,2,1,19.92
14.49,3,21.2,10,1,0,0,1,3,47.82
4.92,3,48.0,18,0,0,0,0,1,6.32
2.69,2,33.4,16,6,1,0,1,1,6.4
3.75,2,36.8,14,6,1,0,1,2,7.0
3.67,3,54.6,0,4,0,0,0,2,4.28
7.57,4,12.7,11,3,0,0,1,0,41.77
4.24,1,97.0,7,1,0,0,0,3,2.93
0.8,1,27.8,12,5,1,0,2,1,2.22
27.49,2,31.6,23,6,1,0,1,0,64.05
1.48,2,61.8,20,3,0,0,0,1,1.5
2.24,1,70.0,9,6,1,1,0,1,1.9
10.24,1,31.7,15,1,0,0,2,1,28.59
3.07,3,15.8,13,2,0,0,2,1,13.92
9.71,2,37.1,6,1,0,0,1,2,16.95
8.66,1,85.9,23,5,1,0,0,2,7.49
4.79,2,35.9,11,5,1,0,1,2,8.97
9.65,3,23.4,13,2,0,0,1,1,30.78
5.97,1,47.5,16,1,0,0,1,0,11.57
10.45,2,23.6,7,3,0,1,2,3,30.98
14.49,4,18.6,8,4,0,0,1,1,53.46
2.96,1,38.0,7,0,0,0,1,0,6.89
7.36,3,22.3,10,5,1,0,1,1,25.79
7.63,3,18.1,8,4,0,0,1,2,26.3
7.51,3,23.7,21,1,0,0,1,1,24.95
9.82,1,36.2,17,6,1,0,2,1,26.08
8.75,3,20.3,20,6,1,1,1,1,30.42
2.72,3,28.4,19,2,0,0,1,2,6.24
3.09,3,48.0,17,5,1,1,0,3,4.53
5.55,2,64.2,8,5,1,0,0,0,5.95
7.44,2,58.5,16,3,0,0,0,0,7.9
7.74,2,32.1,7,0,0,0,1,1,18.2
8.14,2,60.3,6,0,0,0,0,0,8.41
9.01,2,35.1,16,6,1,2,1,3,16.61
8.86,1,96.6,16,3,0,0,0,3,6.08
6.45,2,55.1,7,1,0,0,0,0,7.67
14.54,3,28.4,10,0,0,0,1,3,33.19
2.53,2,26.3,4,3,0,0,2,1,8.37
1.52,2,31.1,17,6,1,0,1,1,3.5
7.25,1,33.1,23,1,0,0,2,1,20.58
8.33,1,30.8,18,3,0,0,2,0,25.62
7.24,2,67.7,19,0,0,0,0,2,6.87
4.82,2,32.7,12,4,0,0,1,1,12.01
8.6,1,66.5,5,0,0,1,0,1,9.04
3.56,2,19.2,17,0,0,3,2,2,10.77
2.33,2,59.4,8,6,1,0,0,0,2.42
12.19,2,32.9,10,6,1,0,1,1,28.34
4.48,4,8.7,17,4,0,0,2,2,34.4
7.06,4,12.8,20,1,0,0,2,0,41.45
4.15,3,45.1,13,5,1,0,0,1,6.29
4.59,3,41.9,22,5,1,1,0,1,6.88
10.77,3,16.5,13,3,0,0,2,1,46.47
6.7,2,56.8,6,6,1,1,0,1,7.83
6.75,1,35.9,13,1,0,0,2,1,16.77
2.3,3,17.1,19,1,0,1,2,1,9.61
6.38,3,39.9,14,3,0,1,0,0,9.4
4.04,2,57.3,18,1,0,1,0,1,5.16
20.96,3,52.5,14,5,1,0,0,3,23.91
3.78,1,85.9,14,2,0,1,0,3,2.96
14.31,1,51.1,9,5,1,0,1,3,19.83
7.3,4,12.9,8,0,0,0,1,1,37.71
2.95,3,22.8,9,2,0,0,1,0,10.36
10.74,3,15.2,12,3,0,3,1,2,45.64
13.85,2,63.4,18,5,1,1,0,3,14.03
17.41,3,40.5,19,4,0,0,0,0,28.37
7.82,3,18.0,7,6,1,0,1,0,31.69
4.07,3,18.2,14,4,0,0,2,2,14.48
4.0,4,13.1,11,3,0,0,1,0,20.56
8.1,2,20.3,15,5,1,2,2,1,33.11
2.25,3,41.1,16,5,1,0,0,1,3.59
3.06,2,22.3,9,3,0,0,2,0,11.06
6.73,3,28.0,21,1,0,0,1,2,17.68
10.54,3,13.5,21,0,0,2,2,0,56.55
5.48,1,20.5,5,2,0,2,2,1,20.94
17.21,4,8.5,17,3,0,0,1,2,135.26
8.59,2,38.7,2,4,0,0,1,2,14.86
5.21,3,13.6,3,0,0,2,1,1,27.29
4.1,3,18.5,22,0,0,0,1,0,16.71
3.19,3,25.0,17,1,0,0,1,2,9.04
9.76,4,14.1,9,4,0,0,1,2,42.92
3.83,2,35.2,17,0,0,0,1,0,9.24
8.11,2,71.3,19,4,0,0,0,3,7.68
2.65,3,44.6,20,2,0,0,0,1,4.07
3.06,3,16.0,1,4,0,3,1,1,13.75
6.37,4,14.2,19,0,0,0,1,1,29.28
3.08,2,70.0,19,5,1,0,0,2,2.78
12.45,3,24.2,15,4,0,0,1,2,31.78
1.88,2,40.7,13,4,0,0,1,2,3.19
2.72,4,16.3,6,5,1,0,1,2,10.86
13.01,3,22.3,8,4,0,0,2,3,45.27
11.85,4,8.9,13,0,0,0,2,2,75.22
13.09,1,54.4,19,6,1,0,1,2,17.68
3.33,2,30.8,18,2,0,0,1,0,8.4
6.25,1,30.3,13,4,0,0,2,1,16.09
7.3,2,29.4,18,2,0,0,1,0,18.94
5.47,3,60.0,18,0,0,0,0,3,5.39
9.17,2,22.9,15,3,0,0,2,2,27.88
11.38,3,16.8,8,6,1,0,2,0,50.25
6.11,3,50.3,10,4,0,0,0,2,7.06
2.91,3,22.1,7,2,0,0,1,1,9.47
9.02,3,49.3,0,4,0,0,0,2,12.91
6.99,2,69.2,5,1,0,0,0,2,6.09
10.66,4,11.5,18,1,0,0,1,1,64.98
9.19,1,46.4,2,0,0,1,1,1,18.45
13.42,4,10.2,11,6,1,0,1,1,86.08
6.9,1,52.6,23,5,1,0,1,2,9.37
15.39,1,94.5,18,2,0,0,0,3,11.57
14.94,3,24.9,18,2,0,0,1,2,43.69
9.93,2,28.4,9,5,1,0,2,2,26.43
11.55,1,51.0,16,5,1,0,1,2,15.81
13.5,2,32.1,13,6,1,0,1,0,31.62
5.75,1,45.4,16,4,0,0,1,1,10.22
13.63,1,37.1,11,1,0,2,1,1,28.34
8.17,3,23.7,14,4,0,0,1,1,23.46
10.21,1,85.0,23,4,0,0,0,2,7.82
11.15,1,36.3,9,5,1,0,2,2,21.04
9.93,3,49.2,8,0,0,0,0,2,11.89
7.19,1,42.2,12,3,0,2,1,3,11.33
12.25,1,55.3,14,0,0,0,1,2,16.03
23.79,2,33.5,5,0,0,1,1,0,64.05
24.74,2,19.8,18,0,0,0,2,1,98.37
8.56,2,62.9,11,6,1,1,0,2,7.63
12.92,3,12.7,11,4,0,0,2,2,64.52
24.02,1,48.6,16,4,0,0,1,2,32.94
5.33,3,18.2,18,4,0,2,1,3,17.54
10.13,2,55.4,23,4,0,1,0,1,11.63
10.31,2,20.9,7,6,1,2,1,0,36.44
23.15,1,82.3,10,6,1,0,0,1,20.01
14.64,1,31.6,7,6,1,0,2,1,42.49
7.18,2,36.3,20,5,1,0,1,2,12.97
7.77,2,31.9,14,1,0,0,1,0,19.95
4.36,2,30.5,19,2,0,0,2,3,9.91
3.2,3,18.5,23,1,0,0,1,0,12.88
9.61,1,78.3,14,2,0,0,0,1,8.43
9.02,1,80.5,6,4,0,0,0,2,7.74
6.3,1,37.2,10,6,1,0,2,3,11.92
4.19,3,11.0,2,6,1,0,2,2,24.28
5.41,4,9.1,19,1,0,1,2,1,43.56
19.8,3,42.3,0,2,0,0,0,1,30.14
3.89,3,51.9,15,3,0,0,0,3,4.54
2.37,1,72.2,6,0,0,0,0,0,1.95
9.86,2,21.5,0,6,1,0,2,0,39.67
5.25,1,78.6,8,6,1,0,0,0,4.18
11.05,1,46.3,14,6,1,0,1,1,20.55
10.29,1,91.4,4,2,0,0,0,3,7.48
2.71,2,20.9,16,5,1,1,2,2,8.79
9.69,4,13.4,17,1,0,0,1,1,53.16
5.66,2,28.8,22,1,0,2,1,1,14.92
12.33,3,21.3,20,3,0,0,1,2,38.46
12.32,2,30.0,15,2,0,1,1,1,34.45
3.36,3,12.5,18,0,0,1,1,0,19.13
2.53,3,40.0,10,1,0,0,0,0,3.97
12.01,1,51.6,15,4,0,0,1,2,17.82
11.19,1,95.3,11,5,1,0,0,3,7.46
3.51,1,42.9,10,4,0,1,1,2,5.48
12.1,4,16.6,17,2,0,0,1,1,49.66
6.61,3,19.2,9,6,1,0,1,1,23.73
1.38,1,54.7,10,5,1,0,1,2,1.83
4.97,2,62.6,10,3,0,0,0,2,5.26
5.26,3,19.0,20,0,0,0,1,2,19.58
0.92,2,41.6,7,2,0,1,1,3,1.53
13.52,1,72.4,10,2,0,0,0,0,13.66
13.97,3,42.8,20,6,1,0,0,1,22.37
15.33,3,47.5,0,5,1,0,0,1,19.72
3.14,3,21.3,21,0,0,0,1,2,9.55
5.01,4,25.4,20,1,0,0,0,0,13.03
5.88,3,19.3,11,4,0,0,1,1,22.96
2.66,1,50.2,16,1,0,0,1,2,3.6
8.23,2,13.2,23,6,1,2,2,0,41.82
3.65,2,24.8,14,3,0,0,2,2,10.6
6.86,2,59.2,5,0,0,1,0,1,7.2
4.34,3,22.8,19,1,0,0,1,1,13.9
9.59,1,80.0,6,2,0,1,0,2,7.4
11.67,4,28.1,8,2,0,0,0,2,24.55
6.33,4,26.0,20,3,0,1,0,1,15.1
6.02,4,13.2,8,3,0,0,1,1,31.72
8.88,3,34.8,18,0,0,1,0,1,18.15
1.63,2,35.5,12,1,0,0,1,2,3.01
4.98,4,6.9,18,2,0,0,2,2,43.61
3.68,4,14.4,8,0,0,0,1,1,16.8
14.12,2,23.8,11,0,0,2,1,1,44.93
22.72,2,35.9,9,2,0,0,1,2,41.43
2.73,3,26.8,8,1,0,0,1,1,7.77
7.29,4,12.5,9,4,0,0,1,2,32.91
3.15,3,15.7,9,3,0,2,1,0,13.23
3.58,3,20.7,22,6,1,0,1,0,12.26
7.34,2,31.0,14,6,1,0,1,0,17.95
5.71,3,49.0,12,6,1,0,0,3,7.5
7.26,1,49.0,13,5,1,0,1,0,13.25
3.48,3,24.4,23,1,0,0,1,1,10.15
7.34,3,14.6,16,4,0,1,2,2,32.43
13.77,2,78.4,17,4,0,0,0,3,11.42
10.59,4,7.1,9,2,0,0,1,1,101.79
2.42,1,53.7,12,4,0,0,1,2,3.41
16.43,3,15.0,7,6,1,1,2,2,73.87
3.22,4,33.1,17,3,0,1,0,3,6.52
3.62,4,25.8,10,0,0,1,0,3,7.94
11.69,2,55.2,18,1,0,1,0,1,13.79
7.49,1,63.5,8,5,1,2,0,2,7.22
6.23,1,34.8,11,6,1,0,2,2,13.1
5.45,1,46.3,12,3,0,1,1,2,8.29
5.6,2,34.5,7,4,0,0,1,1,13.14
5.74,1,34.2,4,0,0,0,2,3,12.47
9.31,4,28.9,9,0,0,0,0,3,20.6
9.99,1,39.4,14,6,1,0,2,3,18.61
5.71,2,36.9,16,4,0,0,1,1,11.93
14.81,4,21.4,11,3,0,2,0,1,45.62
7.41,4,7.6,13,5,1,0,1,1,60.93
8.17,3,16.2,14,4,0,0,2,2,31.22
13.01,1,44.3,13,1,0,1,1,1,26.08
4.37,2,19.8,5,0,0,0,2,1,17.56
9.42,2,24.0,11,2,0,0,2,1,34.26
3.95,2,32.6,8,6,1,0,1,2,8.16
3.65,1,86.0,14,0,0,0,0,2,2.78
15.58,3,48.9,18,4,0,0,0,1,21.01
18.04,2,35.0,15,5,1,0,1,2,34.66
8.14,1,53.9,8,6,1,0,1,2,10.84
4.89,3,52.1,8,4,0,0,0,3,6.2
9.15,1,29.8,2,2,0,3,2,2,21.1
7.14,3,19.8,11,2,0,0,2,1,27.32
10.93,3,15.7,11,0,0,1,1,2,47.49
7.03,3,17.9,8,4,0,0,1,0,25.62
7.07,4,10.9,18,0,0,1,1,1,44.46
3.7,3,55.3,10,3,0,0,0,3,4.44
5.13,4,22.4,17,4,0,3,0,2,13.06
6.17,2,48.4,16,5,1,0,1,3,8.75
9.45,1,35.0,15,0,0,3,1,1,21.23
4.64,1,43.7,20,5,1,1,1,1,10.08
16.88,1,40.4,0,4,0,1,1,0,36.1
6.93,3,19.3,4,6,1,1,1,1,27.19
2.76,4,23.5,17,4,0,1,0,0,7.93
5.76,2,32.6,10,1,0,1,1,1,13.75
10.27,3,13.3,23,0,0,2,1,0,56.4
5.85,4,22.4,8,4,0,0,0,1,15.41
3.67,2,50.3,7,2,0,2,0,3,4.56
5.3,2,66.8,15,2,0,0,0,2,4.93
4.58,4,28.1,9,1,0,1,0,1,10.33
9.31,3,37.0,10,4,0,1,0,1,17.47
4.49,4,22.8,21,0,0,1,0,1,11.79
1.81,4,24.8,1,6,1,1,0,0,4.38
4.29,1,51.7,14,5,1,0,1,3,6.04
12.17,3,42.8,9,0,0,1,0,2,17.42
9.06,2,36.3,10,5,1,0,1,2,17.24
2.14,2,21.9,8,5,1,0,2,2,5.91
11.58,1,41.3,6,5,1,1,1,1,23.85
13.43,2,38.0,2,2,0,1,1,2,24.93
9.64,3,41.9,23,3,0,1,0,1,14.69
3.87,1,49.2,16,6,1,0,1,1,7.36
12.26,2,29.0,18,4,0,0,1,1,32.44
6.13,4,11.3,4,1,0,0,2,3,33.36
4.51,3,23.8,0,1,0,0,1,0,13.64
6.14,4,10.8,15,5,1,0,1,0,39.08
8.62,3,24.1,17,4,0,0,1,3,22.69
9.62,3,14.6,11,4,0,1,1,2,44.13
7.61,1,56.5,10,5,1,0,1,2,10.62
6.67,3,23.9,10,1,0,1,1,2,18.25
3.68,2,39.4,7,1,0,0,1,3,5.84
9.07,2,40.5,18,0,0,0,1,3,17.09
7.73,3,53.4,8,1,0,0,0,3,9.99
9.49,1,40.2,9,5,1,2,1,2,16.63
6.42,3,20.0,17,2,0,0,1,0,25.16
10.08,2,23.3,0,1,0,1,2,2,28.84
9.44,2,59.9,18,6,1,0,0,1,10.67
5.4,3,44.7,20,1,0,1,0,2,7.14
6.77,1,41.7,3,2,0,0,2,3,12.71
10.61,3,32.2,15,2,0,2,0,1,21.14
11.03,4,13.2,11,4,0,1,1,2,49.94
13.21,2,56.4,5,5,1,1,0,1,14.84
4.47,3,12.6,17,5,1,0,2,1,23.98
5.58,3,45.3,16,1,0,1,0,2,7.81
16.05,1,74.8,16,2,0,0,0,0,14.47
20.24,3,25.3,19,0,0,0,1,3,53.59
8.18,2,73.9,9,3,0,1,0,3,7.2
6.71,3,28.1,17,2,0,0,1,3,16.09
20.19,4,8.3,18,3,0,0,1,0,162.01
16.94,1,49.7,7,6,1,0,1,2,24.54
10.67,2,25.9,22,6,1,0,2,3,27.3
6.48,4,9.7,10,1,0,2,1,3,38.97
8.54,2,44.1,17,6,1,2,0,0,12.92
2.32,2,64.6,18,6,1,1,0,2,2.3
11.72,2,43.4,13,0,0,0,1,3,18.84
4.66,1,57.0,6,5,1,0,1,2,6.99
15.55,3,19.4,9,0,0,0,2,3,53.06
1.85,1,89.6,8,5,1,0,0,2,1.5
4.8,2,62.7,13,4,0,0,0,0,5.08
7.54,2,38.9,8,5,1,0,1,3,14.24
7.31,1,84.2,14,5,1,0,0,2,5.29
4.37,1,84.2,9,6,1,0,0,1,3.5
7.5,4,12.9,0,4,0,0,2,2,38.16
6.4,2,32.1,10,1,0,0,1,2,13.96
7.52,2,68.4,15,2,0,0,0,2,6.98
5.22,3,25.5,18,0,0,0,1,1,14.27
12.91,1,70.3,1,1,0,1,0,0,12.84
8.65,2,73.5,8,1,0,0,0,3,8.29
5.39,3,49.7,23,5,1,0,0,2,6.71
10.03,3,21.0,8,2,0,0,1,2,31.49
4.77,1,49.7,18,0,0,0,1,2,6.38
4.85,1,90.1,13,5,1,0,0,2,3.68
2.1,1,85.2,6,5,1,0,0,2,1.51
8.98,2,35.5,16,0,0,0,1,1,21.78
7.86,1,51.5,22,0,0,0,1,1,13.41
4.01,4,10.5,20,4,0,0,2,2,24.6
3.94,2,68.4,17,0,0,0,0,2,3.58
9.08,2,48.3,13,3,0,0,1,3,11.98
5.53,2,77.1,9,5,1,0,0,3,4.5
9.09,2,57.0,10,2,0,0,0,0,10.56
2.21,3,22.1,10,0,0,0,1,1,7.82
3.14,2,41.2,21,6,1,0,1,2,5.01
12.15,2,26.4,8,2,0,3,1,0,34.79
8.17,4,35.0,10,2,0,0,0,3,13.98
10.56,3,14.9,11,3,0,0,2,1,45.54
5.54,4,26.0,11,0,0,1,0,2,12.78
4.29,2,59.0,0,2,0,0,0,0,5.09
11.66,1,38.5,8,6,1,1,1,1,24.28
0.8,2,23.0,13,5,1,0,2,1,2.61
6.87,3,16.3,18,0,0,0,2,0,31.86
10.23,2,68.4,15,3,0,0,0,2,9.44
5.51,3,49.8,10,4,0,0,0,3,6.66
21.38,4,16.5,17,4,0,0,1,1,92.53
6.99,3,20.4,17,4,0,0,1,3,22.16
9.11,1,35.2,8,4,0,3,1,0,19.93
4.05,4,24.8,5,1,0,0,0,2,10.2
16.93,3,47.9,18,2,0,0,0,2,22.81
7.46,3,39.7,14,1,0,1,0,1,11.36
5.71,1,32.6,7,6,1,0,2,1,15.98
7.23,3,29.8,8,0,0,0,1,2,18.05
2.87,4,5.5,18,5,1,3,2,2,34.0
9.74,3,17.6,16,4,0,1,1,2,36.66
4.85,4,12.1,21,0,0,0,1,3,25.71
8.62,1,89.6,12,3,0,0,0,2,5.97
2.16,2,21.4,3,2,0,0,2,1,7.82
2.76,2,19.2,17,3,0,0,2,3,9.81
7.4,3,43.4,8,2,0,0,0,1,10.75
15.96,4,23.1,9,3,0,0,0,0,46.76
1.94,1,83.8,7,6,1,0,0,2,1.5
4.74,3,15.1,9,3,0,0,2,1,22.28
3.08,1,96.9,19,5,1,0,0,3,1.96
5.45,1,81.1,15,2,0,1,0,2,4.55
7.13,4,6.3,6,0,0,0,2,1,68.22
6.0,1,55.1,15,6,1,0,1,2,7.84
1.38,4,9.8,16,3,0,1,2,1,9.17
2.21,2,28.1,20,6,1,1,1,0,5.48
3.13,2,30.1,19,2,0,1,1,0,7.66
5.07,2,23.4,4,2,0,0,2,2,14.55
4.12,2,27.7,20,3,0,0,1,1,11.33
5.21,1,46.7,3,0,0,0,1,1,10.01
6.47,1,40.2,7,6,1,1,1,0,13.59
5.65,1,26.7,6,4,0,0,2,1,17.2
17.73,2,19.9,7,5,1,2,2,2,62.08
18.07,3,53.4,18,1,0,0,0,2,22.72
7.25,4,27.7,17,4,0,0,0,1,15.09
4.47,3,21.5,17,3,0,0,1,1,14.75
5.61,4,29.6,21,3,0,0,0,1,12.74
7.97,2,41.0,11,5,1,1,1,3,13.27
3.69,1,43.3,0,6,1,0,1,1,6.95
8.05,1,83.2,16,2,0,0,0,2,7.1
5.79,2,26.5,20,6,1,0,2,3,15.39
16.35,4,10.1,22,5,1,0,2,3,102.94
3.62,3,10.9,10,0,0,0,2,2,22.71
13.97,2,62.1,19,5,1,0,0,0,15.64
8.01,2,58.8,19,5,1,0,0,0,10.47
4.29,2,34.6,7,0,0,0,1,1,10.55
10.31,1,36.9,16,3,0,3,1,1,21.65
0.8,1,99.1,7,0,0,0,0,3,1.5
5.04,4,24.4,12,1,0,1,0,2,12.96
5.92,2,32.9,20,5,1,1,1,2,12.87
4.42,3,18.4,18,0,0,2,1,2,16.37
11.97,3,20.5,15,0,0,0,1,1,43.71
20.3,1,46.1,18,5,1,0,1,1,38.5
3.66,2,37.2,7,6,1,0,1,1,8.25
11.43,1,44.3,7,6,1,0,1,0,24.87
7.08,4,11.8,8,2,0,0,1,1,40.68
10.8,3,21.0,18,3,0,0,1,1,38.37
7.87,3,42.6,20,0,0,0,0,0,12.24
6.1,2,23.5,15,6,1,0,2,1,20.83
25.95,2,23.9,22,6,1,2,1,2,73.27
7.57,4,14.9,17,3,0,0,1,0,36.99
11.34,1,50.4,15,0,0,0,1,2,15.97
4.47,3,50.5,16,0,0,1,0,3,5.38
15.7,3,45.0,19,0,0,0,0,1,23.15
6.89,1,70.9,5,6,1,2,0,3,5.96
2.74,2,32.3,7,6,1,0,1,2,6.41
5.39,1,22.2,8,6,1,3,2,0,20.25
7.48,3,22.3,20,2,0,0,1,3,22.23
7.25,3,19.7,21,0,0,1,1,2,25.73
6.41,1,48.3,10,6,1,0,1,2,9.26
7.1,3,16.3,21,4,0,0,2,2,31.49
3.44,2,38.7,14,1,0,0,1,1,8.16
6.94,2,31.0,12,5,1,0,1,1,17.58
4.97,1,90.5,19,5,1,0,0,2,3.54
9.12,2,65.1,14,6,1,1,0,3,8.58
7.17,3,14.4,12,0,0,1,1,1,30.46
4.62,1,89.3,0,5,1,0,0,3,3.44
9.4,4,7.7,0,4,0,0,2,3,66.7
11.86,1,44.2,16,3,0,0,1,1,23.39
8.22,2,34.4,4,2,0,0,1,1,19.35
4.06,4,10.9,17,3,0,0,1,1,25.66
18.77,1,44.0,16,2,0,1,1,0,33.61
6.6,2,36.4,12,3,0,1,1,2,14.12
8.06,1,47.5,17,3,0,0,1,1,15.76
1.88,2,57.3,23,1,0,1,0,1,1.94
7.07,3,15.9,8,1,0,3,1,2,28.68
10.69,2,18.8,14,1,0,2,2,2,39.64
5.75,1,85.0,19,6,1,0,0,2,3.8
8.79,1,48.4,0,3,0,0,1,1,16.24
8.96,2,64.9,8,6,1,0,0,1,9.04
11.17,1,77.7,14,5,1,0,0,1,9.13
6.73,1,50.9,14,6,1,0,1,1,11.73
5.24,3,26.0,5,2,0,1,1,3,13.21
2.99,3,16.6,11,1,0,3,1,1,13.02
9.01,1,41.9,13,2,0,0,2,2,16.67
18.04,4,26.7,11,2,0,0,0,1,43.05
4.14,3,24.0,17,0,0,0,1,2,10.83
10.29,1,43.5,18,4,0,1,1,1,20.16
16.6,2,23.3,12,3,0,0,2,0,53.02
4.48,4,26.6,11,4,0,0,0,3,10.18
12.09,4,28.5,17,3,0,0,0,2,24.71
2.72,4,6.2,14,2,0,1,2,2,29.33
12.17,1,47.1,20,6,1,0,1,1,23.53
1.94,2,24.5,13,4,0,0,2,0,6.52
1.4,1,54.6,15,0,0,0,1,2,1.92
3.67,4,14.8,6,4,0,0,1,2,16.32
9.17,1,46.3,19,5,1,0,1,0,17.89
7.5,4,6.2,11,4,0,1,2,2,77.27
12.37,3,38.8,17,0,0,1,0,1,20.74
6.59,4,25.7,11,0,0,0,0,2,16.76
3.38,4,9.4,0,1,0,0,1,2,22.88
7.64,1,78.1,11,5,1,0,0,1,6.64
9.7,3,22.3,7,3,0,0,1,0,32.2
8.81,4,8.6,11,2,0,1,2,2,69.31
9.04,3,9.8,9,4,0,3,2,2,59.12
10.43,3,49.7,8,4,0,0,0,2,12.63
6.93,2,39.1,6,2,0,0,1,2,11.96
12.37,3,28.4,17,0,0,0,1,2,28.47
2.42,1,65.3,18,6,1,1,0,1,2.33
12.75,3,15.6,8,0,0,3,1,1,54.81
12.48,1,29.7,13,4,0,0,2,1,38.01
6.64,1,77.4,12,4,0,0,0,0,5.84
8.29,2,35.9,10,6,1,0,1,3,18.02
9.36,3,43.0,9,2,0,0,0,0,14.9
24.16,2,22.0,7,2,0,0,2,0,83.44
6.29,2,61.1,20,6,1,0,0,1,7.43
6.46,1,46.1,19,6,1,0,1,1,12.88
3.14,1,42.4,11,5,1,0,1,0,6.41
15.4,3,22.4,17,3,0,0,1,2,46.72
8.9,2,54.0,13,6,1,1,0,0,11.84
5.6,1,43.2,5,0,0,0,1,0,11.59
7.12,3,13.5,19,1,0,1,1,0,33.84
11.08,1,55.2,8,5,1,0,1,2,16.16
7.46,1,47.7,17,1,0,0,1,1,13.07
8.86,1,70.3,14,5,1,3,0,2,8.41
3.53,3,20.4,17,2,0,0,1,1,12.96
3.84,3,22.6,12,3,0,1,1,2,11.83
13.46,4,7.6,17,4,0,0,1,1,108.82
4.62,1,46.8,2,2,0,0,1,1,9.42
10.19,1,84.1,2,2,0,0,0,2,7.91
3.89,1,54.0,20,5,1,0,1,3,5.08
1.69,4,26.0,18,2,0,1,0,1,3.86
12.17,4,9.5,19,1,0,0,1,2,85.06
5.01,4,25.0,12,2,0,1,0,0,13.13
16.42,2,60.1,12,3,0,1,0,2,16.65
4.33,1,76.5,14,1,0,1,0,2,3.72
2.79,4,15.2,8,3,0,0,1,3,11.86
4.07,1,34.8,17,5,1,0,2,2,8.62
7.09,4,13.0,19,1,0,1,1,1,36.91
22.81,2,30.6,20,5,1,0,1,1,57.38
15.09,4,22.3,13,6,1,0,0,0,42.04
11.99,1,52.5,11,6,1,0,1,2,15.15
16.63,3,21.5,19,3,0,0,1,2,49.31
6.38,1,33.4,18,0,0,0,2,2,13.3
5.06,3,13.0,20,0,0,2,1,1,25.6
12.51,1,52.3,16,1,0,0,1,2,17.0
6.83,2,30.7,20,0,0,1,1,2,16.15
3.96,2,36.7,5,4,0,0,1,1,8.39
0.8,1,27.9,17,5,1,0,2,1,2.05
3.68,4,9.7,5,3,0,1,1,2,21.79
9.3,3,41.6,18,1,0,1,0,2,13.51
3.97,2,61.9,16,5,1,0,0,0,4.34
11.11,1,50.1,0,0,0,0,1,2,16.32
2.7,1,34.9,15,1,0,2,1,2,4.76
3.75,3,22.1,7,4,0,0,1,1,12.1
16.72,3,23.9,6,1,0,0,1,2,43.92
11.91,1,35.1,7,1,0,0,2,3,26.39
7.14,1,42.1,13,6,1,1,1,0,14.45
7.13,1,50.9,6,6,1,0,1,1,12.68
4.11,3,46.3,6,5,1,0,0,2,5.77
13.64,3,13.2,8,2,0,0,2,0,73.24
13.77,3,17.8,0,2,0,1,1,1,53.46
6.33,4,12.6,9,2,0,0,1,1,32.51
6.24,3,54.2,16,2,0,0,0,3,6.98
4.88,2,29.2,15,3,0,0,2,2,11.47
8.15,1,33.5,22,4,0,0,2,2,16.76
1.78,2,33.6,6,6,1,0,1,0,4.11
6.69,3,23.4,19,1,0,1,1,1,23.31
12.03,3,16.4,10,6,1,2,1,1,55.42
7.63,1,27.1,10,5,1,1,2,2,21.79
10.27,3,18.5,10,4,0,0,1,1,39.29
8.65,1,75.2,6,1,0,0,0,0,8.1
7.81,3,30.2,12,5,1,0,1,2,18.56
7.02,3,19.0,18,2,0,1,1,1,26.79
11.14,4,11.2,20,3,0,2,1,2,59.57
6.07,2,32.6,22,1,0,1,1,0,14.91
3.58,3,21.7,18,1,0,0,2,2,10.37
14.49,1,36.1,16,0,0,0,2,1,35.86
10.52,4,15.2,13,3,0,1,1,3,45.78
1.62,3,20.0,20,3,0,0,1,1,5.02
8.25,3,23.8,18,3,0,0,1,0,24.6
1.48,1,89.1,7,4,0,0,0,2,1.5
2.87,2,32.7,17,2,0,1,1,3,5.36
8.77,3,21.0,11,0,0,0,1,1,31.7
14.14,1,51.3,15,4,0,0,1,2,20.07
20.38,2,30.4,20,5,1,0,1,1,51.08
16.77,2,58.6,16,2,0,0,0,0,19.78
2.11,1,34.5,21,6,1,0,2,2,4.18
18.01,2,61.1,20,1,0,1,0,2,18.86
11.13,2,38.5,6,0,0,0,1,2,19.9
11.65,1,20.6,0,4,0,2,2,0,43.74
4.72,3,21.7,10,0,0,0,1,2,14.03
9.27,3,13.5,19,2,0,0,2,2,42.47
8.87,1,88.8,8,5,1,0,0,3,6.14
9.2,1,77.4,17,5,1,0,0,1,8.16
10.17,1,73.1,12,4,0,0,0,0,10.18
6.93,3,16.8,18,6,1,0,2,1,27.58
6.08,1,71.8,7,5,1,1,0,1,5.18
7.39,4,13.4,8,4,0,0,1,1,39.49
13.22,1,52.0,8,0,0,0,1,2,18.85
11.55,1,29.6,14,1,0,0,2,1,35.77
12.81,4,22.8,9,1,0,0,0,1,35.91
8.89,4,27.2,19,1,0,0,0,1,19.71
3.76,2,23.2,10,2,0,2,1,2,10.75
4.84,2,37.1,16,0,0,0,1,3,9.26
11.49,1,53.7,21,5,1,0,1,2,15.56
13.54,1,45.9,15,2,0,0,1,1,26.61
12.51,3,19.0,8,2,0,0,2,2,46.42
7.42,3,47.4,19,5,1,0,0,1,10.35
8.06,1,85.9,0,1,0,0,0,2,5.77
7.54,3,35.4,8,1,0,2,0,1,13.4
2.48,2,59.8,10,1,0,0,0,1,2.51
3.46,2,20.3,7,6,1,0,2,2,11.33
9.94,1,34.9,15,5,1,2,1,1,22.66
5.81,1,90.7,14,0,0,0,0,2,4.4
1.45,3,22.1,11,0,0,0,1,2,4.07
7.63,1,50.3,9,5,1,0,1,1,12.32
3.67,4,17.4,11,1,0,0,1,3,14.17
3.34,4,29.1,9,2,0,0,0,1,7.38
2.42,3,22.7,8,0,0,0,1,3,6.65
4.26,4,10.8,10,4,0,0,2,1,27.51
1.08,2,21.9,15,2,0,3,1,1,3.79
3.67,3,24.1,16,5,1,0,1,2,10.42
10.01,4,9.9,9,2,0,1,2,2,65.69
8.66,1,86.2,21,6,1,0,0,2,6.24
12.55,3,58.2,8,3,0,0,0,3,13.91
9.11,3,23.8,17,0,0,0,1,0,27.72
0.83,4,10.4,5,6,1,2,1,1,5.97
5.72,3,10.8,17,4,0,1,2,1,38.01
5.42,2,31.3,12,0,0,0,1,1,13.71
3.41,4,23.2,15,6,1,2,0,3,8.62
2.42,1,49.9,7,2,0,1,1,2,3.85
9.65,3,15.3,11,5,1,2,1,1,42.84
6.69,2,19.8,18,0,0,1,2,2,24.23
3.06,3,18.9,18,2,0,0,2,2,10.95
2.2,3,26.2,8,4,0,0,1,1,6.64
11.28,2,23.1,10,2,0,3,1,1,36.58
10.14,2,35.1,0,6,1,0,1,2,18.86
10.3,2,32.9,5,5,1,1,1,1,23.62
9.9,1,52.4,6,1,0,0,1,2,14.04
9.9,2,72.7,9,5,1,0,0,2,8.92
9.25,3,22.7,18,2,0,0,1,3,28.21
4.6,1,29.4,13,1,0,0,2,1,13.29
9.81,2,30.3,18,4,0,1,1,1,24.6
7.33,4,27.4,18,4,0,0,0,2,17.48
3.75,1,44.6,15,2,0,0,1,0,7.05
6.77,1,33.6,13,1,0,0,2,2,12.94
13.54,4,5.0,21,2,0,2,1,1,179.01
8.1,3,43.3,15,6,1,0,0,1,12.1
8.72,4,25.8,13,4,0,0,0,1,20.27
3.24,4,13.1,20,1,0,0,1,0,18.0
3.91,1,51.6,4,3,0,0,1,2,5.74
7.34,2,23.8,16,3,0,0,2,3,20.77
6.13,1,38.8,6,4,0,3,1,2,9.08
5.55,3,44.6,19,5,1,0,0,1,7.7
3.27,3,18.0,18,1,0,0,1,1,13.86
3.85,2,48.9,13,2,0,1,0,0,5.17
2.29,2,71.1,16,5,1,0,0,2,2.01
4.84,1,51.3,18,5,1,0,1,2,6.85
6.16,2,77.4,13,6,1,0,0,3,5.01
6.45,2,69.5,20,4,0,0,0,2,5.77
13.28,2,33.7,11,4,0,0,1,2,29.12
1.36,3,17.9,20,0,0,0,1,1,5.61
17.64,2,27.1,15,5,1,2,1,1,49.0
9.91,2,35.8,11,5,1,0,1,1,23.83
7.1,2,38.9,0,6,1,0,1,3,12.35
3.65,2,30.7,9,2,0,0,1,1,9.42
5.03,3,43.8,20,2,0,0,0,0,7.76
9.78,2,58.5,11,3,0,0,0,1,10.56
4.11,3,19.8,11,0,0,1,1,2,13.3
10.33,2,66.3,13,5,1,0,0,1,9.93
6.68,4,11.1,9,2,0,1,1,1,42.05
6.66,3,19.7,13,5,1,0,1,1,24.1
9.8,3,20.8,10,2,0,0,1,2,32.56
3.06,3,21.1,20,6,1,0,1,1,12.13
5.47,2,40.2,15,3,0,0,1,2,9.53
6.18,4,19.0,19,0,0,2,0,0,19.74
9.52,2,64.6,17,0,0,0,0,1,10.75
12.64,2,35.6,8,1,0,0,1,1,29.47
2.88,1,62.0,20,5,1,2,0,1,3.44
6.71,1,44.9,5,6,1,0,1,1,12.53
2.73,1,49.7,12,4,0,0,1,1,4.94
6.68,3,51.2,8,1,0,0,0,2,8.11
8.76,1,51.1,14,0,0,0,1,3,12.62
5.04,2,61.1,9,5,1,1,0,2,5.09
13.02,4,13.7,17,3,0,1,1,2,63.28
8.82,2,22.6,21,1,0,1,2,2,26.66
8.43,3,16.2,17,3,0,0,2,1,38.49
7.25,2,29.5,10,0,0,0,2,3,16.59
9.7,2,32.9,15,5,1,1,1,2,20.38
13.62,3,37.9,20,3,0,2,0,3,21.92
7.52,2,32.9,8,1,0,0,1,1,17.78
5.22,3,40.9,6,0,0,0,0,1,7.82
22.44,1,71.4,6,0,0,0,0,0,20.43
7.41,2,58.2,13,1,0,1,0,1,8.34
6.15,2,35.9,17,5,1,0,1,1,13.1
9.41,3,41.0,16,4,0,0,0,1,16.7
1.76,1,32.7,12,1,0,0,2,1,4.61
2.74,4,15.8,17,1,0,0,1,3,11.47
1.44,3,44.1,16,5,1,0,0,2,2.02
1.7,1,57.3,16,2,0,0,1,2,2.26
3.48,3,14.5,8,0,0,2,1,0,15.73
5.04,3,17.3,9,2,0,0,2,2,21.06
4.89,4,22.3,10,2,0,2,0,2,13.43
6.26,4,12.8,18,2,0,0,1,1,33.32
8.15,4,12.5,18,3,0,1,1,1,45.02
5.16,2,30.9,8,6,1,2,1,2,12.22
8.31,1,57.6,3,1,0,0,1,2,9.86
13.55,3,23.1,18,2,0,1,1,3,38.7
19.19,3,21.9,11,3,0,0,1,1,65.56
14.9,3,49.3,8,3,0,0,0,1,19.7
17.75,2,23.0,6,6,1,0,2,1,66.61
6.35,3,41.2,0,0,0,1,0,2,9.1
1.9,4,11.3,11,1,0,0,1,1,11.33
6.0,1,55.9,10,5,1,0,1,3,8.25
3.26,3,23.2,17,4,0,0,1,3,9.16
6.4,3,40.8,22,1,0,1,0,0,10.13
2.71,4,10.9,8,3,0,0,1,1,16.02
7.15,2,30.2,8,1,0,0,1,1,18.88
3.97,4,15.0,10,0,0,0,1,3,17.17
3.95,3,22.0,12,1,0,0,1,0,13.69
12.64,1,80.7,17,6,1,0,0,1,11.04
7.27,3,13.8,10,3,0,1,2,2,35.75
6.63,1,30.8,5,6,1,1,2,2,14.8
10.84,4,8.5,17,3,0,0,2,1,93.05
8.22,4,11.6,18,2,0,0,1,3,44.82
10.72,4,7.6,8,3,0,0,2,1,95.57
6.07,2,33.6,6,0,0,0,1,2,12.58
10.33,1,47.5,14,3,0,0,1,2,15.05
2.02,2,33.0,8,1,0,3,1,2,4.08
6.0,1,45.7,10,5,1,0,1,1,10.61
7.84,1,63.4,18,5,1,3,0,1,8.48
5.03,1,25.7,8,5,1,3,2,1,16.52
6.15,3,20.8,18,4,0,0,1,0,22.19
11.08,2,29.5,17,3,0,2,1,2,24.36
11.28,1,49.4,8,5,1,0,1,2,15.33
7.82,2,70.1,14,0,0,0,0,2,7.28
13.95,2,26.3,16,6,1,0,2,2,36.45
3.16,3,24.3,8,0,0,0,1,2,9.1
5.61,1,30.9,7,5,1,1,2,2,12.41
5.74,2,37.7,14,0,0,0,1,2,9.62
13.2,2,33.5,17,5,1,0,1,0,32.94
8.83,2,35.0,12,0,0,0,1,1,20.55
15.34,2,32.4,4,1,0,0,1,0,38.84
2.1,4,24.1,21,2,0,2,0,1,5.01
7.96,2,14.3,17,6,1,2,2,0,38.9
6.72,1,74.0,16,4,0,0,0,0,6.34
0.83,3,16.3,16,6,1,0,2,2,3.48
3.9,1,37.5,11,5,1,2,1,2,7.03
3.19,1,41.3,23,6,1,1,1,1,6.43
8.77,1,71.7,6,2,0,0,0,0,8.48
12.84,3,22.3,18,2,0,0,1,3,32.99
5.29,3,19.6,11,2,0,0,1,1,19.96
3.09,4,25.7,20,1,0,0,0,1,7.69
2.67,1,47.3,17,6,1,0,1,1,5.13
15.8,2,57.0,15,6,1,0,0,0,18.69
4.23,2,30.7,21,4,0,1,1,2,9.29
0.8,3,21.1,21,3,0,0,1,1,2.95
4.55,1,32.2,3,3,0,0,2,1,11.52
2.05,1,27.7,7,5,1,3,2,2,5.5
6.91,3,18.1,17,4,0,0,1,1,27.92
6.5,4,7.4,21,4,0,1,2,2,58.74
5.26,3,15.8,11,0,0,2,1,1,21.18
2.31,2,62.6,2,6,1,1,0,2,2.24
6.37,1,35.9,16,2,0,0,2,2,12.61
5.74,2,35.8,7,0,0,0,1,2,11.35
6.15,3,20.5,14,1,0,0,1,1,23.53
4.87,3,24.3,10,1,0,0,1,3,13.24
9.91,1,87.1,14,4,0,0,0,2,7.34
11.47,2,60.5,21,1,0,0,0,0,12.07
2.66,2,54.5,13,4,0,2,0,3,3.19
9.51,1,38.6,2,6,1,2,1,2,17.84
11.85,1,55.6,15,3,0,0,1,2,16.28
20.28,2,35.2,9,2,0,0,1,1,49.06
7.24,1,54.4,18,6,1,2,0,1,8.41
4.93,1,53.4,12,1,0,0,1,2,6.51
10.47,3,21.6,18,0,0,1,1,3,30.27
4.99,1,62.5,20,1,0,0,1,3,6.06
12.23,2,78.4,10,5,1,0,0,3,9.48
6.11,4,14.8,23,2,0,0,1,2,25.66
3.98,2,61.7,7,1,0,0,0,0,4.71
6.98,3,21.2,16,4,0,2,1,2,22.2
5.62,1,79.5,2,1,0,0,0,1,4.82
5.3,4,24.5,8,3,0,0,0,2,13.02
1.48,2,21.6,16,6,1,1,2,1,5.82
11.73,1,87.1,3,3,0,0,0,2,8.31
11.69,1,87.3,5,1,0,0,0,2,8.98
8.61,3,37.7,9,0,0,2,0,3,14.86
9.04,3,16.1,15,1,0,1,2,2,38.59
3.52,1,37.1,0,4,0,3,1,0,7.55
0.89,3,11.5,13,4,0,0,2,1,5.48
7.41,3,23.2,16,6,1,0,1,3,23.36
6.04,3,48.5,11,6,1,0,0,2,6.81
7.31,3,41.9,4,6,1,0,0,0,11.65
0.8,2,32.8,16,6,1,0,1,2,1.63
9.71,3,16.4,15,6,1,0,2,2,41.37
3.49,3,15.7,13,4,0,0,2,2,15.24
2.99,3,15.6,17,0,0,2,1,2,12.21
16.74,4,11.5,8,3,0,1,1,2,86.21
14.48,4,11.2,17,4,0,0,1,2,77.73
1.45,1,52.1,7,4,0,0,1,2,2.06
4.08,3,37.1,11,1,0,1,0,1,6.72
5.34,3,20.9,4,3,0,1,1,2,17.05
13.5,3,19.9,19,4,0,1,1,1,51.14
10.16,4,11.8,14,6,1,0,1,3,59.34
2.39,2,34.1,22,4,0,0,1,2,5.18
6.9,1,44.6,21,1,0,1,1,1,12.45
5.36,1,51.7,23,1,0,1,1,3,7.61
