hospital_id,current_occupancy_pct,recent_arrivals_1h,critical_cases,hour_of_day,day_of_week,is_weekend,predicted_30m_load_pct,surge_risk_tier
4,75.7,2,2,0,2,0,81.6,2
5,84.5,2,6,12,1,0,100.0,3
3,80.2,3,0,2,6,1,87.7,2
5,58.7,5,2,9,2,0,81.9,2
5,75.3,5,7,20,1,0,100.0,3
2,81.0,2,3,2,6,1,91.4,3
3,72.1,6,6,8,0,0,100.0,3
3,59.0,7,2,7,6,1,82.2,2
3,43.0,3,3,2,3,0,55.5,0
5,76.4,5,0,12,4,0,94.8,3
4,82.9,5,3,5,6,1,99.0,3
3,56.3,1,0,12,3,0,54.7,0
6,46.8,3,1,22,3,0,60.9,1
5,54.7,5,3,19,3,0,79.1,2
2,66.2,7,2,19,6,1,96.1,3
4,54.3,4,6,11,1,0,82.4,2
6,67.5,0,7,12,1,0,75.8,2
6,83.5,5,4,1,4,0,100.0,3
2,70.2,6,2,20,1,0,98.4,3
4,56.3,4,5,23,5,1,78.9,2
5,82.1,6,6,22,1,0,100.0,3
1,65.5,3,4,15,1,0,81.7,2
4,45.8,4,7,22,1,0,74.8,1
2,62.5,1,2,5,0,0,67.3,1
6,69.4,3,7,18,4,0,91.1,3
5,77.7,6,3,20,5,1,100.0,3
4,82.1,3,1,12,1,0,96.1,3
1,54.3,4,5,16,4,0,72.2,1
1,47.0,2,3,22,2,0,60.1,1
3,43.3,6,0,8,0,0,64.6,1
3,73.2,10,1,16,6,1,100.0,3
2,75.8,6,6,1,1,0,100.0,3
4,58.4,1,5,18,5,1,70.2,1
4,57.8,7,3,18,0,0,91.5,3
6,82.9,6,1,23,5,1,100.0,3
6,81.3,2,0,6,6,1,84.7,2
6,50.5,4,5,21,6,1,75.7,2
3,75.1,9,4,9,0,0,100.0,3
4,68.0,1,6,9,2,0,82.6,2
4,46.9,4,5,19,4,0,70.3,1
1,56.1,4,6,8,0,0,82.3,2
3,48.0,3,7,16,3,0,66.8,1
5,53.3,5,6,14,6,1,77.1,2
3,67.7,2,1,1,2,0,74.1,1
5,56.9,3,1,3,6,1,62.7,1
1,57.7,1,0,18,3,0,58.9,0
2,64.3,7,5,16,2,0,91.6,3
4,43.9,10,3,4,6,1,77.8,2
1,73.2,3,4,6,3,0,85.4,2
4,58.1,2,1,17,3,0,63.7,1
6,61.6,4,1,20,6,1,76.9,2
2,83.8,8,1,21,6,1,100.0,3
2,55.5,3,1,6,5,1,65.6,1
1,69.2,7,7,16,0,0,100.0,3
2,57.7,10,5,6,0,0,94.1,3
5,80.2,3,0,3,2,0,86.9,2
2,78.1,6,1,7,4,0,94.6,3
4,50.9,4,4,12,6,1,71.2,1
4,71.1,2,0,3,5,1,75.7,2
4,42.9,4,5,5,0,0,59.6,0
4,83.3,2,7,4,0,0,98.2,3
5,55.7,2,1,11,5,1,62.0,1
3,77.4,6,5,3,1,0,100.0,3
6,54.3,6,4,23,5,1,83.1,2
1,68.5,3,2,8,0,0,80.9,2
4,84.3,2,2,3,4,0,90.6,3
2,79.5,5,7,18,1,0,100.0,3
4,47.2,3,4,23,3,0,66.3,1
2,64.6,4,7,13,5,1,89.0,3
6,55.7,4,1,4,3,0,64.6,1
6,59.5,5,1,17,1,0,76.0,2
6,55.1,2,7,9,1,0,76.6,2
2,55.1,4,0,18,1,0,67.7,1
4,64.4,4,1,11,2,0,80.8,2
6,48.6,5,0,17,5,1,58.8,0
5,64.2,2,1,16,6,1,70.0,1
2,52.6,3,5,23,4,0,73.2,1
2,53.0,7,3,10,4,0,83.8,2
4,73.2,4,3,2,3,0,88.1,3
2,41.3,7,4,22,3,0,75.9,2
2,57.1,5,6,16,6,1,79.4,2
6,58.3,6,6,0,3,0,86.3,2
4,61.8,4,6,14,5,1,84.2,2
6,70.1,5,5,8,0,0,98.1,3
6,56.6,6,6,14,3,0,84.5,2
4,49.6,5,3,23,1,0,75.6,2
1,79.8,3,6,2,3,0,99.7,3
6,84.1,4,2,21,1,0,100.0,3
5,40.9,5,2,18,2,0,65.6,1
5,64.6,5,6,12,0,0,94.8,3
2,55.4,3,6,11,0,0,77.9,2
5,52.5,3,0,19,6,1,63.8,1
2,55.1,1,7,0,5,1,66.8,1
1,68.7,2,2,20,5,1,76.8,2
4,48.6,2,1,16,4,0,52.0,0
4,81.1,5,0,12,2,0,99.8,3
4,61.0,8,5,0,6,1,91.9,3
5,54.7,7,3,9,5,1,89.8,3
1,74.4,3,6,14,1,0,94.2,3
5,40.7,4,3,6,2,0,56.7,0
5,59.4,5,2,21,0,0,82.0,2
1,56.0,3,2,17,1,0,68.0,1
1,55.2,3,1,15,6,1,62.8,1
1,55.2,5,3,13,6,1,74.7,1
1,41.4,8,6,17,2,0,73.7,1
4,46.8,3,7,6,0,0,69.3,1
3,46.4,8,2,16,5,1,70.3,1
3,84.5,2,3,17,1,0,92.1,3
1,41.0,2,3,11,1,0,52.0,0
3,47.5,6,2,7,0,0,65.7,1
3,83.8,1,3,21,1,0,91.4,3
1,68.3,3,2,1,5,1,79.9,2
3,60.3,5,6,6,5,1,87.0,2
5,43.5,5,6,3,5,1,67.6,1
2,70.1,3,4,17,0,0,85.1,2
2,46.2,4,2,5,3,0,60.7,1
1,70.2,3,3,8,3,0,84.0,2
4,84.1,2,4,8,6,1,96.2,3
1,63.9,2,6,13,6,1,76.3,2
4,49.6,3,3,7,1,0,60.8,1
2,68.1,6,3,18,5,1,94.9,3
1,63.1,3,7,2,1,0,84.9,2
6,64.0,3,4,17,0,0,76.8,2
5,61.5,1,5,4,1,0,73.2,1
3,70.3,2,1,13,4,0,77.1,2
4,65.7,2,4,3,3,0,74.7,1
6,84.4,1,6,6,1,0,96.8,3
3,77.2,4,5,19,1,0,100.0,3
3,51.9,7,5,11,2,0,90.6,3
1,72.7,5,3,1,1,0,91.0,3
3,49.6,4,3,10,4,0,71.1,1
5,75.2,2,6,13,3,0,89.8,3
6,46.6,3,1,21,2,0,57.5,0
3,61.3,1,7,22,0,0,75.4,2
1,75.6,1,4,15,6,1,83.9,2
5,52.6,2,2,19,0,0,60.8,1
2,77.7,6,7,5,3,0,100.0,3
6,69.0,2,3,22,6,1,78.7,2
3,57.9,3,7,3,0,0,80.3,2
1,59.1,4,4,14,4,0,73.8,1
2,81.7,1,0,23,1,0,82.9,2
2,49.8,6,3,0,3,0,72.0,1
4,71.2,5,2,6,6,1,86.8,2
5,71.8,8,3,11,2,0,100.0,3
3,81.5,6,5,9,1,0,100.0,3
1,72.1,5,7,4,0,0,100.0,3
4,66.3,5,4,11,0,0,93.4,3
5,80.6,0,1,17,2,0,81.6,2
4,77.3,1,0,9,4,0,79.8,2
6,72.3,6,2,5,2,0,93.9,3
5,41.5,1,6,11,3,0,54.9,0
5,56.8,6,3,6,2,0,80.4,2
3,68.4,8,2,17,0,0,91.7,3
5,63.5,1,1,1,4,0,63.7,1
4,54.4,4,0,9,4,0,68.8,1
5,46.5,3,7,14,5,1,65.0,1
3,64.9,4,2,11,2,0,83.3,2
3,52.9,3,4,16,3,0,66.1,1
6,50.5,2,4,3,0,0,59.7,0
4,58.0,4,2,6,1,0,70.1,1
2,75.3,4,7,8,4,0,100.0,3
2,62.0,5,0,18,2,0,82.6,2
5,49.7,4,3,22,5,1,69.4,1
6,45.3,5,4,6,3,0,67.0,1
1,62.5,6,3,22,3,0,88.8,3
5,75.7,0,3,1,6,1,80.7,2
6,69.4,3,2,5,0,0,78.1,2
4,50.4,3,4,17,4,0,66.7,1
4,59.7,2,2,5,0,0,65.9,1
4,78.5,6,1,12,5,1,100.0,3
4,48.0,2,3,18,1,0,58.6,0
4,63.9,6,0,1,1,0,78.0,2
6,56.0,6,6,11,1,0,93.1,3
6,45.6,3,5,14,3,0,61.4,1
3,42.2,4,3,13,4,0,55.1,0
2,65.0,4,0,5,0,0,75.5,2
4,40.9,2,2,17,0,0,49.8,0
1,44.7,4,4,4,5,1,60.4,1
6,55.6,4,3,17,1,0,69.5,1
1,42.0,2,1,2,4,0,47.3,0
1,58.0,1,3,2,4,0,62.0,1
1,45.9,6,0,21,5,1,68.4,1
3,55.7,0,7,21,2,0,66.4,1
6,75.6,6,6,9,4,0,100.0,3
1,68.2,3,0,18,4,0,79.8,2
4,60.0,4,0,2,0,0,70.5,1
5,44.1,4,4,11,5,1,66.4,1
1,67.9,1,1,15,4,0,71.6,1
3,47.4,7,1,16,4,0,65.4,1
6,43.4,1,0,6,0,0,44.0,0
3,69.9,6,1,12,4,0,92.4,3
1,81.0,3,1,23,0,0,92.8,3
6,60.7,4,2,1,2,0,71.7,1
5,41.8,5,5,3,3,0,64.4,1
1,79.6,10,1,9,6,1,100.0,3
3,43.0,1,5,6,0,0,51.4,0
2,79.0,2,0,23,0,0,82.1,2
4,57.6,3,4,16,4,0,70.9,1
3,56.4,4,5,19,0,0,81.8,2
6,64.4,6,2,5,5,1,83.6,2
1,83.1,4,1,18,1,0,100.0,3
4,80.4,3,2,4,1,0,91.2,3
1,61.2,5,3,9,2,0,84.1,2
6,71.3,4,2,8,0,0,91.7,3
1,66.1,4,5,12,5,1,89.5,3
2,71.2,4,6,18,4,0,96.2,3
4,77.3,3,2,20,4,0,88.9,3
4,41.6,6,2,23,6,1,67.0,1
6,54.7,1,7,5,3,0,68.8,1
2,83.2,6,1,3,2,0,99.2,3
3,82.7,4,2,23,5,1,100.0,3
1,40.5,2,5,2,5,1,52.9,0
5,49.1,5,7,2,6,1,77.4,2
1,84.7,5,4,3,6,1,100.0,3
1,62.2,2,1,4,4,0,65.1,1
3,65.8,5,0,7,3,0,78.3,2
1,47.5,9,3,15,4,0,77.3,2
2,80.2,4,7,21,3,0,100.0,3
2,50.4,2,0,2,1,0,53.0,0
4,48.5,1,1,23,5,1,53.5,0
6,50.3,5,0,11,6,1,70.9,1
5,81.4,3,3,7,1,0,91.8,3
1,71.6,2,7,12,4,0,93.2,3
1,74.6,5,5,3,2,0,94.3,3
3,57.0,5,5,13,0,0,81.1,2
6,80.9,8,2,13,2,0,100.0,3
2,75.5,2,0,12,2,0,78.9,2
5,73.8,4,5,5,0,0,93.8,3
4,83.7,7,1,16,5,1,100.0,3
2,56.5,4,4,3,1,0,71.3,1
6,67.5,3,3,7,1,0,77.2,2
4,80.9,1,0,16,5,1,78.4,2
3,75.6,2,4,2,0,0,87.5,2
3,65.4,6,3,16,3,0,89.0,3
1,43.4,3,0,8,2,0,55.0,0
6,69.4,7,1,1,4,0,91.7,3
5,63.7,3,4,12,1,0,80.5,2
4,48.3,1,5,19,5,1,57.7,0
2,79.7,1,7,1,4,0,95.6,3
6,55.4,4,4,19,6,1,75.5,2
6,57.4,2,6,10,0,0,73.5,1
3,70.3,3,0,21,4,0,79.7,2
1,62.0,6,0,14,4,0,74.9,1
1,44.0,5,1,10,2,0,65.6,1
4,57.4,2,1,22,0,0,66.1,1
3,44.3,8,6,2,4,0,78.8,2
6,48.6,5,2,2,1,0,64.7,1
5,40.3,5,7,11,0,0,73.3,1
3,48.2,5,7,23,1,0,78.9,2
4,54.9,0,0,4,5,1,49.4,0
4,64.2,7,1,19,5,1,91.0,3
3,81.4,7,0,6,6,1,98.3,3
4,64.3,4,1,6,3,0,74.9,1
3,71.8,2,3,12,5,1,82.4,2
2,56.1,6,1,8,4,0,82.4,2
3,73.8,10,1,20,0,0,100.0,3
3,67.9,1,3,12,5,1,72.3,1
4,60.7,6,3,11,1,0,90.6,3
4,48.7,5,5,12,4,0,77.3,2
1,53.7,4,2,23,5,1,72.2,1
1,67.9,9,1,9,2,0,100.0,3
2,59.2,4,3,0,1,0,75.1,2
1,80.0,6,2,7,6,1,98.5,3
3,50.6,4,2,21,6,1,66.3,1
4,43.3,3,0,15,6,1,50.5,0
1,66.5,6,3,12,1,0,95.9,3
1,79.9,4,4,2,6,1,97.8,3
2,56.4,6,3,2,3,0,78.8,2
6,69.1,8,6,23,2,0,100.0,3
2,50.4,2,6,4,3,0,64.6,1
3,65.1,4,3,10,5,1,84.9,2
4,75.4,1,2,6,2,0,79.0,2
2,79.0,3,7,20,1,0,100.0,3
1,44.7,5,5,23,3,0,74.9,1
4,56.0,7,3,9,4,0,90.8,3
4,68.8,6,3,9,2,0,97.5,3
1,41.6,1,5,19,1,0,53.2,0
2,71.1,2,2,1,0,0,79.5,2
1,63.8,4,2,2,2,0,75.9,2
6,53.0,7,6,7,2,0,83.6,2
4,76.7,5,0,10,5,1,96.5,3
5,53.1,7,0,12,4,0,81.4,2
5,84.6,6,3,6,5,1,100.0,3
3,76.7,7,7,12,6,1,100.0,3
1,71.9,6,3,1,2,0,94.7,3
1,42.8,3,5,5,2,0,56.4,0
3,80.7,9,1,8,6,1,100.0,3
3,75.6,10,4,19,4,0,100.0,3
3,50.3,4,1,1,4,0,60.3,1
4,57.7,2,7,17,3,0,74.8,1
6,52.1,4,1,15,1,0,61.9,1
1,84.3,5,3,11,1,0,100.0,3
4,78.4,1,2,6,3,0,84.4,2
3,81.9,3,2,6,1,0,90.9,3
1,75.5,3,4,16,2,0,87.9,2
4,60.5,5,7,12,3,0,92.6,3
6,49.2,4,2,10,3,0,68.2,1
4,49.4,3,3,5,1,0,63.7,1
6,46.8,3,5,22,0,0,64.4,1
3,64.6,6,2,13,1,0,83.0,2
6,81.4,4,5,5,5,1,100.0,3
1,84.6,6,7,5,0,0,100.0,3
3,52.9,5,0,1,3,0,67.4,1
1,71.4,5,6,21,0,0,100.0,3
5,66.9,5,4,19,2,0,92.3,3
2,62.0,3,6,14,4,0,77.9,2
6,70.0,5,2,16,0,0,87.9,2
2,56.7,3,2,7,5,1,66.3,1
2,82.5,5,0,4,4,0,94.5,3
6,71.7,6,6,16,2,0,100.0,3
3,73.9,2,1,19,5,1,80.5,2
5,50.9,5,3,0,6,1,70.4,1
1,47.6,2,2,21,4,0,57.7,0
4,57.7,3,6,17,6,1,77.0,2
1,74.5,3,5,14,2,0,92.7,3
4,82.2,6,0,4,4,0,99.3,3
1,59.2,4,0,6,4,0,69.8,1
6,74.8,4,1,17,1,0,85.6,2
5,61.2,4,6,5,5,1,84.1,2
4,53.3,3,5,21,5,1,70.8,1
3,73.3,3,5,20,0,0,94.2,3
1,75.9,4,7,4,6,1,98.3,3
1,49.1,2,7,18,6,1,70.1,1
4,53.7,1,2,9,5,1,57.1,0
3,62.3,5,1,14,5,1,78.7,2
3,48.4,2,4,9,4,0,60.5,1
6,81.8,5,0,15,6,1,94.6,3
6,66.6,1,3,11,3,0,73.7,1
6,45.5,4,0,17,1,0,55.2,0
6,48.3,3,1,22,0,0,60.4,1
6,82.9,5,3,0,1,0,100.0,3
6,73.2,3,7,15,0,0,95.5,3
5,73.0,5,6,21,2,0,100.0,3
3,43.3,2,7,5,4,0,61.5,1
6,80.3,1,3,2,5,1,85.4,2
3,60.0,7,0,1,5,1,77.8,2
3,69.7,6,7,1,3,0,98.1,3
2,83.2,7,3,12,6,1,100.0,3
5,44.5,0,6,8,6,1,52.4,0
6,61.7,10,2,15,1,0,93.3,3
1,42.2,1,7,4,1,0,53.7,0
4,62.5,2,0,22,1,0,66.9,1
1,51.4,5,1,20,6,1,72.5,1
5,81.0,5,4,6,5,1,100.0,3
4,57.9,5,1,12,6,1,80.4,2
5,68.5,4,2,19,1,0,84.1,2
3,78.7,2,7,23,4,0,96.0,3
4,84.3,3,4,12,0,0,100.0,3
3,62.7,7,4,6,5,1,87.4,2
1,60.5,2,5,9,4,0,77.6,2
1,43.4,5,1,14,2,0,59.0,0
4,40.6,4,7,20,4,0,67.7,1
4,67.4,2,7,5,4,0,83.0,2
6,42.9,1,6,4,2,0,54.6,0
5,57.1,4,7,22,4,0,82.8,2
6,40.2,2,0,1,0,0,43.0,0
5,67.7,3,0,20,5,1,78.5,2
6,59.1,5,4,14,3,0,81.8,2
3,45.7,3,1,15,6,1,51.8,0
4,53.3,3,7,18,2,0,77.5,2
1,65.6,4,7,8,5,1,92.2,3
5,69.6,4,1,21,1,0,84.2,2
5,60.8,4,0,18,0,0,77.1,2
1,76.2,4,5,6,3,0,93.7,3
6,45.1,3,2,3,0,0,56.1,0
5,43.8,4,0,2,0,0,51.2,0
3,42.0,1,0,23,1,0,42.9,0
4,64.1,4,2,19,3,0,81.7,2
1,71.8,7,0,10,6,1,100.0,3
4,45.9,1,4,0,0,0,54.1,0
5,68.8,8,7,5,1,0,100.0,3
5,61.5,6,4,10,2,0,90.1,3
1,84.4,2,4,0,1,0,92.8,3
3,72.3,5,5,20,4,0,100.0,3
2,69.6,3,6,6,5,1,85.9,2
1,65.7,3,4,5,1,0,79.8,2
2,84.9,4,5,13,1,0,100.0,3
6,84.1,5,4,1,1,0,100.0,3
2,64.2,3,1,3,6,1,70.3,1
3,60.5,4,1,10,0,0,75.9,2
6,60.8,4,2,14,6,1,71.5,1
2,59.3,3,5,17,3,0,72.8,1
6,63.9,6,3,0,1,0,85.4,2
2,52.3,6,4,2,1,0,76.7,2
3,81.7,2,3,2,4,0,92.1,3
2,62.1,7,7,6,4,0,93.7,3
2,77.9,2,6,0,2,0,95.0,3
2,61.4,4,3,10,2,0,80.1,2
1,72.3,5,6,5,4,0,98.8,3
1,55.2,2,4,19,3,0,69.6,1
1,68.1,4,0,2,2,0,77.2,2
3,62.4,3,2,18,5,1,78.1,2
6,56.5,5,5,1,5,1,81.1,2
5,79.7,5,6,17,3,0,100.0,3
2,45.1,3,6,11,4,0,64.8,1
2,61.9,6,3,9,2,0,91.1,3
3,48.7,2,0,4,1,0,53.0,0
2,78.7,7,0,8,4,0,100.0,3
1,51.4,2,4,1,2,0,61.1,1
5,68.5,4,2,1,3,0,83.9,2
4,47.5,5,6,5,5,1,74.0,1
2,58.2,2,4,9,3,0,71.7,1
1,80.5,2,2,17,2,0,86.4,2
4,47.5,8,4,11,3,0,86.4,2
5,69.8,3,7,3,2,0,89.1,3
4,49.2,5,7,21,2,0,83.2,2
1,58.7,3,2,20,3,0,72.1,1
6,64.3,0,1,16,0,0,63.4,1
6,66.0,8,0,14,1,0,89.6,3
4,67.1,2,7,5,4,0,85.8,2
3,68.8,2,5,15,5,1,80.9,2
4,52.2,3,7,16,1,0,69.9,1
2,58.1,6,0,2,4,0,75.4,2
2,41.7,4,0,9,4,0,55.7,0
6,74.6,2,7,4,5,1,92.7,3
3,77.7,2,2,13,1,0,85.6,2
1,49.0,2,0,20,5,1,55.6,0
2,49.1,8,1,12,2,0,82.3,2
6,41.9,5,1,5,5,1,58.4,0
5,83.7,5,6,11,3,0,100.0,3
6,76.3,2,3,7,0,0,84.6,2
2,56.2,4,0,4,0,0,65.9,1
2,61.7,4,4,14,0,0,80.2,2
6,53.1,6,6,15,1,0,80.4,2
1,66.9,8,4,0,1,0,94.3,3
4,72.3,4,4,15,2,0,88.3,3
2,60.1,6,5,4,6,1,86.6,2
6,79.3,3,1,2,0,0,86.0,2
6,63.3,7,3,19,2,0,96.4,3
3,46.5,2,5,14,6,1,61.6,1
4,68.0,2,3,12,0,0,78.7,2
5,60.8,5,1,23,1,0,82.5,2
1,82.1,7,3,15,6,1,100.0,3
5,57.6,6,4,22,3,0,88.5,3
4,58.1,7,4,10,3,0,91.8,3
4,69.3,4,1,20,3,0,84.9,2
4,63.7,7,4,1,5,1,91.1,3
5,56.9,2,7,21,3,0,75.3,2
4,84.5,8,2,5,4,0,100.0,3
6,53.6,6,6,5,0,0,79.4,2
5,52.5,4,4,13,3,0,71.1,1
4,78.9,5,0,10,6,1,97.0,3
6,40.2,2,1,7,4,0,46.4,0
3,49.1,4,1,7,4,0,61.0,1
4,66.6,3,3,0,4,0,78.9,2
5,47.3,2,3,20,2,0,59.2,0
2,84.4,2,6,6,6,1,97.0,3
4,60.9,1,3,5,2,0,67.9,1
2,66.9,2,0,20,4,0,73.7,1
6,47.2,3,4,7,5,1,61.1,1
3,53.0,4,1,18,3,0,66.8,1
1,67.7,4,4,21,0,0,89.6,3
3,64.7,2,3,20,6,1,73.7,1
4,75.3,3,7,23,5,1,100.0,3
2,52.1,6,1,19,1,0,79.3,2
2,69.4,3,3,7,2,0,82.3,2
5,53.1,4,5,13,3,0,71.5,1
2,66.4,4,0,17,3,0,75.0,2
5,67.2,4,1,15,1,0,79.6,2
6,45.5,6,3,8,1,0,73.4,1
1,64.7,10,3,14,6,1,97.0,3
4,40.5,3,6,9,3,0,61.2,1
5,62.6,9,5,21,1,0,100.0,3
1,71.4,0,3,15,3,0,74.9,1
2,43.3,3,6,3,5,1,61.1,1
2,82.2,3,0,19,6,1,94.2,3
1,60.6,1,4,12,1,0,70.2,1
2,82.2,2,4,21,5,1,93.9,3
6,44.8,1,4,4,5,1,51.0,0
6,82.7,5,0,21,1,0,98.9,3
1,44.9,1,5,6,6,1,52.2,0
5,60.8,3,4,22,3,0,76.0,2
5,82.2,5,7,8,4,0,100.0,3
1,50.5,2,7,7,3,0,69.2,1
5,41.6,3,4,15,0,0,53.6,0
5,75.7,4,0,5,1,0,85.4,2
6,66.8,5,6,15,2,0,91.8,3
5,63.1,5,1,5,6,1,77.2,2
3,41.5,2,7,13,1,0,58.6,0
4,69.4,7,3,20,0,0,100.0,3
2,47.7,2,3,0,5,1,54.8,0
3,81.9,5,7,8,2,0,100.0,3
5,70.9,6,0,23,2,0,92.4,3
6,71.8,5,4,12,3,0,100.0,3
1,50.5,4,5,18,4,0,76.4,2
5,79.6,2,2,16,3,0,87.2,2
6,64.2,1,4,10,6,1,72.8,1
4,78.6,4,7,7,2,0,100.0,3
5,52.2,8,2,22,2,0,89.7,3
1,74.0,4,3,4,4,0,86.8,2
6,65.9,5,5,9,6,1,94.1,3
6,42.2,5,0,6,1,0,54.8,0
6,58.2,4,5,9,4,0,83.8,2
4,48.3,1,7,3,5,1,59.7,0
5,56.2,2,4,8,3,0,69.7,1
4,57.3,3,0,13,1,0,65.1,1
2,61.4,5,4,1,3,0,81.0,2
2,67.0,4,4,8,4,0,89.8,3
5,65.7,3,5,20,1,0,83.8,2
4,41.8,2,4,0,4,0,52.3,0
1,73.8,1,2,22,5,1,80.6,2
6,82.7,4,0,9,0,0,95.5,3
6,55.7,7,3,9,2,0,89.8,3
5,48.1,5,1,19,6,1,68.9,1
2,64.3,5,2,21,1,0,85.3,2
2,71.7,7,3,2,2,0,98.2,3
6,70.6,2,0,5,0,0,71.0,1
5,67.5,5,7,5,1,0,92.8,3
4,46.6,5,1,20,2,0,68.5,1
2,77.7,3,1,1,2,0,87.8,2
4,59.2,3,0,17,1,0,64.9,1
2,50.0,5,2,22,2,0,72.9,1
2,43.9,3,5,1,2,0,62.2,1
3,58.8,3,5,11,1,0,77.8,2
2,67.8,1,6,21,6,1,81.6,2
1,69.9,7,4,4,2,0,97.4,3
5,83.3,2,7,19,2,0,100.0,3
5,46.9,5,4,6,6,1,68.9,1
4,84.4,9,4,23,3,0,100.0,3
2,69.5,5,7,15,5,1,93.8,3
1,60.4,6,3,19,3,0,89.0,3
4,80.0,6,0,0,0,0,95.5,3
3,71.3,1,2,0,3,0,73.9,1
4,55.7,3,7,16,3,0,76.5,2
4,79.8,7,5,0,0,0,100.0,3
2,70.0,4,0,20,2,0,85.5,2
3,71.4,4,5,19,2,0,93.9,3
4,80.3,2,1,12,3,0,89.8,3
1,60.2,3,3,8,0,0,77.5,2
1,69.6,3,2,14,2,0,77.5,2
5,73.5,4,1,2,4,0,86.6,2
3,60.4,5,4,13,1,0,81.9,2
3,43.8,0,7,22,1,0,56.5,0
5,74.7,3,5,10,5,1,93.8,3
4,42.2,4,4,23,1,0,65.0,1
3,72.3,3,4,21,3,0,89.3,3
1,81.0,2,0,11,1,0,88.3,3
1,55.6,9,1,12,1,0,94.0,3
2,44.6,4,2,12,4,0,63.2,1
3,50.5,4,1,0,2,0,61.4,1
4,65.3,5,6,23,4,0,96.7,3
5,82.4,2,2,9,3,0,89.2,3
5,63.1,5,3,2,1,0,82.2,2
4,45.1,5,3,23,6,1,68.5,1
6,68.3,2,2,3,2,0,75.7,2
2,73.0,3,1,15,5,1,80.8,2
5,57.7,2,6,7,5,1,73.9,1
3,72.5,8,2,15,1,0,99.8,3
2,54.6,8,2,16,1,0,78.0,2
3,75.5,3,4,18,5,1,92.9,3
1,55.3,3,2,21,5,1,69.2,1
2,51.5,5,4,14,6,1,71.1,1
5,79.6,8,6,15,3,0,100.0,3
2,64.7,5,5,14,1,0,85.3,2
2,52.8,2,7,1,5,1,70.9,1
2,82.1,4,7,10,6,1,100.0,3
6,71.1,3,4,0,0,0,86.9,2
2,49.9,4,2,14,5,1,62.7,1
3,67.7,8,5,18,2,0,100.0,3
1,79.2,3,0,3,2,0,86.2,2
4,71.3,0,1,10,0,0,70.8,1
2,51.0,3,2,4,3,0,63.4,1
5,69.2,2,3,2,1,0,80.4,2
2,67.9,4,2,12,1,0,85.4,2
5,76.9,6,6,9,5,1,100.0,3
3,48.0,4,2,10,2,0,65.8,1
5,71.5,5,3,17,3,0,91.8,3
4,41.2,4,7,1,3,0,62.1,1
1,71.3,3,4,6,3,0,84.2,2
5,83.2,6,4,8,5,1,100.0,3
5,47.8,6,0,9,1,0,69.7,1
1,54.0,6,7,17,3,0,85.4,2
4,66.2,3,7,22,5,1,88.5,3
2,73.0,4,2,6,5,1,86.2,2
5,55.5,2,2,6,0,0,62.7,1
1,69.9,1,1,2,4,0,74.0,1
3,80.5,5,5,11,3,0,100.0,3
1,72.7,5,4,6,4,0,91.3,3
3,72.0,4,2,16,1,0,86.2,2
4,57.2,5,6,0,5,1,83.9,2
2,81.0,3,1,4,6,1,87.6,2
1,52.5,2,0,15,3,0,54.6,0
6,49.2,3,6,14,6,1,65.8,1
5,56.4,7,1,1,2,0,76.7,2
4,69.3,3,4,8,1,0,87.1,2
1,78.8,12,4,6,0,0,100.0,3
5,45.9,4,0,3,0,0,57.1,0
1,76.6,6,5,19,4,0,100.0,3
3,76.6,1,2,17,5,1,78.4,2
1,66.4,5,1,20,4,0,89.0,3
6,74.2,6,2,3,2,0,91.2,3
1,48.2,4,2,12,2,0,63.9,1
1,47.6,5,2,0,0,0,63.2,1
6,78.8,2,7,23,6,1,96.0,3
4,62.4,5,3,2,3,0,80.4,2
1,51.1,4,7,15,0,0,74.6,1
6,71.0,2,0,21,0,0,75.9,2
5,80.1,1,2,3,6,1,81.9,2
3,68.5,6,0,22,6,1,88.9,3
3,55.6,5,5,15,2,0,76.2,2
1,61.7,8,2,18,6,1,98.8,3
4,73.9,4,7,0,4,0,96.5,3
4,43.0,5,1,4,2,0,57.6,0
5,49.8,5,7,18,6,1,82.2,2
1,60.8,0,1,21,5,1,59.7,0
3,67.2,3,6,23,2,0,91.0,3
4,55.3,4,6,10,2,0,79.5,2
1,53.4,5,0,12,0,0,69.4,1
4,41.9,3,7,19,3,0,66.9,1
6,41.5,4,7,4,0,0,64.0,1
4,52.5,6,2,20,1,0,79.1,2
3,63.9,7,0,3,2,0,80.4,2
2,65.0,3,0,3,6,1,70.0,1
5,62.2,2,3,3,6,1,69.8,1
5,58.4,0,2,3,6,1,56.7,0
3,51.4,6,3,19,2,0,79.3,2
4,58.0,8,2,20,6,1,93.8,3
1,46.2,5,7,17,1,0,74.7,1
4,45.2,6,6,17,2,0,70.6,1
3,53.5,2,4,15,6,1,63.8,1
5,84.8,4,4,8,2,0,100.0,3
4,54.7,3,3,17,5,1,66.6,1
5,82.1,4,4,21,2,0,100.0,3
1,57.7,3,3,1,1,0,69.6,1
5,59.8,1,4,20,0,0,70.9,1
5,75.9,3,3,3,2,0,86.3,2
2,44.2,6,4,11,3,0,76.7,2
2,48.2,1,6,6,1,0,60.7,1
6,83.8,3,0,14,4,0,91.8,3
2,62.8,9,6,6,5,1,98.0,3
5,42.0,3,0,21,1,0,53.3,0
3,42.1,2,0,20,0,0,47.9,0
5,80.8,5,2,16,6,1,97.5,3
3,79.3,5,1,15,6,1,94.5,3
3,60.6,6,3,18,1,0,87.6,2
2,47.3,2,1,8,4,0,53.2,0
4,77.4,5,0,13,6,1,88.4,3
1,54.6,1,3,16,5,1,61.6,1
2,58.9,5,7,4,3,0,86.7,2
2,70.7,4,3,1,4,0,87.1,2
4,55.9,4,7,19,1,0,84.5,2
1,68.3,3,2,15,4,0,78.3,2
5,79.8,3,1,13,6,1,89.0,3
6,75.9,3,5,13,6,1,92.0,3
6,57.2,3,6,0,1,0,76.7,2
5,53.0,1,1,2,6,1,55.8,0
2,52.8,8,4,6,6,1,83.7,2
1,55.7,5,3,14,3,0,72.8,1
2,62.2,8,0,18,3,0,93.9,3
3,58.7,4,4,19,0,0,80.2,2
2,46.0,3,5,1,3,0,61.1,1
2,47.4,1,6,18,2,0,62.4,1
5,55.4,5,6,8,4,0,84.3,2
5,65.3,1,4,18,4,0,75.2,2
5,66.7,6,3,4,1,0,88.0,3
6,61.9,7,4,17,3,0,89.2,3
3,73.2,3,3,15,0,0,83.8,2
5,73.2,4,3,3,6,1,89.6,3
1,59.2,8,4,11,0,0,96.4,3
6,45.6,5,0,6,0,0,58.3,0
4,63.9,3,5,13,5,1,78.7,2
1,57.2,5,7,22,6,1,88.8,3
1,46.2,7,4,11,2,0,80.1,2
5,84.2,5,1,2,3,0,98.2,3
4,56.6,2,3,4,6,1,66.0,1
4,68.2,3,0,16,0,0,75.7,2
6,62.1,5,7,9,6,1,94.3,3
4,46.4,2,7,9,2,0,67.9,1
3,42.5,4,6,10,4,0,70.7,1
5,68.2,5,5,16,1,0,89.8,3
4,51.1,5,2,4,3,0,67.5,1
6,51.0,1,6,12,3,0,63.8,1
3,83.1,1,2,9,5,1,88.8,3
2,60.8,6,4,8,4,0,90.1,3
2,41.3,3,6,16,3,0,60.8,1
3,55.3,7,2,0,5,1,77.4,2
6,66.3,4,7,3,5,1,87.6,2
3,54.8,6,6,3,5,1,80.5,2
5,41.2,3,7,17,3,0,63.5,1
5,60.0,1,1,8,3,0,64.0,1
2,44.8,4,7,17,3,0,66.8,1
4,67.9,3,4,13,2,0,80.6,2
6,67.9,2,6,14,5,1,82.8,2
2,41.7,6,4,5,2,0,66.6,1
4,53.1,4,5,23,1,0,78.2,2
4,58.6,2,0,9,3,0,62.4,1
5,64.8,5,3,14,6,1,84.6,2
1,53.3,10,6,3,4,0,91.1,3
1,52.9,5,7,17,0,0,79.2,2
3,84.2,4,4,17,1,0,100.0,3
5,41.9,6,7,16,6,1,71.8,1
4,84.5,1,4,11,0,0,94.6,3
6,42.1,2,4,6,0,0,53.5,0
1,53.0,2,0,15,3,0,57.6,0
4,62.2,6,4,10,4,0,91.4,3
1,46.4,5,5,13,0,0,66.4,1
1,46.1,4,6,2,5,1,66.4,1
1,51.5,3,7,18,6,1,73.6,1
6,83.8,5,3,17,0,0,100.0,3
5,57.1,0,3,9,1,0,61.8,1
6,65.5,4,4,5,4,0,81.9,2
2,71.7,4,0,12,4,0,84.1,2
4,73.4,4,2,9,0,0,89.7,3
5,71.0,3,6,17,4,0,88.7,3
5,55.2,4,6,19,1,0,80.6,2
5,45.0,4,7,15,6,1,68.8,1
5,52.7,5,6,5,1,0,75.3,2
6,49.5,0,4,12,1,0,53.0,0
5,46.1,7,6,3,5,1,78.3,2
3,41.1,5,5,22,3,0,70.6,1
4,82.1,3,4,13,0,0,97.8,3
5,81.4,2,1,0,6,1,86.2,2
4,42.3,2,6,19,4,0,61.0,1
3,47.8,8,5,4,1,0,81.2,2
3,46.3,9,0,7,0,0,72.8,1
4,52.7,1,3,11,6,1,60.7,1
1,49.2,3,0,1,6,1,53.6,0
2,82.6,5,0,11,0,0,98.7,3
1,43.8,5,4,4,3,0,61.6,1
1,49.5,4,1,21,5,1,67.8,1
6,43.6,5,4,4,4,0,63.5,1
1,84.1,3,0,12,5,1,94.9,3
5,81.3,2,4,8,6,1,92.1,3
6,72.2,6,6,9,4,0,100.0,3
6,59.2,7,5,0,6,1,85.5,2
3,48.6,6,6,2,1,0,78.4,2
1,50.0,3,0,17,1,0,57.6,0
3,59.9,5,6,11,0,0,90.0,3
4,74.6,5,3,2,4,0,94.4,3
2,51.9,4,4,8,4,0,72.1,1
6,54.0,4,6,1,6,1,74.1,1
4,67.0,4,4,2,5,1,85.7,2
4,50.7,6,3,13,1,0,70.5,1
5,66.3,5,4,3,2,0,86.5,2
2,57.4,7,0,18,0,0,83.5,2
4,41.5,1,2,12,4,0,48.2,0
4,58.1,5,4,6,3,0,78.3,2
2,81.4,6,3,11,3,0,100.0,3
2,53.2,8,3,2,2,0,81.7,2
4,54.5,7,2,22,1,0,87.2,2
2,43.0,4,0,22,1,0,56.3,0
4,67.7,6,1,8,1,0,91.7,3
4,78.2,5,0,1,5,1,91.9,3
5,55.9,3,5,21,6,1,77.7,2
1,50.8,6,4,8,3,0,83.2,2
4,83.0,12,3,11,1,0,100.0,3
3,73.5,2,3,11,3,0,87.1,2
6,65.5,3,0,14,2,0,69.4,1
1,53.7,6,0,1,0,0,70.5,1
1,49.9,3,7,17,6,1,68.7,1
1,72.2,2,4,12,5,1,85.9,2
5,63.5,7,0,13,4,0,82.0,2
4,63.4,2,6,4,2,0,78.0,2
5,43.3,7,2,9,6,1,73.1,1
4,63.0,5,2,11,3,0,84.0,2
5,77.0,1,1,9,2,0,81.7,2
5,82.6,2,3,23,4,0,94.8,3
6,44.8,4,4,10,6,1,66.4,1
3,68.4,5,7,1,5,1,95.5,3
5,65.6,6,4,4,0,0,90.8,3
6,80.1,5,0,6,4,0,92.8,3
2,73.8,5,3,5,6,1,93.5,3
3,83.4,5,1,21,5,1,100.0,3
5,83.2,5,1,22,3,0,100.0,3
1,50.2,4,1,2,4,0,62.3,1
2,72.6,4,5,12,2,0,98.7,3
2,63.9,3,6,2,1,0,81.4,2
6,49.7,4,3,23,2,0,70.6,1
2,48.8,3,5,20,3,0,70.0,1
3,43.6,2,1,5,6,1,46.9,0
5,75.8,1,5,10,0,0,89.2,3
5,54.6,3,5,16,4,0,70.8,1
1,78.6,3,2,9,6,1,92.5,3
6,67.4,6,0,11,0,0,89.3,3
1,70.3,4,1,16,3,0,82.0,2
2,53.1,2,2,3,4,0,59.9,0
1,60.6,2,6,1,5,1,73.3,1
3,58.6,1,2,10,5,1,65.1,1
5,50.6,3,4,6,6,1,66.5,1
2,77.5,4,7,1,2,0,99.3,3
1,68.0,5,5,17,6,1,89.0,3
6,41.7,4,0,20,2,0,53.6,0
3,76.9,2,6,3,3,0,89.3,3
3,44.8,3,4,7,5,1,59.3,0
1,58.2,3,7,19,4,0,82.4,2
5,65.7,3,6,13,5,1,81.6,2
1,40.3,6,7,11,2,0,75.3,2
2,69.4,7,3,21,6,1,100.0,3
1,69.7,4,2,20,3,0,89.8,3
3,69.4,7,5,17,5,1,97.5,3
1,47.4,5,7,10,3,0,80.9,2
5,51.5,6,6,7,5,1,76.9,2
6,51.1,4,4,1,6,1,66.7,1
4,83.2,2,0,14,0,0,84.0,2
1,43.0,2,7,8,6,1,64.4,1
5,59.3,8,2,18,5,1,93.0,3
5,79.2,8,7,19,2,0,100.0,3
6,74.6,1,1,7,6,1,77.7,2
3,77.0,2,0,18,4,0,83.3,2
5,83.8,3,1,4,2,0,91.9,3
5,57.4,5,3,10,2,0,81.2,2
5,53.9,5,1,14,2,0,69.5,1
5,41.4,5,1,7,3,0,57.1,0
2,46.8,4,3,18,1,0,64.8,1
2,65.3,7,7,22,1,0,100.0,3
3,47.1,3,3,7,0,0,57.7,0
1,73.1,6,1,18,2,0,96.6,3
5,41.7,5,6,17,1,0,64.6,1
6,51.7,5,2,9,0,0,71.9,1
1,71.3,3,2,6,3,0,79.5,2
6,51.5,8,5,8,2,0,93.6,3
1,72.8,4,4,0,4,0,90.0,3
3,84.8,10,4,18,3,0,100.0,3
5,75.9,2,3,4,0,0,84.8,2
5,55.4,5,6,18,3,0,86.8,2
4,80.5,2,0,0,4,0,81.5,2
6,42.3,2,6,14,3,0,55.6,0
1,72.6,8,1,15,0,0,96.9,3
1,41.0,3,7,22,4,0,66.6,1
2,47.9,7,3,6,4,0,74.9,1
4,84.4,7,7,11,3,0,100.0,3
2,56.2,3,3,7,4,0,69.9,1
2,76.9,4,7,4,6,1,99.2,3
2,56.9,4,3,9,3,0,78.3,2
6,77.8,1,7,20,2,0,92.0,3
6,83.4,7,2,4,4,0,100.0,3
3,59.6,8,0,16,3,0,79.3,2
3,65.2,5,2,4,2,0,81.6,2
2,68.3,7,6,21,4,0,100.0,3
4,82.1,6,4,14,2,0,100.0,3
1,51.6,2,6,12,5,1,66.7,1
6,67.5,3,3,0,4,0,78.5,2
4,54.6,2,2,10,5,1,63.2,1
5,49.8,3,3,22,0,0,64.9,1
6,43.8,4,0,0,0,0,50.5,0
6,67.9,4,6,10,3,0,93.0,3
3,79.7,2,1,17,1,0,83.2,2
1,55.8,6,2,17,5,1,77.3,2
1,64.9,5,0,20,5,1,81.7,2
5,68.9,4,1,15,0,0,79.5,2
5,58.7,8,3,12,5,1,97.0,3
6,80.7,1,5,6,1,0,89.9,3
2,56.3,2,7,0,2,0,72.5,1
3,45.6,4,0,15,2,0,55.9,0
3,46.5,1,7,0,1,0,60.4,1
6,80.1,6,4,16,5,1,100.0,3
4,84.5,3,6,5,5,1,100.0,3
2,53.0,2,5,1,5,1,64.1,1
6,46.5,6,1,16,6,1,66.0,1
2,61.7,1,1,5,3,0,62.9,1
2,71.9,4,3,13,4,0,87.6,2
2,67.6,3,4,17,1,0,83.7,2
6,82.8,6,2,5,1,0,100.0,3
3,76.8,3,0,9,6,1,86.2,2
3,79.1,9,5,23,1,0,100.0,3
2,64.4,5,7,17,1,0,91.2,3
4,54.7,5,6,8,6,1,83.3,2
1,71.6,7,6,7,1,0,100.0,3
6,59.8,5,3,9,5,1,85.5,2
1,52.9,5,4,16,6,1,71.7,1
4,46.9,4,7,22,3,0,72.6,1
6,63.8,4,1,5,0,0,73.1,1
2,66.7,4,1,13,5,1,79.2,2
3,65.6,2,5,21,5,1,81.6,2
1,45.2,1,6,21,4,0,56.8,0
5,65.6,3,1,5,6,1,71.4,1
5,47.6,1,4,6,0,0,56.3,0
4,69.9,8,6,11,1,0,100.0,3
2,59.3,4,4,2,0,0,78.8,2
1,78.2,2,2,13,3,0,85.0,2
2,75.0,6,0,21,2,0,99.8,3
1,72.6,4,1,18,5,1,90.7,3
4,71.5,5,2,22,6,1,92.6,3
4,65.2,1,4,15,6,1,73.7,1
5,42.8,1,2,6,0,0,44.2,0
2,69.5,3,6,7,4,0,86.4,2
6,61.0,3,1,17,3,0,70.0,1
5,61.1,4,6,12,2,0,86.2,2
2,57.1,6,7,20,3,0,92.0,3
5,81.8,7,0,8,6,1,100.0,3
6,51.2,8,7,9,1,0,96.4,3
3,54.2,4,2,20,2,0,73.7,1
3,83.3,4,4,22,6,1,100.0,3
3,76.5,4,3,8,4,0,96.1,3
3,40.6,7,7,14,2,0,72.6,1
1,80.8,2,5,19,6,1,94.9,3
3,50.2,2,3,1,4,0,56.7,0
6,71.8,3,2,12,1,0,83.7,2
4,64.9,7,4,1,4,0,89.7,3
4,64.2,5,2,18,3,0,86.2,2
1,72.3,9,7,1,0,0,100.0,3
3,49.3,4,2,2,3,0,61.7,1
3,47.2,2,3,5,6,1,56.4,0
3,69.3,1,5,2,6,1,81.3,2
5,53.1,6,6,9,5,1,89.4,3
2,83.8,1,2,23,3,0,87.4,2
5,60.3,5,5,5,2,0,81.9,2
2,45.0,6,6,22,1,0,77.4,2
3,70.9,3,3,15,5,1,80.7,2
3,53.8,3,5,16,5,1,69.3,1
5,46.7,8,6,18,5,1,91.9,3
5,59.0,2,7,2,6,1,76.6,2
2,83.4,4,7,17,0,0,100.0,3
4,58.5,3,4,6,4,0,72.6,1
2,55.6,5,4,8,2,0,80.5,2
5,60.0,3,4,19,6,1,76.0,2
6,40.5,4,5,11,1,0,66.2,1
5,46.0,6,3,4,6,1,67.1,1
6,78.2,3,1,2,0,0,85.3,2
1,84.0,2,5,10,6,1,99.8,3
5,47.1,7,1,3,6,1,65.6,1
1,64.1,4,1,4,3,0,75.9,2
4,83.5,4,1,0,1,0,94.6,3
2,47.0,7,6,17,5,1,77.2,2
6,48.4,3,4,11,1,0,66.4,1
2,81.7,0,1,12,1,0,77.9,2
1,71.8,2,6,8,3,0,87.7,2
6,46.8,2,2,1,4,0,52.0,0
2,57.7,6,3,4,6,1,77.8,2
5,42.5,6,1,12,2,0,66.8,1
3,59.5,6,4,15,5,1,85.2,2
1,75.0,4,7,15,4,0,96.8,3
2,64.9,4,1,23,0,0,80.4,2
1,69.1,7,3,2,6,1,95.8,3
1,54.7,3,0,21,5,1,66.2,1
6,47.3,9,0,3,2,0,72.2,1
6,40.6,6,5,10,6,1,71.6,1
3,77.0,10,4,22,0,0,100.0,3
5,68.6,3,4,13,3,0,80.5,2
1,50.3,9,4,2,4,0,81.6,2
2,58.8,4,1,15,6,1,69.3,1
4,76.1,2,7,21,5,1,96.2,3
1,64.2,4,7,14,1,0,85.6,2
1,53.5,5,3,9,2,0,77.1,2
3,52.0,7,7,8,6,1,92.9,3
5,49.8,1,3,10,5,1,56.7,0
4,77.1,7,7,15,1,0,100.0,3
6,66.2,4,3,9,5,1,88.6,3
6,71.9,6,0,16,6,1,86.2,2
2,78.7,5,3,18,0,0,100.0,3
4,84.4,2,4,1,1,0,96.8,3
6,51.2,3,6,23,1,0,70.7,1
2,48.1,3,1,22,5,1,61.9,1
5,60.8,5,0,1,3,0,72.8,1
2,41.6,8,5,5,6,1,75.2,2
6,75.6,7,1,18,3,0,100.0,3
3,79.8,4,2,7,4,0,94.9,3
3,70.9,4,7,2,0,0,95.2,3
3,52.1,2,6,13,3,0,65.3,1
6,45.5,2,4,15,5,1,55.4,0
3,57.2,2,0,0,6,1,60.6,1
4,77.5,6,4,20,3,0,100.0,3
5,55.7,7,1,2,4,0,75.5,2
2,41.5,3,7,21,2,0,66.4,1
2,52.3,3,3,17,4,0,63.1,1
6,84.5,4,7,8,1,0,100.0,3
3,70.5,6,6,5,6,1,96.3,3
3,80.5,3,2,22,1,0,92.8,3
1,74.9,6,4,20,3,0,100.0,3
5,64.3,7,7,0,3,0,98.8,3
4,46.7,2,7,20,4,0,64.3,1
2,55.7,3,2,9,4,0,70.0,1
1,66.3,3,1,5,5,1,75.1,2
1,79.2,0,7,22,0,0,92.1,3
6,52.1,4,4,11,5,1,73.0,1
2,45.5,3,3,3,1,0,58.5,0
6,65.1,8,2,12,5,1,100.0,3
4,47.9,6,7,16,4,0,75.3,2
1,67.5,1,0,7,6,1,69.0,1
1,51.9,7,5,19,5,1,91.3,3
5,50.4,9,1,2,2,0,76.9,2
4,58.0,2,4,11,0,0,70.2,1
1,66.7,6,0,6,4,0,82.0,2
4,64.5,1,3,11,6,1,72.2,1
2,51.0,2,3,1,3,0,60.5,1
3,80.1,2,2,23,5,1,91.1,3
1,44.9,4,1,13,4,0,57.0,0
5,41.8,2,5,21,3,0,55.7,0
2,67.1,4,4,22,3,0,89.1,3
4,45.6,5,6,4,1,0,67.8,1
6,62.7,5,7,8,1,0,96.8,3
2,82.8,5,0,20,6,1,100.0,3
1,71.4,4,4,10,4,0,92.4,3
4,67.8,5,0,4,6,1,81.2,2
3,65.9,3,1,2,4,0,75.0,2
2,48.1,2,3,16,2,0,58.9,0
1,59.5,3,3,1,0,0,69.5,1
5,55.4,8,4,23,0,0,96.6,3
6,82.9,8,4,0,4,0,100.0,3
4,50.9,5,2,6,1,0,67.4,1
2,61.2,3,7,13,5,1,78.8,2
2,82.2,8,0,4,6,1,100.0,3
3,75.5,5,2,18,2,0,97.6,3
3,83.4,5,0,10,0,0,100.0,3
5,67.4,5,1,22,4,0,87.7,2
6,55.0,2,4,1,1,0,65.5,1
5,77.2,6,5,7,1,0,100.0,3
1,53.1,5,7,8,1,0,87.2,2
1,47.4,2,0,2,6,1,50.1,0
5,71.8,2,7,1,5,1,88.4,3
6,68.8,5,3,6,3,0,87.7,2
5,79.6,4,7,4,6,1,100.0,3
6,83.3,2,1,20,5,1,91.0,3
6,78.6,5,7,4,1,0,100.0,3
4,42.7,2,3,19,4,0,56.3,0
6,69.9,2,1,12,2,0,79.6,2
3,75.3,8,0,20,5,1,100.0,3
6,84.2,1,3,19,4,0,88.6,3
6,56.9,0,6,5,6,1,65.6,1
6,47.6,7,5,19,6,1,87.2,2
1,78.4,5,5,17,1,0,100.0,3
3,54.3,6,0,1,2,0,69.8,1
3,66.9,2,2,5,0,0,71.7,1
5,57.5,1,1,8,0,0,62.3,1
4,58.1,5,4,2,6,1,76.2,2
6,73.0,4,3,0,4,0,85.9,2
2,56.3,4,7,0,2,0,78.7,2
4,71.2,6,5,18,4,0,100.0,3
4,40.6,4,0,4,2,0,49.6,0
3,54.6,5,3,12,2,0,77.4,2
4,54.4,3,7,18,6,1,78.7,2
6,73.7,2,0,11,4,0,76.9,2
6,54.2,1,7,15,6,1,69.9,1
1,68.5,5,7,18,2,0,100.0,3
6,71.0,3,2,2,5,1,78.5,2
6,69.6,1,4,11,1,0,78.1,2
3,67.1,3,3,4,2,0,78.6,2
6,58.6,5,6,1,5,1,84.2,2
1,56.8,8,3,21,2,0,92.5,3
2,65.4,2,0,6,5,1,68.6,1
3,42.9,5,0,12,4,0,59.8,0
2,79.4,5,3,14,0,0,96.1,3
3,77.1,2,5,21,3,0,94.0,3
5,55.6,8,2,2,2,0,81.3,2
4,65.5,2,3,20,3,0,77.3,2
5,82.0,3,1,19,2,0,95.3,3
6,52.2,2,6,4,4,0,68.9,1
2,73.4,4,6,23,4,0,100.0,3
6,43.7,3,5,7,5,1,58.7,0
4,63.6,8,6,21,2,0,100.0,3
3,79.8,3,6,0,4,0,97.9,3
4,64.8,5,7,7,4,0,90.8,3
1,67.7,4,1,23,2,0,84.9,2
4,80.8,3,3,17,5,1,91.7,3
1,72.2,0,7,19,5,1,82.3,2
4,71.3,4,2,15,5,1,82.5,2
1,66.4,5,5,17,5,1,87.4,2
2,68.5,6,0,19,0,0,93.6,3
6,76.2,4,5,11,2,0,98.6,3
6,84.1,3,6,12,6,1,100.0,3
5,75.8,3,0,12,0,0,83.8,2
6,71.8,6,3,9,4,0,98.2,3
3,46.1,3,4,6,0,0,60.1,1
4,76.8,6,0,13,6,1,93.5,3
5,73.1,10,1,23,6,1,100.0,3
3,74.7,5,7,15,6,1,100.0,3
3,50.4,2,1,14,5,1,55.2,0
1,80.7,2,4,11,4,0,92.4,3
6,44.4,2,6,8,0,0,59.8,0
2,51.4,2,6,7,0,0,65.3,1
2,69.8,6,4,17,2,0,95.3,3
5,70.3,3,6,22,0,0,89.5,3
2,54.1,4,6,17,4,0,74.0,1
4,71.6,1,1,12,5,1,74.8,1
2,57.5,5,3,17,2,0,74.1,1
5,40.0,2,6,14,0,0,54.4,0
2,47.3,5,3,3,2,0,65.1,1
4,79.7,5,3,16,3,0,95.6,3
1,50.0,3,1,4,2,0,56.5,0
5,45.1,3,4,21,6,1,63.9,1
1,70.7,5,6,15,5,1,96.6,3
1,59.8,5,2,8,6,1,83.8,2
1,75.8,6,1,9,3,0,100.0,3
3,78.8,4,1,23,6,1,95.3,3
6,78.1,3,0,17,3,0,84.3,2
3,54.1,5,3,16,2,0,74.5,1
6,62.7,0,0,17,4,0,60.7,1
1,69.3,4,6,6,5,1,88.9,3
5,54.5,5,5,3,4,0,75.5,2
6,41.8,6,5,4,5,1,67.8,1
4,62.3,2,7,22,5,1,82.1,2
4,40.6,7,6,15,6,1,69.2,1
2,82.8,5,1,2,6,1,98.6,3
6,75.9,6,5,17,4,0,100.0,3
5,48.6,4,1,22,1,0,63.3,1
3,52.9,4,1,20,3,0,68.6,1
1,84.2,5,2,13,6,1,100.0,3
2,56.8,2,7,14,6,1,76.1,2
4,75.3,4,0,16,6,1,86.8,2
3,60.1,3,4,0,2,0,73.3,1
3,78.9,4,3,20,4,0,98.3,3
1,71.7,6,3,16,4,0,95.3,3
6,41.0,5,2,22,6,1,65.2,1
4,53.2,1,0,10,2,0,53.0,0
5,65.1,1,3,16,6,1,71.7,1
3,81.7,3,1,13,3,0,87.2,2
1,44.6,4,6,19,2,0,71.5,1
5,67.1,4,7,18,6,1,95.9,3
6,53.6,3,0,20,5,1,63.6,1
4,80.0,3,5,6,1,0,94.3,3
6,74.4,4,3,23,5,1,94.1,3
3,56.6,2,0,12,1,0,60.1,1
5,47.5,3,2,17,2,0,57.8,0
5,40.5,6,4,22,5,1,70.7,1
5,68.0,6,4,13,3,0,93.8,3
3,58.3,6,0,0,5,1,73.3,1
3,54.2,2,2,6,4,0,63.1,1
6,84.3,4,3,7,1,0,100.0,3
2,61.0,3,7,17,1,0,78.4,2
6,73.7,10,1,8,6,1,100.0,3
4,48.0,4,7,0,3,0,69.2,1
1,40.6,1,6,21,1,0,55.7,0
5,58.8,4,0,16,1,0,68.5,1
2,70.0,3,6,18,6,1,89.8,3
1,62.8,5,0,5,3,0,75.5,2
2,80.1,4,3,2,5,1,96.4,3
6,59.5,2,1,23,2,0,66.9,1
3,54.0,5,1,4,5,1,68.4,1
5,81.2,6,3,1,4,0,100.0,3
6,58.3,5,0,19,4,0,77.4,2
1,52.1,3,7,3,1,0,69.8,1
1,44.4,4,6,9,4,0,68.3,1
1,75.7,8,7,9,2,0,100.0,3
1,77.1,2,3,23,1,0,86.2,2
1,41.5,4,4,20,6,1,62.4,1
2,56.1,4,7,10,4,0,82.2,2
6,73.7,2,6,15,6,1,86.6,2
5,82.6,0,3,16,0,0,87.2,2
3,57.0,4,2,15,0,0,68.1,1
3,79.2,6,7,6,0,0,100.0,3
6,57.7,1,0,15,6,1,56.7,0
6,48.1,5,5,2,0,0,71.3,1
3,40.2,6,5,15,5,1,64.8,1
3,54.9,5,2,7,0,0,73.5,1
2,57.0,5,7,11,1,0,90.1,3
4,82.5,6,0,2,3,0,97.3,3
5,49.3,4,7,16,5,1,73.9,1
1,57.2,2,0,20,3,0,61.6,1
4,41.1,4,4,17,1,0,56.6,0
6,74.4,2,3,10,1,0,87.9,2
3,81.2,3,7,3,2,0,100.0,3
4,50.7,5,5,15,5,1,72.5,1
5,59.3,2,3,16,3,0,66.7,1
6,45.5,7,5,8,0,0,81.6,2
1,60.6,7,6,5,1,0,91.3,3
1,46.0,2,5,23,0,0,62.0,1
5,63.6,7,5,19,3,0,98.2,3
5,73.1,5,4,1,6,1,93.3,3
3,64.9,8,4,8,5,1,100.0,3
1,51.0,1,1,20,4,0,51.4,0
6,55.9,5,2,5,6,1,73.8,1
4,68.7,5,0,2,6,1,82.6,2
6,66.5,3,6,19,4,0,85.8,2
2,46.2,4,1,5,1,0,56.5,0
2,78.0,4,3,6,2,0,93.0,3
5,61.4,7,1,0,0,0,84.1,2
3,47.3,4,3,22,1,0,68.0,1
2,45.5,3,4,0,2,0,59.8,0
1,83.4,3,0,4,0,0,89.3,3
6,52.7,3,0,5,3,0,58.9,0
6,80.9,3,0,12,6,1,90.8,3
5,58.5,8,5,1,6,1,87.7,2
4,57.4,2,5,14,4,0,67.8,1
5,71.5,4,4,14,2,0,90.7,3
4,40.4,3,6,12,0,0,63.7,1
5,55.2,7,3,13,1,0,77.6,2
5,53.6,2,4,21,0,0,67.8,1
5,79.1,4,0,6,1,0,87.6,2
4,63.8,4,0,13,6,1,71.4,1
4,56.4,5,6,23,4,0,86.9,2
5,52.0,4,0,9,4,0,68.4,1
2,66.6,8,3,16,0,0,92.6,3
3,46.8,2,3,13,0,0,54.3,0
3,51.1,5,1,7,1,0,67.6,1
3,53.2,2,6,3,1,0,66.0,1
4,67.4,6,1,15,2,0,83.0,2
4,56.8,2,6,23,6,1,75.2,2
2,62.8,4,2,12,2,0,82.9,2
3,69.3,7,3,21,2,0,100.0,3
3,83.0,7,4,19,0,0,100.0,3
5,74.4,6,3,17,5,1,95.9,3
4,58.2,4,1,13,5,1,70.4,1
3,73.7,3,6,17,5,1,93.0,3
6,82.7,1,5,4,5,1,93.1,3
2,62.5,6,7,8,2,0,96.8,3
6,58.5,2,6,2,0,0,71.4,1
6,43.5,2,0,7,5,1,46.1,0
2,80.2,3,6,19,4,0,100.0,3
6,51.1,5,1,21,3,0,72.4,1
3,42.9,4,1,9,4,0,58.3,0
4,64.2,1,5,21,0,0,73.2,1
2,78.1,3,1,18,0,0,90.4,3
5,58.3,6,2,20,3,0,83.5,2
6,75.2,4,2,2,1,0,87.8,2
2,77.6,8,7,10,1,0,100.0,3
1,60.4,5,7,10,1,0,95.1,3
1,66.6,5,2,16,2,0,80.8,2
4,64.0,1,7,15,1,0,76.3,2
3,82.3,6,6,6,6,1,100.0,3
4,72.6,4,4,3,2,0,89.2,3
4,81.6,3,2,22,2,0,94.0,3
4,49.9,2,7,18,1,0,67.7,1
4,54.0,6,4,11,1,0,86.8,2
5,43.2,9,3,14,3,0,73.3,1
5,62.5,3,6,10,5,1,85.5,2
2,79.3,6,3,4,3,0,100.0,3
1,54.7,4,2,4,2,0,67.7,1
4,45.8,6,3,14,3,0,69.5,1
2,43.1,5,3,17,2,0,62.3,1
1,60.1,4,6,10,0,0,84.7,2
6,47.4,4,0,11,2,0,59.7,0
3,55.6,1,2,1,2,0,60.1,1
5,76.9,4,6,19,3,0,100.0,3
6,57.3,3,2,14,5,1,65.6,1
1,67.4,5,1,19,0,0,89.3,3
6,62.6,4,1,3,4,0,72.5,1
3,72.3,1,3,21,4,0,79.7,2
1,47.0,5,1,17,5,1,58.8,0
6,81.4,4,0,5,4,0,90.0,3
5,69.0,5,2,22,0,0,93.1,3
5,52.2,6,0,18,1,0,76.6,2
2,45.5,0,2,10,0,0,48.4,0
6,46.7,4,4,23,3,0,67.7,1
4,75.2,4,5,1,6,1,94.6,3
6,66.5,3,2,7,2,0,78.9,2
1,57.1,5,5,10,2,0,87.5,2
1,55.0,4,5,4,3,0,75.1,2
6,78.5,1,6,17,3,0,90.5,3
3,79.4,5,0,22,6,1,95.5,3
5,66.2,6,3,17,6,1,87.4,2
1,63.6,3,1,13,2,0,69.6,1
5,76.7,2,1,21,6,1,85.2,2
1,73.7,4,6,9,6,1,100.0,3
2,58.0,9,6,2,6,1,93.0,3
4,43.7,8,0,8,5,1,75.3,2
1,74.6,4,1,2,1,0,85.2,2
5,47.6,3,3,10,6,1,62.8,1
2,40.7,4,1,11,1,0,56.0,0
1,77.9,2,4,11,1,0,90.8,3
3,66.0,10,7,2,3,0,100.0,3
4,80.1,3,2,20,6,1,95.5,3
1,61.8,8,6,6,2,0,94.5,3
2,81.7,1,6,13,5,1,95.1,3
3,55.9,5,4,23,2,0,83.1,2
6,72.6,7,2,10,6,1,100.0,3
2,53.5,6,7,6,2,0,82.4,2
2,40.1,4,6,20,6,1,63.7,1
3,57.1,8,4,9,5,1,97.8,3
2,73.2,6,1,10,0,0,95.8,3
3,46.8,4,1,14,5,1,57.1,0
1,62.7,3,3,18,0,0,79.0,2
3,49.6,5,4,15,4,0,68.4,1
3,43.4,2,6,21,0,0,58.3,0
4,67.8,2,2,20,1,0,75.6,2
3,82.8,3,5,19,1,0,100.0,3
3,54.0,4,2,11,5,1,74.4,1
6,66.1,4,1,17,1,0,79.1,2
1,82.9,6,1,22,1,0,100.0,3
4,69.3,3,6,12,4,0,89.6,3
6,70.3,5,1,4,1,0,83.8,2
5,48.1,4,5,3,3,0,66.2,1
1,62.2,4,4,13,3,0,78.7,2
1,56.5,2,2,7,3,0,64.1,1
5,61.2,6,4,8,0,0,90.8,3
3,76.0,8,6,18,5,1,100.0,3
6,60.7,5,2,2,5,1,75.7,2
2,42.8,4,2,4,2,0,54.1,0
4,80.7,8,6,20,4,0,100.0,3
2,64.5,4,7,17,3,0,88.4,3
5,81.6,3,3,0,3,0,93.5,3
1,65.8,3,1,7,1,0,73.8,1
1,43.1,1,4,18,3,0,52.2,0
4,64.9,7,4,16,1,0,90.7,3
1,65.9,2,1,16,1,0,68.9,1
1,49.6,4,4,10,2,0,69.7,1
4,61.2,6,3,1,0,0,84.3,2
6,60.7,5,4,5,1,0,83.0,2
6,68.0,2,6,21,1,0,86.2,2
4,51.7,3,6,13,5,1,68.4,1
5,66.2,3,6,2,2,0,82.7,2
1,50.8,8,2,11,1,0,86.9,2
1,60.1,6,1,3,4,0,78.4,2
5,45.5,2,1,11,0,0,54.6,0
6,41.7,2,7,12,4,0,62.2,1
3,54.4,5,3,1,3,0,74.7,1
3,52.4,3,7,1,0,0,73.3,1
3,58.3,5,5,14,3,0,79.7,2
6,83.3,4,4,22,5,1,100.0,3
6,63.5,3,2,16,6,1,74.3,1
5,64.9,2,0,6,6,1,67.5,1
1,82.4,5,2,13,6,1,99.5,3
5,81.5,4,7,11,1,0,100.0,3
5,79.8,5,2,16,2,0,96.1,3
6,44.4,2,4,13,4,0,53.8,0
3,68.5,3,0,5,3,0,72.8,1
2,76.4,3,3,18,1,0,93.5,3
1,77.6,3,7,23,6,1,100.0,3
6,66.0,9,4,5,4,0,98.5,3
3,40.8,4,7,17,4,0,63.9,1
2,83.8,6,1,23,5,1,100.0,3
2,61.2,2,7,4,5,1,78.8,2
6,57.7,4,0,23,6,1,73.1,1
4,57.8,2,1,23,3,0,65.4,1
1,59.1,8,0,5,6,1,81.6,2
2,50.9,3,1,1,6,1,57.9,0
6,54.7,2,7,7,1,0,72.0,1
6,84.3,1,7,14,2,0,99.3,3
3,56.6,3,4,14,6,1,69.9,1
4,63.7,1,5,10,3,0,73.4,1
1,78.2,5,0,21,4,0,98.5,3
5,63.7,4,6,21,4,0,91.0,3
3,54.6,2,3,23,0,0,67.3,1
2,63.6,6,4,0,6,1,88.5,3
2,45.1,3,0,17,1,0,49.1,0
3,45.9,6,6,11,0,0,82.5,2
6,71.2,5,6,11,5,1,99.8,3
2,81.3,3,1,10,2,0,93.4,3
4,72.7,6,2,7,3,0,91.4,3
1,43.4,8,5,6,6,1,75.4,2
4,58.1,4,0,22,4,0,71.6,1
2,40.1,5,6,20,1,0,70.2,1
5,63.0,4,5,1,4,0,82.4,2
1,48.7,1,4,10,6,1,58.7,0
1,79.1,5,1,21,5,1,97.3,3
3,44.7,4,4,9,0,0,64.6,1
3,40.1,3,1,2,6,1,50.2,0
5,60.3,4,7,19,0,0,89.7,3
6,47.0,4,4,9,3,0,68.6,1
1,73.2,2,0,17,1,0,73.6,1
5,81.4,3,5,13,5,1,96.2,3
3,41.9,9,0,17,1,0,65.1,1
3,57.8,5,5,23,3,0,87.1,2
1,84.9,4,0,7,5,1,95.4,3
4,73.0,2,6,9,5,1,91.6,3
2,82.9,5,6,21,0,0,100.0,3
3,47.4,5,1,12,0,0,66.0,1
6,50.0,4,3,20,0,0,71.4,1
6,47.0,4,6,7,4,0,67.7,1
3,53.6,13,6,3,2,0,100.0,3
4,72.6,1,4,3,6,1,80.2,2
4,47.4,6,7,4,0,0,77.2,2
5,63.6,4,7,0,2,0,87.5,2
6,52.1,3,3,16,2,0,63.6,1
5,77.3,5,3,1,1,0,94.0,3
6,40.3,10,7,7,3,0,79.8,2
2,50.0,3,3,6,4,0,60.1,1
2,67.2,3,2,14,2,0,77.4,2
1,44.4,5,5,4,6,1,68.7,1
5,61.0,5,5,1,4,0,85.1,2
3,59.6,4,7,6,1,0,85.1,2
5,78.4,2,4,7,0,0,89.9,3
3,68.1,4,2,6,5,1,81.3,2
4,68.8,3,4,6,2,0,81.1,2
5,82.8,4,2,13,3,0,98.0,3
4,84.2,3,6,20,5,1,100.0,3
2,69.4,2,6,17,1,0,84.1,2
2,63.5,4,4,5,4,0,78.8,2
1,67.4,8,0,3,6,1,91.1,3
5,57.2,5,3,9,0,0,82.9,2
4,84.4,2,6,17,4,0,99.0,3
3,71.7,4,5,11,3,0,96.6,3
2,53.1,4,6,15,2,0,71.7,1
2,42.6,0,1,6,3,0,41.3,0
3,42.0,2,7,5,4,0,56.8,0
4,49.2,2,3,4,4,0,55.8,0
4,50.5,6,7,2,5,1,81.1,2
5,58.7,2,6,11,3,0,76.8,2
5,49.7,2,6,14,3,0,65.3,1
6,68.4,2,5,9,3,0,84.0,2
6,49.5,7,5,19,0,0,88.8,3
1,48.5,4,4,18,6,1,68.9,1
2,61.2,5,1,15,4,0,77.3,2
5,80.0,2,3,10,1,0,89.3,3
4,61.1,1,6,7,0,0,72.3,1
3,58.6,5,4,2,0,0,79.0,2
4,66.0,3,6,22,0,0,86.8,2
2,51.6,2,7,6,5,1,66.2,1
6,55.9,4,7,22,6,1,84.9,2
4,49.6,4,3,6,6,1,65.9,1
1,65.7,3,4,13,1,0,80.3,2
2,71.4,5,2,1,3,0,87.7,2
6,70.3,2,5,9,5,1,87.7,2
3,51.5,1,6,18,4,0,63.4,1
6,75.1,3,2,8,2,0,88.6,3
1,51.5,5,0,15,5,1,63.6,1
2,46.8,3,1,18,2,0,59.6,0
3,55.7,4,5,17,4,0,73.1,1
1,66.9,7,6,8,1,0,100.0,3
6,46.4,6,7,15,6,1,75.0,2
1,69.2,5,2,12,2,0,92.8,3
2,78.8,2,4,9,0,0,90.5,3
5,53.2,4,3,19,5,1,74.2,1
1,60.3,4,0,13,2,0,67.3,1
1,50.3,3,7,11,4,0,74.1,1
6,56.3,1,3,18,6,1,64.9,1
6,41.0,1,3,6,0,0,46.1,0
3,82.9,7,1,22,2,0,100.0,3
6,58.7,5,3,14,6,1,77.4,2
4,75.5,4,1,15,4,0,85.0,2
2,46.4,0,4,7,1,0,51.3,0
2,76.6,2,3,9,4,0,89.6,3
5,78.7,10,3,3,1,0,100.0,3
5,72.2,6,3,18,6,1,99.0,3
2,80.6,3,4,18,6,1,98.4,3
5,47.5,1,2,20,0,0,52.1,0
3,61.4,2,2,14,4,0,70.2,1
6,67.9,5,4,13,3,0,88.2,3
2,66.8,6,0,0,5,1,82.1,2
5,78.7,9,0,15,3,0,100.0,3
2,49.7,4,6,9,3,0,73.4,1
4,47.9,6,1,18,3,0,72.3,1
1,51.4,5,4,21,5,1,75.4,2
6,80.1,3,6,2,3,0,99.8,3
2,82.3,4,5,4,1,0,99.4,3
1,65.6,4,7,8,4,0,93.4,3
5,62.6,5,7,17,6,1,89.8,3
1,67.2,2,0,10,0,0,71.3,1
6,67.7,3,1,15,3,0,75.4,2
2,47.7,5,6,1,6,1,71.5,1
4,70.9,6,7,11,3,0,100.0,3
5,60.4,7,3,21,0,0,92.6,3
2,63.3,3,6,5,0,0,82.3,2
6,41.4,3,7,10,3,0,65.7,1
5,74.4,1,3,7,1,0,78.0,2
3,77.6,4,0,11,6,1,93.2,3
1,67.9,3,5,1,0,0,81.9,2
6,73.7,4,1,8,4,0,89.7,3
3,63.5,3,1,14,6,1,73.1,1
2,67.8,3,5,1,4,0,82.2,2
4,57.8,1,2,0,6,1,60.6,1
5,75.6,5,5,9,1,0,100.0,3
1,61.1,6,0,1,5,1,77.5,2
5,70.6,6,2,11,2,0,97.8,3
2,68.0,1,4,22,1,0,78.7,2
5,71.6,2,7,7,3,0,86.9,2
1,75.3,5,1,4,2,0,90.7,3
2,63.1,4,5,21,3,0,85.4,2
5,76.6,4,2,0,4,0,88.5,3
4,62.4,4,1,14,0,0,71.3,1
6,83.0,9,4,5,6,1,100.0,3
2,73.9,7,2,11,3,0,100.0,3
6,47.7,2,5,7,4,0,59.9,0
2,77.3,10,4,12,1,0,100.0,3
4,64.8,2,7,18,3,0,85.8,2
6,84.3,8,1,0,4,0,100.0,3
3,72.3,7,1,10,0,0,100.0,3
1,43.8,6,5,19,6,1,76.7,2
3,57.8,4,3,0,3,0,75.0,2
5,63.3,2,1,7,5,1,69.8,1
4,77.8,3,3,4,4,0,88.3,3
3,72.8,3,4,16,3,0,89.2,3
2,56.6,4,6,7,0,0,77.4,2
5,69.4,4,0,9,6,1,85.4,2
5,66.0,1,4,1,3,0,72.1,1
3,45.7,5,6,8,3,0,74.5,1
3,50.6,6,6,23,6,1,84.3,2
4,55.4,7,5,22,5,1,91.2,3
1,48.8,7,3,2,4,0,72.9,1
3,46.8,4,5,17,2,0,65.9,1
3,42.6,6,0,6,6,1,58.5,0
6,79.3,5,3,14,3,0,96.7,3
2,53.0,5,1,20,2,0,74.0,1
6,53.1,4,6,21,1,0,81.6,2
6,49.3,3,6,19,3,0,72.9,1
5,61.4,7,5,17,2,0,89.2,3
1,63.1,3,3,2,1,0,75.8,2
2,49.4,5,0,22,5,1,65.3,1
4,67.4,3,3,13,4,0,80.1,2
4,72.5,3,5,23,3,0,94.1,3
3,56.8,4,2,1,4,0,70.8,1
3,66.3,2,2,13,1,0,72.2,1
4,62.6,4,4,21,4,0,84.5,2
3,48.8,4,6,10,4,0,74.2,1
1,72.9,6,4,15,6,1,98.2,3
6,76.1,2,0,7,0,0,77.2,2
3,69.2,10,3,6,1,0,100.0,3
5,54.6,4,7,10,4,0,84.3,2
3,81.7,4,1,2,2,0,92.2,3
2,60.5,3,5,16,1,0,77.8,2
1,52.0,3,0,13,0,0,59.5,0
2,58.4,6,5,5,3,0,85.2,2
2,71.1,4,6,7,5,1,92.1,3
5,78.1,3,0,21,4,0,85.8,2
1,56.0,2,0,4,2,0,57.3,0
1,50.5,3,5,7,0,0,68.2,1
1,68.2,3,7,1,1,0,88.1,3
1,81.5,4,4,14,5,1,100.0,3
1,48.2,5,0,11,5,1,66.9,1
5,76.1,4,7,16,4,0,98.9,3
3,61.4,2,3,0,0,0,68.7,1
2,76.0,2,0,14,0,0,77.0,2
1,62.7,2,1,13,2,0,69.9,1
3,57.0,2,0,19,3,0,61.3,1
3,71.4,3,4,21,3,0,89.4,3
2,80.5,2,4,15,6,1,91.4,3
5,54.4,3,1,8,3,0,67.4,1
4,60.7,4,7,0,6,1,86.2,2
4,50.3,3,0,16,5,1,54.6,0
3,48.3,5,7,12,5,1,82.0,2
6,75.0,3,0,20,1,0,82.7,2
6,49.0,3,5,20,5,1,70.8,1
2,75.7,3,0,4,5,1,82.1,2
4,59.3,7,4,9,0,0,93.2,3
3,84.8,3,7,5,1,0,100.0,3
5,48.9,3,0,23,0,0,56.2,0
4,44.2,5,4,18,2,0,69.9,1
3,43.4,6,4,12,6,1,75.6,2
3,77.6,2,3,0,6,1,84.9,2
1,59.7,1,2,19,2,0,62.2,1
5,40.1,5,7,14,6,1,67.6,1
1,79.4,5,4,13,1,0,98.0,3
2,79.5,9,2,7,1,0,100.0,3
1,76.3,1,3,9,5,1,84.6,2
1,51.2,5,7,8,6,1,84.9,2
4,56.8,2,2,16,2,0,62.5,1
6,73.5,2,2,8,4,0,80.5,2
3,62.0,5,6,2,3,0,85.3,2
5,46.9,7,6,10,5,1,86.0,2
1,50.9,4,1,11,3,0,68.9,1
5,83.8,3,1,9,2,0,93.3,3
6,46.8,3,5,16,6,1,64.9,1
6,72.7,3,2,16,6,1,84.1,2
1,61.5,4,4,10,3,0,83.8,2
2,73.7,4,0,21,4,0,87.7,2
1,69.8,6,0,3,6,1,87.4,2
4,59.8,3,3,6,4,0,73.8,1
3,55.9,2,4,20,0,0,71.1,1
2,73.9,4,5,13,1,0,95.3,3
1,54.5,3,2,6,3,0,62.1,1
5,75.4,7,7,23,6,1,100.0,3
2,70.6,3,1,7,4,0,76.6,2
2,66.0,5,0,0,6,1,76.8,2
1,56.6,3,2,23,1,0,69.2,1
2,49.2,5,0,21,1,0,66.8,1
5,72.0,3,1,3,0,0,79.9,2
6,44.1,5,1,11,1,0,64.2,1
2,83.7,5,5,23,1,0,100.0,3
6,84.0,5,4,2,5,1,100.0,3
5,45.9,4,2,12,2,0,65.2,1
1,44.7,2,2,19,6,1,55.9,0
3,58.6,4,3,5,0,0,74.7,1
2,83.4,4,3,10,0,0,100.0,3
3,58.0,6,7,22,3,0,92.5,3
5,56.4,3,1,3,1,0,64.9,1
2,71.7,6,6,19,3,0,100.0,3
6,48.0,4,4,15,5,1,64.5,1
4,56.3,6,2,6,4,0,76.3,2
3,53.1,6,4,21,1,0,85.3,2
2,67.1,6,7,10,4,0,100.0,3
3,47.3,2,1,23,2,0,56.6,0
2,64.7,6,1,0,5,1,81.8,2
1,78.6,2,3,6,1,0,86.1,2
6,63.1,4,5,11,3,0,85.0,2
3,70.8,7,3,6,3,0,94.9,3
4,43.4,6,2,22,1,0,69.4,1
4,60.2,5,4,6,6,1,81.7,2
5,44.3,2,1,9,3,0,52.6,0
2,67.0,4,3,15,6,1,82.5,2
3,52.6,3,4,7,1,0,64.8,1
5,52.9,5,7,8,0,0,85.6,2
3,43.5,2,1,8,3,0,52.0,0
2,54.0,6,4,1,6,1,75.3,2
4,62.8,3,5,12,1,0,82.9,2
1,66.3,4,0,12,1,0,82.4,2
4,43.0,2,0,22,6,1,48.0,0
5,69.3,5,3,22,3,0,93.1,3
6,62.0,4,0,3,0,0,68.8,1
1,64.2,2,6,23,3,0,79.9,2
5,77.5,3,1,11,1,0,91.1,3
2,55.4,6,3,16,0,0,76.7,2
1,47.8,4,4,1,4,0,65.3,1
5,64.8,4,2,12,2,0,83.4,2
2,82.5,3,6,17,3,0,100.0,3
4,63.3,4,6,14,5,1,85.0,2
6,77.4,5,7,7,1,0,100.0,3
2,74.1,7,0,14,0,0,94.0,3
3,63.3,2,0,0,6,1,65.7,1
2,69.1,1,6,19,6,1,83.4,2
2,58.3,1,3,9,6,1,67.1,1
6,63.9,5,1,11,0,0,81.8,2
3,62.8,3,0,4,4,0,67.8,1
5,71.9,4,4,8,3,0,93.4,3
5,58.4,2,1,22,5,1,66.6,1
2,44.5,3,0,7,6,1,51.9,0
3,75.5,1,5,15,0,0,87.0,2
3,70.8,5,5,13,6,1,95.3,3
6,82.8,7,0,12,4,0,100.0,3
4,59.3,5,6,22,1,0,90.8,3
5,43.5,7,4,20,6,1,79.6,2
6,45.5,2,6,12,4,0,64.4,1
1,74.8,5,0,4,3,0,89.0,3
5,43.0,5,7,15,6,1,69.3,1
6,80.9,3,6,10,4,0,100.0,3
5,52.7,5,1,21,0,0,70.6,1
4,80.4,3,2,4,0,0,91.2,3
1,74.8,7,2,12,2,0,100.0,3
4,79.2,4,0,10,4,0,95.1,3
1,49.6,2,3,18,1,0,60.6,1
2,66.8,7,1,2,6,1,87.3,2
6,44.2,7,7,14,5,1,79.1,2
1,49.1,5,2,6,5,1,65.4,1
4,53.9,4,7,6,3,0,77.1,2
5,73.3,4,3,5,2,0,89.1,3
1,41.1,1,7,2,4,0,54.4,0
6,80.6,5,2,12,1,0,100.0,3
1,43.2,3,3,6,2,0,53.4,0
3,56.9,5,7,4,0,0,83.1,2
5,43.6,7,0,22,3,0,73.1,1
6,74.6,1,5,17,6,1,81.8,2
6,46.4,2,6,21,6,1,64.2,1
2,79.8,5,7,7,6,1,100.0,3
4,63.9,2,3,16,4,0,74.3,1
2,82.7,3,0,19,5,1,94.7,3
6,53.1,5,5,0,1,0,74.2,1
5,60.4,3,6,13,6,1,76.2,2
1,71.2,3,3,16,6,1,85.3,2
1,77.4,3,6,9,0,0,97.9,3
5,59.0,1,3,11,2,0,68.0,1
6,80.2,8,7,15,6,1,100.0,3
1,45.3,8,6,13,3,0,78.6,2
1,71.9,5,6,15,2,0,94.7,3
1,55.7,3,3,7,5,1,68.3,1
4,44.6,7,6,22,2,0,81.7,2
4,57.4,5,1,9,1,0,78.8,2
3,79.6,7,2,16,0,0,100.0,3
2,84.1,1,6,17,4,0,93.5,3
5,57.7,2,6,19,1,0,76.8,2
5,79.9,3,6,15,5,1,97.4,3
5,62.9,6,3,16,3,0,84.0,2
3,72.3,1,0,15,5,1,73.2,1
4,42.0,2,3,18,5,1,54.2,0
6,65.1,6,7,23,2,0,100.0,3
6,43.2,3,1,23,3,0,53.1,0
3,52.1,2,7,7,1,0,69.4,1
6,65.5,7,7,5,5,1,98.8,3
5,76.3,3,1,5,1,0,83.6,2
2,65.2,6,5,20,6,1,98.0,3
1,82.1,5,6,8,6,1,100.0,3
4,76.5,2,7,3,6,1,92.2,3
4,47.0,6,1,11,4,0,72.2,1
3,57.5,1,3,11,2,0,65.8,1
4,70.1,3,3,22,1,0,84.5,2
5,82.2,1,3,16,6,1,90.0,3
6,84.4,4,6,14,6,1,100.0,3
5,74.3,5,2,8,3,0,96.2,3
3,65.8,4,3,6,5,1,82.3,2
5,74.0,4,4,9,6,1,97.6,3
6,52.3,2,7,15,4,0,70.2,1
2,52.8,3,6,11,3,0,72.5,1
3,69.4,4,1,6,2,0,78.9,2
2,79.2,3,3,17,4,0,93.0,3
1,83.6,5,6,14,4,0,100.0,3
2,55.4,0,5,5,4,0,59.8,0
1,75.8,3,2,11,5,1,88.3,3
1,78.3,3,0,10,6,1,87.5,2
2,68.0,1,6,19,0,0,82.4,2
3,55.6,4,7,2,4,0,76.5,2
6,67.9,7,1,1,3,0,86.4,2
5,66.3,1,3,5,3,0,72.8,1
5,67.3,5,3,23,2,0,91.7,3
6,67.9,6,0,21,1,0,92.7,3
1,78.1,3,2,4,1,0,87.4,2
1,47.7,4,4,17,0,0,67.0,1
3,56.5,10,6,15,5,1,94.5,3
4,66.4,3,0,7,6,1,70.4,1
2,52.7,8,2,19,5,1,89.3,3
1,84.0,2,5,21,6,1,98.1,3
5,51.8,4,7,10,4,0,80.1,2
3,61.1,6,2,9,6,1,86.2,2
2,79.5,4,5,23,0,0,100.0,3
3,43.6,5,6,11,2,0,73.9,1
2,76.9,4,6,20,2,0,100.0,3
2,65.7,4,3,5,1,0,82.0,2
6,41.4,5,7,19,2,0,75.3,2
1,80.6,7,5,4,4,0,100.0,3
3,41.8,2,3,22,3,0,54.5,0
3,63.2,8,7,8,2,0,100.0,3
6,42.2,3,1,15,0,0,50.7,0
5,43.2,3,3,21,4,0,60.1,1
5,79.9,2,5,13,2,0,91.3,3
1,74.5,5,5,21,5,1,100.0,3
1,48.9,3,3,7,6,1,63.2,1
4,67.9,4,2,19,2,0,84.2,2
6,75.8,4,3,18,5,1,96.7,3
5,80.0,2,3,13,4,0,87.2,2
2,61.1,5,6,6,2,0,85.1,2
3,80.4,0,7,4,5,1,89.0,3
1,62.9,4,3,17,3,0,78.4,2
3,71.0,4,6,1,1,0,93.7,3
3,84.1,1,5,10,4,0,97.3,3
4,50.6,2,6,21,5,1,66.5,1
5,47.6,2,6,7,0,0,61.0,1
1,55.4,3,4,0,2,0,70.9,1
3,47.4,2,4,21,5,1,58.4,0
1,52.8,4,1,11,6,1,66.5,1
2,73.4,3,7,1,5,1,94.1,3
4,61.5,1,5,17,5,1,72.9,1
2,56.9,2,7,6,6,1,74.8,1
1,56.6,5,0,16,1,0,66.7,1
1,48.8,3,6,21,6,1,69.8,1
5,60.1,3,2,22,6,1,71.7,1
3,68.1,0,1,13,0,0,69.0,1
3,46.3,0,2,23,6,1,44.3,0
2,83.8,4,6,6,0,0,100.0,3
4,59.9,7,0,21,3,0,88.6,3
6,82.7,4,0,2,6,1,91.7,3
3,46.1,5,5,5,1,0,66.7,1
5,74.5,3,7,19,6,1,99.9,3
2,67.8,3,1,1,5,1,75.2,2
2,76.9,5,4,16,4,0,96.2,3
6,67.0,4,6,11,1,0,93.5,3
5,83.3,5,7,11,6,1,100.0,3
4,68.2,2,4,16,1,0,77.3,2
5,75.3,5,4,9,0,0,99.4,3
4,79.5,6,3,2,3,0,100.0,3
5,72.2,3,3,19,3,0,86.8,2
5,63.6,2,1,17,1,0,69.3,1
1,52.3,3,3,12,1,0,68.7,1
2,78.5,4,7,11,6,1,100.0,3
5,61.6,3,2,16,2,0,73.6,1
6,67.9,9,1,3,5,1,96.3,3
5,43.6,4,7,22,0,0,72.7,1
3,62.4,4,1,9,5,1,80.4,2
2,71.4,4,7,10,4,0,98.6,3
3,66.3,3,0,5,4,0,70.2,1
2,60.2,2,0,5,3,0,65.3,1
3,50.1,2,1,8,0,0,58.5,0
5,53.9,3,4,14,5,1,65.8,1
5,71.5,2,0,1,3,0,74.5,1
1,50.1,8,3,3,4,0,75.9,2
6,68.0,4,6,4,1,0,86.9,2
3,66.5,4,7,16,0,0,87.2,2
4,83.7,6,6,7,0,0,100.0,3
1,42.7,8,1,7,5,1,67.2,1
3,44.9,6,2,21,6,1,70.4,1
3,62.8,3,1,11,2,0,73.9,1
1,63.7,5,2,20,5,1,85.3,2
5,41.8,0,0,7,1,0,38.1,0
3,77.2,1,4,18,6,1,86.0,2
5,62.3,5,5,2,6,1,85.4,2
1,55.6,4,2,17,6,1,68.2,1
5,54.3,9,4,20,1,0,99.4,3
2,78.8,3,5,18,3,0,99.1,3
4,48.9,3,2,18,0,0,61.8,1
3,47.2,5,4,14,3,0,66.8,1
6,49.6,3,7,5,1,0,69.2,1
4,68.1,3,2,15,2,0,77.2,2
5,76.5,1,1,7,0,0,78.6,2
3,54.9,3,7,15,1,0,74.4,1
5,47.8,7,7,17,2,0,82.4,2
2,49.4,1,5,19,5,1,60.4,1
1,67.9,5,7,15,4,0,93.7,3
3,51.1,4,1,10,6,1,67.5,1
2,79.5,4,0,6,1,0,91.0,3
2,44.7,3,1,16,4,0,51.6,0
3,41.5,2,7,16,3,0,58.5,0
5,44.0,4,7,11,4,0,73.7,1
6,78.1,3,6,12,1,0,97.3,3
2,69.3,5,3,9,4,0,91.5,3
4,83.1,6,0,6,6,1,100.0,3
2,55.1,3,1,13,0,0,62.0,1
6,49.6,3,1,22,1,0,61.1,1
5,65.3,5,3,0,2,0,84.6,2
5,64.2,1,4,16,4,0,70.9,1
4,66.6,1,1,3,0,0,68.5,1
2,55.6,5,2,20,6,1,76.0,2
5,40.3,2,4,4,3,0,50.0,0
6,41.6,1,2,19,3,0,46.4,0
3,69.9,6,6,23,6,1,100.0,3
1,63.5,3,5,22,4,0,85.5,2
1,76.9,5,4,6,3,0,98.9,3
1,53.5,3,7,9,2,0,79.4,2
2,76.7,4,5,16,1,0,98.0,3
4,59.1,6,2,6,0,0,80.7,2
5,44.4,3,1,0,5,1,54.7,0
3,84.0,3,5,6,4,0,98.5,3
6,63.0,5,2,23,3,0,85.5,2
3,68.3,7,1,10,1,0,96.2,3
6,70.2,5,3,8,5,1,96.2,3
2,56.3,1,2,11,2,0,59.5,0
1,73.6,2,0,2,3,0,78.5,2
2,79.2,4,6,3,3,0,100.0,3
4,57.4,1,7,3,0,0,71.7,1
4,69.6,3,0,12,2,0,80.5,2
6,74.1,3,2,22,2,0,89.5,3
5,48.6,5,6,18,4,0,78.3,2
5,55.0,10,1,9,5,1,99.7,3
6,44.9,5,4,4,0,0,63.7,1
4,67.1,2,3,6,4,0,78.2,2
4,76.0,4,7,23,0,0,100.0,3
4,67.5,4,2,15,2,0,78.7,2
2,48.1,4,5,0,0,0,67.6,1
4,64.6,3,3,11,0,0,82.0,2
3,77.6,5,1,1,0,0,90.0,3
1,53.6,2,0,6,1,0,55.7,0
4,77.5,2,1,10,1,0,84.7,2
6,75.3,2,1,12,5,1,83.5,2
1,41.0,4,2,1,5,1,53.8,0
2,50.8,7,3,6,6,1,75.7,2
6,64.4,2,4,14,2,0,75.4,2
1,72.3,8,3,10,0,0,100.0,3
6,79.6,2,4,1,2,0,88.2,3
2,68.8,8,0,6,1,0,88.2,3
3,57.1,6,3,3,0,0,76.5,2
2,48.3,8,4,10,4,0,86.3,2
2,74.2,5,3,1,1,0,92.7,3
6,49.3,4,1,15,1,0,62.5,1
5,71.3,4,0,6,1,0,79.7,2
4,48.2,5,3,12,6,1,73.0,1
4,44.1,5,5,4,0,0,65.4,1
3,51.3,5,1,16,5,1,66.9,1
3,52.8,4,5,20,3,0,75.5,2
4,69.1,4,1,11,4,0,86.8,2
5,47.2,4,0,18,4,0,59.7,0
4,81.9,3,3,6,2,0,91.8,3
5,64.9,3,7,5,0,0,82.9,2
3,62.1,3,5,7,5,1,78.8,2
1,59.6,5,2,12,1,0,82.5,2
6,65.5,1,6,4,3,0,75.5,2
3,41.0,3,6,1,0,0,58.0,0
3,84.6,6,2,8,0,0,100.0,3
2,65.1,4,5,10,6,1,86.8,2
2,41.6,6,6,23,5,1,76.3,2
2,66.5,4,2,5,3,0,80.9,2
6,59.7,3,1,6,1,0,66.7,1
2,41.1,3,3,6,0,0,53.0,0
5,81.6,2,7,18,4,0,100.0,3
4,40.5,4,4,5,4,0,59.3,0
1,66.0,2,3,10,3,0,78.0,2
3,83.3,2,0,10,1,0,86.2,2
5,50.7,3,4,6,3,0,66.4,1
1,51.4,3,0,1,0,0,57.5,0
5,40.0,5,7,18,6,1,73.3,1
5,43.0,2,5,3,6,1,53.6,0
3,42.0,7,5,5,4,0,71.2,1
4,77.0,6,3,16,6,1,99.8,3
2,77.7,7,0,4,2,0,96.3,3
6,72.7,2,6,6,3,0,89.2,3
4,55.9,3,1,8,6,1,68.1,1
6,77.0,4,2,0,2,0,88.9,3
3,64.3,3,6,0,2,0,81.7,2
3,53.7,6,6,18,5,1,90.9,3
3,59.7,5,3,5,4,0,77.9,2
1,43.0,2,4,17,3,0,52.2,0
6,82.5,8,7,9,2,0,100.0,3
4,67.9,3,4,10,0,0,85.6,2
4,72.9,4,0,0,6,1,82.4,2
5,70.4,2,2,0,5,1,77.1,2
5,70.0,4,6,12,1,0,98.2,3
5,40.8,4,5,4,6,1,58.4,0
3,63.6,6,3,19,6,1,90.6,3
4,77.0,3,1,0,6,1,84.5,2
6,42.0,4,0,19,5,1,53.6,0
3,83.0,4,3,2,1,0,97.9,3
1,59.1,6,3,17,4,0,82.9,2
5,53.0,7,5,8,3,0,90.4,3
3,63.9,2,7,13,3,0,81.2,2
3,76.1,4,2,16,1,0,90.7,3
1,61.4,5,6,22,6,1,91.6,3
2,69.0,3,6,13,0,0,87.2,2
4,62.5,0,4,3,1,0,68.6,1
6,68.4,5,5,4,1,0,90.6,3
2,46.2,5,2,20,3,0,66.9,1
5,41.7,4,0,16,2,0,50.8,0
3,46.2,2,0,21,0,0,52.8,0
1,52.9,5,5,1,3,0,74.2,1
1,51.4,7,2,22,5,1,80.7,2
4,67.7,6,3,21,1,0,97.2,3
2,60.5,3,4,4,2,0,76.6,2
4,41.7,2,7,3,0,0,56.5,0
3,41.6,5,0,3,4,0,52.9,0
4,44.1,6,2,5,0,0,61.0,1
6,55.9,1,0,19,0,0,55.8,0
1,40.3,2,4,20,6,1,55.4,0
1,62.2,2,5,12,1,0,77.8,2
5,56.2,5,1,21,1,0,78.9,2
5,65.0,2,7,4,4,0,82.6,2
3,72.4,3,1,22,4,0,82.6,2
6,51.3,7,5,22,4,0,88.1,3
2,47.1,1,3,6,3,0,52.9,0
4,52.5,4,3,19,3,0,70.8,1
3,40.1,4,1,0,1,0,52.8,0
5,45.4,4,6,13,1,0,66.3,1
4,73.8,3,4,23,4,0,90.7,3
5,50.0,4,2,3,3,0,61.0,1
4,84.7,1,2,16,2,0,90.1,3
2,47.6,3,5,20,3,0,66.1,1
3,75.5,4,6,13,1,0,98.9,3
4,71.7,6,4,15,3,0,94.8,3
6,54.5,3,2,13,1,0,63.7,1
1,54.9,1,3,15,4,0,58.8,0
6,65.4,2,2,23,6,1,75.5,2
6,78.4,2,5,19,4,0,92.6,3
1,57.4,2,2,7,4,0,66.2,1
6,42.8,1,6,23,2,0,57.0,0
4,56.8,6,3,2,6,1,76.9,2
4,49.3,5,5,18,2,0,75.7,2
4,82.3,4,0,0,1,0,93.8,3
1,71.4,4,5,1,0,0,92.1,3
6,42.3,5,1,14,5,1,58.0,0
1,53.2,3,2,21,2,0,66.7,1
4,42.3,2,1,9,1,0,51.2,0
6,77.4,5,1,17,6,1,89.2,3
6,80.8,2,4,21,3,0,94.6,3
5,45.1,5,6,13,6,1,71.1,1
5,59.8,5,4,16,4,0,78.7,2
2,81.9,6,4,12,4,0,100.0,3
3,46.5,3,5,0,4,0,60.4,1
5,53.1,3,0,4,1,0,56.9,0
1,53.7,1,7,12,4,0,66.8,1
5,41.4,4,0,13,2,0,50.1,0
2,41.6,1,1,23,3,0,45.9,0
6,82.9,3,1,2,4,0,91.2,3
2,65.7,4,6,14,1,0,86.9,2
6,53.8,2,1,18,3,0,58.7,0
6,57.0,3,1,16,4,0,66.2,1
3,72.2,4,3,2,0,0,87.6,2
5,56.5,5,1,15,4,0,70.4,1
1,50.2,7,6,13,5,1,81.3,2
1,44.6,11,4,11,6,1,99.1,3
4,72.8,8,1,11,2,0,100.0,3
6,48.1,6,6,10,3,0,81.4,2
1,43.1,4,5,16,2,0,63.5,1
3,59.2,7,4,7,0,0,86.0,2
6,41.8,3,4,16,0,0,54.6,0
3,83.4,2,1,20,5,1,88.3,3
1,68.2,4,1,22,2,0,85.9,2
1,46.9,4,2,19,3,0,64.2,1
4,47.8,6,4,10,0,0,76.9,2
1,65.6,6,1,1,0,0,85.4,2
6,56.0,6,5,9,4,0,87.2,2
6,74.8,2,5,9,5,1,88.6,3
6,64.6,4,1,10,6,1,78.4,2
4,59.5,6,2,5,1,0,81.0,2
4,83.3,2,3,3,6,1,94.0,3
1,57.6,3,6,23,6,1,79.1,2
2,58.0,2,4,11,0,0,69.4,1
2,70.0,1,4,10,3,0,77.0,2
4,76.4,1,7,22,3,0,90.3,3
1,68.2,3,2,22,4,0,82.1,2
2,71.4,3,7,12,3,0,96.4,3
1,56.8,9,3,4,4,0,87.8,2
1,61.6,3,0,5,0,0,68.9,1
1,48.9,8,6,0,0,0,81.2,2
5,70.6,6,5,5,6,1,96.4,3
6,50.0,3,5,17,0,0,65.7,1
1,40.1,5,7,21,0,0,71.5,1
5,82.0,5,2,8,1,0,100.0,3
4,53.8,2,1,23,5,1,59.7,0
2,48.8,5,1,14,6,1,61.7,1
6,52.1,3,6,7,6,1,71.3,1
2,54.9,5,1,18,5,1,76.3,2
6,61.4,5,0,23,1,0,81.9,2
2,43.1,3,1,15,0,0,53.1,0
6,42.4,4,0,5,3,0,49.8,0
2,53.2,5,7,5,4,0,80.9,2
2,53.3,4,2,21,6,1,69.6,1
2,45.3,7,0,2,5,1,61.4,1
2,58.2,7,1,9,2,0,88.6,3
4,52.8,2,4,0,4,0,63.8,1
1,41.2,2,1,13,2,0,45.8,0
3,79.9,4,5,3,2,0,96.7,3
5,79.9,3,0,11,6,1,91.1,3
3,49.4,3,5,5,0,0,63.7,1
3,47.3,10,0,10,2,0,85.3,2
6,64.6,4,3,11,0,0,84.4,2
1,68.4,7,3,9,1,0,100.0,3
6,83.1,1,3,17,3,0,89.6,3
1,57.0,4,7,6,2,0,77.8,2
1,67.8,3,1,6,6,1,77.4,2
2,79.5,2,6,10,3,0,96.8,3
4,60.2,4,6,3,0,0,82.9,2
2,45.5,7,0,19,2,0,70.6,1
4,57.0,2,7,0,4,0,73.3,1
6,46.1,3,3,12,6,1,59.7,0
4,40.7,3,4,17,1,0,52.5,0
6,73.8,2,2,8,5,1,83.1,2
3,50.7,5,2,23,1,0,70.9,1
3,40.1,2,3,23,2,0,53.8,0
4,79.3,6,3,8,6,1,100.0,3
4,60.0,6,6,22,1,0,93.6,3
6,50.7,2,7,8,5,1,69.9,1
2,51.8,2,7,9,4,0,68.6,1
6,50.8,0,3,1,3,0,51.9,0
2,48.8,5,2,5,4,0,64.2,1
3,77.9,4,7,14,1,0,98.9,3
1,47.7,4,3,2,5,1,63.6,1
4,65.3,8,7,10,3,0,100.0,3
2,43.5,4,5,5,6,1,62.3,1
6,82.7,1,4,2,5,1,91.7,3
3,67.1,1,4,23,4,0,77.4,2
2,80.6,2,7,10,0,0,100.0,3
6,57.9,4,6,14,0,0,78.1,2
4,76.5,1,4,12,3,0,87.7,2
4,78.4,4,7,19,3,0,100.0,3
5,71.6,4,7,9,3,0,99.1,3
1,44.2,3,4,5,0,0,59.1,0
5,40.7,4,5,14,4,0,61.8,1
3,47.6,6,5,17,3,0,71.5,1
2,45.3,2,0,17,0,0,48.4,0
3,72.6,5,3,6,3,0,91.2,3
6,65.1,10,1,14,3,0,95.2,3
4,63.7,4,6,17,5,1,85.2,2
5,51.4,2,0,17,3,0,54.1,0
5,47.0,6,1,19,0,0,71.1,1
5,49.3,3,1,8,4,0,61.3,1
3,58.0,4,0,23,0,0,69.6,1
4,73.3,2,3,1,0,0,82.6,2
2,51.5,4,0,7,3,0,62.0,1
6,71.4,5,2,19,5,1,91.4,3
2,62.1,2,7,1,2,0,79.9,2
3,79.8,6,5,10,6,1,100.0,3
6,50.5,5,7,6,2,0,75.1,2
5,60.3,6,4,5,2,0,86.2,2
1,44.3,1,7,9,0,0,60.3,1
3,55.1,6,5,4,3,0,80.3,2
3,62.8,2,5,10,6,1,78.3,2
4,73.0,4,5,0,2,0,94.2,3
2,48.9,2,5,1,1,0,62.0,1
3,49.8,4,0,23,1,0,65.8,1
3,68.4,2,0,0,1,0,72.5,1
5,57.2,8,2,18,4,0,91.5,3
5,61.7,2,4,1,3,0,74.1,1
6,77.6,2,1,20,0,0,84.0,2
1,62.5,1,2,19,0,0,65.0,1
4,69.4,4,3,22,3,0,90.6,3
1,69.6,2,0,20,5,1,76.0,2
6,76.2,3,0,23,6,1,83.5,2
5,68.7,2,2,3,5,1,74.7,1
2,42.9,4,0,11,4,0,55.6,0
5,55.4,4,4,21,3,0,75.9,2
4,84.5,2,4,19,5,1,96.6,3
5,48.8,8,5,17,6,1,78.2,2
4,66.4,9,2,0,4,0,96.4,3
4,77.9,1,2,0,2,0,81.5,2
4,66.4,2,5,23,2,0,80.8,2
6,56.8,3,2,13,4,0,65.7,1
4,43.6,3,3,3,3,0,57.1,0
4,56.3,7,0,4,2,0,72.9,1
2,48.2,3,1,10,3,0,58.2,0
1,83.2,2,7,23,5,1,100.0,3
3,72.2,2,1,22,2,0,79.2,2
1,73.7,5,1,12,6,1,95.1,3
4,59.6,3,2,15,6,1,70.2,1
2,44.9,4,3,23,5,1,64.8,1
5,52.0,5,3,12,6,1,76.2,2
2,51.7,4,1,23,3,0,67.5,1
4,61.9,6,1,21,3,0,86.4,2
2,60.7,1,3,1,6,1,65.7,1
2,59.5,4,5,15,1,0,81.0,2
4,62.3,5,2,5,4,0,80.4,2
6,84.4,4,6,13,0,0,100.0,3
2,53.4,4,2,0,4,0,65.5,1
3,67.7,7,1,16,6,1,88.2,3
3,50.8,6,4,10,3,0,80.9,2
2,61.0,3,7,18,3,0,82.3,2
6,49.0,3,2,2,4,0,57.8,0
5,65.1,5,4,10,3,0,89.3,3
4,51.9,5,0,4,5,1,66.6,1
3,41.7,6,6,16,2,0,69.3,1
5,76.7,3,2,21,3,0,91.0,3
2,45.8,0,4,6,6,1,49.2,0
5,56.6,5,6,9,6,1,84.8,2
1,61.5,4,0,10,4,0,77.8,2
3,59.5,2,0,2,4,0,64.5,1
2,72.7,4,1,19,4,0,87.8,2
4,66.9,5,4,9,6,1,94.0,3
6,53.3,8,1,9,1,0,88.3,3
2,42.3,1,5,13,6,1,49.7,0
4,74.5,5,6,11,5,1,100.0,3
6,55.9,4,7,14,6,1,80.1,2
6,80.0,10,6,9,5,1,100.0,3
2,57.8,4,7,9,6,1,84.4,2
5,72.3,5,0,18,6,1,90.4,3
5,82.3,5,6,0,1,0,100.0,3
6,69.3,3,2,23,5,1,84.6,2
5,58.6,6,2,9,1,0,86.8,2
1,65.5,6,2,1,5,1,87.2,2
6,64.5,4,4,16,1,0,79.9,2
6,66.3,3,7,23,1,0,91.9,3
4,46.6,6,3,6,5,1,66.4,1
5,71.4,4,5,6,1,0,92.3,3
6,46.5,0,5,19,6,1,51.0,0
1,40.7,8,1,8,5,1,73.3,1
4,68.1,6,6,21,1,0,100.0,3
2,45.3,2,3,1,6,1,54.6,0
6,74.7,3,6,13,6,1,93.7,3
1,79.0,4,3,16,4,0,95.5,3
3,82.5,5,0,0,0,0,92.7,3
1,69.9,3,7,8,5,1,95.1,3
1,61.7,3,1,19,1,0,74.9,1
4,55.9,4,0,20,4,0,70.6,1
2,62.1,5,3,18,0,0,84.0,2
3,48.6,2,5,3,1,0,61.5,1
5,55.7,1,0,7,0,0,56.1,0
5,72.3,7,0,12,5,1,96.9,3
1,49.8,5,4,3,6,1,68.8,1
4,51.9,3,1,8,6,1,61.3,1
4,73.7,3,6,8,0,0,96.6,3
5,48.0,2,1,21,6,1,54.0,0
3,51.1,2,3,17,2,0,57.9,0
2,40.8,1,2,11,3,0,45.5,0
3,72.4,1,0,9,6,1,73.7,1
6,67.8,6,1,10,2,0,93.6,3
6,71.2,3,2,6,5,1,80.9,2
2,49.6,8,1,8,5,1,84.7,2
5,70.9,5,5,5,0,0,93.5,3
2,66.8,1,3,18,6,1,72.8,1
4,56.5,5,5,15,6,1,78.0,2
6,59.7,7,0,14,6,1,77.3,2
1,65.6,4,6,6,4,0,86.2,2
1,62.2,3,4,15,1,0,78.6,2
5,68.9,1,3,4,3,0,76.9,2
4,48.1,8,3,15,6,1,75.4,2
3,64.3,8,3,0,1,0,89.7,3
4,60.3,3,7,18,4,0,85.4,2
1,60.7,3,2,4,5,1,69.6,1
1,61.1,3,3,6,3,0,73.4,1
6,79.7,4,4,18,2,0,100.0,3
4,76.8,3,5,21,5,1,98.8,3
4,68.3,3,0,4,5,1,73.2,1
1,72.2,3,1,16,0,0,82.0,2
3,41.9,2,6,21,4,0,60.2,1
5,73.5,4,2,7,0,0,87.1,2
5,61.9,3,3,0,0,0,72.8,1
4,54.3,3,1,1,1,0,62.8,1
5,46.3,2,5,14,5,1,59.7,0
1,43.4,2,3,19,4,0,53.2,0
1,42.0,0,0,17,0,0,41.0,0
4,47.3,2,4,10,2,0,59.3,0
4,41.4,4,4,9,3,0,63.2,1
6,73.0,3,6,23,6,1,94.4,3
4,51.2,1,5,23,4,0,62.8,1
3,56.6,2,2,3,1,0,65.4,1
5,77.0,1,1,4,4,0,80.7,2
4,45.2,4,1,3,5,1,57.1,0
2,77.6,6,7,12,1,0,100.0,3
6,68.8,4,6,12,3,0,92.8,3
2,55.4,3,4,17,2,0,67.8,1
1,45.3,0,0,23,0,0,40.3,0
5,44.1,3,2,1,4,0,56.5,0
4,55.1,4,3,15,1,0,71.7,1
2,46.3,5,5,0,3,0,66.3,1
5,52.0,4,2,18,0,0,68.2,1
1,42.4,1,4,8,6,1,53.1,0
3,66.8,4,7,2,3,0,89.2,3
6,46.5,9,5,6,2,0,81.7,2
5,74.1,3,3,9,0,0,92.1,3
5,49.8,2,2,0,0,0,55.1,0
3,75.9,5,0,9,6,1,92.1,3
5,48.5,9,1,20,0,0,84.3,2
1,72.5,4,3,8,1,0,93.0,3
1,55.0,3,2,14,0,0,63.5,1
3,66.2,3,6,14,3,0,84.2,2
6,41.7,4,0,2,1,0,48.4,0
4,62.3,3,6,4,0,0,77.9,2
2,46.7,3,7,8,3,0,68.9,1
4,61.9,4,2,21,3,0,80.0,2
5,46.4,5,6,8,4,0,74.7,1
2,59.7,4,3,22,3,0,81.0,2
3,45.0,5,6,6,6,1,70.7,1
3,49.9,3,0,23,5,1,59.2,0
6,66.8,6,5,22,2,0,97.9,3
2,83.9,3,1,11,0,0,97.8,3
1,60.2,3,6,8,6,1,80.4,2
2,70.9,3,0,5,0,0,74.6,1
5,64.3,4,2,22,0,0,82.0,2
1,62.4,3,2,1,3,0,73.8,1
3,42.9,4,6,8,3,0,68.3,1
2,46.5,6,2,16,0,0,67.4,1
4,79.7,5,5,0,5,1,100.0,3
6,58.5,7,2,18,1,0,88.6,3
4,67.6,2,6,5,1,0,83.0,2
6,63.8,4,2,4,2,0,76.9,2
5,57.0,2,5,1,4,0,69.6,1
4,57.5,3,4,8,6,1,75.9,2
2,65.0,4,0,13,2,0,76.2,2
2,46.4,2,0,3,0,0,49.1,0
4,57.4,4,0,3,6,1,66.6,1
2,60.1,5,0,20,0,0,78.9,2
5,84.3,1,3,14,0,0,91.6,3
1,55.8,8,6,7,4,0,91.8,3
5,69.0,1,2,3,3,0,71.0,1
6,46.2,1,4,15,4,0,53.7,0
5,42.9,4,7,20,2,0,68.5,1
6,79.2,2,5,3,3,0,89.6,3
2,72.9,8,3,15,3,0,100.0,3
1,54.3,3,6,21,2,0,76.0,2
2,62.7,2,0,11,3,0,69.5,1
3,46.1,5,7,15,6,1,73.0,1
2,71.8,3,5,18,1,0,90.0,3
6,43.2,5,0,7,2,0,53.1,0
2,74.1,4,5,5,2,0,92.7,3
2,64.6,3,4,9,1,0,81.6,2
1,52.5,5,6,4,4,0,74.6,1
2,78.8,4,0,17,4,0,89.8,3
1,84.4,0,0,9,4,0,80.3,2
4,51.4,3,0,9,3,0,60.6,1
3,76.3,5,0,6,1,0,90.0,3
1,73.8,3,3,17,6,1,84.3,2
6,73.6,1,3,0,2,0,81.2,2
4,83.1,4,3,6,2,0,100.0,3
1,61.9,7,0,20,2,0,89.1,3
1,70.3,3,1,0,3,0,79.3,2
3,77.1,4,3,14,3,0,92.5,3
6,61.6,2,6,3,5,1,78.3,2
5,61.7,3,7,19,6,1,85.5,2
5,54.3,4,7,9,4,0,82.6,2
1,75.1,5,2,22,5,1,95.2,3
2,70.9,3,2,8,5,1,83.4,2
6,60.3,6,1,1,3,0,75.6,2
4,58.9,1,4,13,4,0,65.1,1
2,43.3,4,2,15,4,0,54.9,0
2,40.3,1,5,0,2,0,48.1,0
6,63.8,0,4,1,3,0,69.5,1
1,58.8,4,2,6,4,0,72.3,1
1,75.8,8,5,9,5,1,100.0,3
1,64.4,6,1,21,1,0,91.3,3
1,82.2,2,3,19,1,0,95.6,3
5,48.8,4,6,0,3,0,69.2,1
1,84.6,4,4,12,2,0,100.0,3
5,53.4,10,5,0,2,0,89.9,3
5,68.9,6,7,4,4,0,96.8,3
1,62.6,1,5,15,6,1,72.9,1
3,56.2,4,4,14,3,0,72.8,1
4,46.3,4,1,16,6,1,56.0,0
2,46.1,2,7,22,1,0,63.8,1
5,72.0,3,4,15,5,1,85.6,2
6,57.0,2,2,12,4,0,64.7,1
6,83.3,3,3,10,5,1,100.0,3
4,54.7,5,0,16,6,1,64.7,1
6,84.3,7,1,16,4,0,100.0,3
3,49.2,3,7,1,0,0,71.4,1
6,44.6,4,4,12,5,1,67.0,1
2,54.1,1,4,13,3,0,59.6,0
2,79.9,10,7,10,5,1,100.0,3
5,63.5,2,4,9,5,1,78.8,2
1,46.1,3,4,2,4,0,57.7,0
3,49.1,2,1,16,1,0,54.6,0
5,54.0,4,2,14,6,1,67.0,1
3,66.6,2,2,8,0,0,75.1,2
1,55.0,5,3,9,5,1,77.7,2
6,73.6,5,3,7,6,1,90.0,3
6,67.7,9,0,20,6,1,100.0,3
1,79.3,6,2,12,1,0,100.0,3
5,62.5,1,5,17,2,0,73.6,1
1,54.9,6,1,4,0,0,70.3,1
4,84.8,3,2,5,0,0,96.3,3
2,56.0,2,7,16,6,1,70.8,1
5,59.3,4,2,10,4,0,78.7,2
3,76.4,4,3,19,5,1,95.3,3
4,44.0,1,5,15,2,0,52.1,0
5,57.4,4,4,8,4,0,79.9,2
1,43.9,3,4,1,3,0,59.7,0
1,46.3,5,5,4,1,0,69.2,1
1,40.2,8,2,0,1,0,68.1,1
1,40.4,4,2,3,4,0,52.7,0
3,57.1,7,2,3,6,1,78.7,2
4,76.4,6,2,21,1,0,100.0,3
6,66.4,6,6,2,5,1,93.1,3
2,68.6,3,3,8,1,0,86.4,2
3,63.4,6,2,21,5,1,92.5,3
3,76.9,6,6,22,3,0,100.0,3
6,79.6,1,2,11,2,0,84.6,2
6,78.2,6,0,9,0,0,100.0,3
2,76.5,4,0,1,4,0,85.2,2
2,48.2,6,6,10,4,0,81.3,2
6,66.7,3,2,9,5,1,80.8,2
1,66.2,7,7,21,3,0,100.0,3
3,63.8,2,4,5,3,0,76.3,2
5,61.6,9,1,17,6,1,88.3,3
2,44.0,8,0,1,0,0,64.3,1
2,44.6,2,2,1,2,0,50.5,0
6,80.6,8,0,9,4,0,100.0,3
4,68.4,3,2,15,5,1,77.2,2
5,51.8,4,4,11,3,0,75.7,2
5,52.6,4,4,0,4,0,71.7,1
2,67.5,3,0,20,5,1,74.7,1
1,58.3,6,6,7,1,0,85.8,2
4,59.9,3,5,15,4,0,74.6,1
5,42.7,3,6,17,2,0,59.8,0
2,46.2,5,1,12,5,1,68.9,1
5,57.7,4,1,14,2,0,68.8,1
4,71.5,4,1,20,4,0,87.4,2
4,42.2,4,5,11,1,0,64.6,1
3,55.1,3,1,7,2,0,60.7,1
6,71.3,4,3,9,3,0,92.3,3
6,75.6,6,5,13,5,1,100.0,3
2,48.6,3,7,4,4,0,68.6,1
4,72.9,1,6,17,1,0,86.9,2
3,83.0,2,2,18,3,0,92.8,3
3,80.8,5,7,14,4,0,100.0,3
5,75.5,2,4,5,6,1,87.6,2
5,72.1,4,1,10,1,0,90.5,3
3,50.6,3,3,20,3,0,67.5,1
5,68.5,2,6,10,2,0,86.7,2
4,68.9,1,2,19,4,0,71.8,1
1,58.3,2,6,19,4,0,77.6,2
4,62.2,5,6,20,2,0,91.2,3
3,71.2,7,3,17,6,1,94.7,3
3,82.8,2,0,17,0,0,86.5,2
4,53.3,9,6,9,3,0,99.1,3
5,51.1,4,0,1,2,0,59.4,0
5,67.1,5,1,8,4,0,89.5,3
6,45.9,2,0,13,3,0,50.2,0
3,66.2,2,2,18,6,1,76.0,2
2,44.0,5,7,9,3,0,74.0,1
6,62.1,4,1,22,0,0,79.3,2
5,67.9,4,7,3,4,0,91.4,3
4,43.2,4,3,5,1,0,58.0,0
5,49.3,3,4,13,0,0,64.0,1
4,55.1,4,4,3,0,0,71.2,1
6,56.6,5,4,14,1,0,76.0,2
3,70.4,6,2,15,1,0,92.0,3
5,63.8,3,1,6,6,1,72.1,1
4,57.2,8,0,16,6,1,77.5,2
3,60.3,4,6,18,0,0,85.6,2
2,40.6,4,7,18,3,0,68.8,1
4,74.7,3,1,16,2,0,81.5,2
6,41.8,2,3,5,2,0,49.8,0
2,77.3,1,4,10,0,0,84.5,2
2,64.3,7,1,15,3,0,87.1,2
1,63.8,3,6,7,1,0,81.5,2
5,71.7,4,5,10,5,1,94.9,3
4,78.7,5,1,6,0,0,92.1,3
2,82.4,2,5,23,4,0,95.6,3
1,64.5,5,0,21,3,0,83.3,2
6,46.8,4,7,18,4,0,73.3,1
3,79.5,5,3,9,4,0,100.0,3
4,41.8,6,4,8,0,0,73.7,1
2,76.3,4,0,3,3,0,86.6,2
5,70.6,5,7,22,4,0,100.0,3
1,80.7,7,4,14,6,1,100.0,3
2,80.4,1,0,12,6,1,81.7,2
5,42.4,3,0,1,3,0,47.8,0
2,67.4,7,4,1,2,0,94.9,3
4,45.6,5,3,15,5,1,63.1,1
4,43.5,2,2,8,4,0,53.8,0
4,60.2,4,2,12,4,0,78.0,2
6,44.4,4,7,2,3,0,67.2,1
6,72.8,5,1,8,6,1,91.6,3
1,83.6,4,1,12,5,1,97.8,3
4,65.6,5,6,20,2,0,95.1,3
5,50.6,2,3,21,4,0,63.0,1
2,77.9,7,2,1,0,0,100.0,3
3,78.4,1,1,7,6,1,79.7,2
5,73.0,4,2,8,3,0,92.0,3
6,67.7,4,2,15,3,0,78.6,2
6,79.1,1,2,1,6,1,84.7,2
5,47.3,3,1,5,4,0,53.6,0
6,81.9,3,1,21,2,0,93.9,3
4,82.6,3,3,7,4,0,92.3,3
1,79.2,3,0,4,6,1,85.0,2
2,51.3,5,1,8,1,0,70.5,1
1,78.6,3,4,0,4,0,91.4,3
2,62.4,3,6,8,5,1,83.0,2
2,66.8,3,0,9,6,1,78.6,2
1,77.8,7,7,22,5,1,100.0,3
5,41.3,3,2,3,6,1,49.3,0
2,56.3,5,3,2,1,0,72.9,1
1,76.7,1,4,9,5,1,83.5,2
2,76.6,2,6,14,5,1,91.7,3
3,78.2,2,5,10,0,0,93.7,3
5,47.6,5,4,13,3,0,66.3,1
4,71.8,6,0,5,5,1,88.1,3
2,46.6,5,6,11,3,0,75.6,2
3,75.3,4,6,12,6,1,100.0,3
4,51.0,4,3,16,2,0,67.3,1
4,73.2,3,5,15,4,0,88.4,3
2,60.5,4,0,2,0,0,70.6,1
1,84.4,4,5,1,6,1,100.0,3
2,66.1,7,1,10,1,0,94.9,3
3,68.5,4,5,8,2,0,91.4,3
4,56.6,2,2,2,0,0,62.9,1
2,73.1,4,5,17,0,0,90.9,3
1,62.3,5,3,19,6,1,84.2,2
2,40.8,5,1,14,1,0,55.2,0
5,67.4,2,2,13,1,0,73.7,1
1,77.4,5,2,1,3,0,95.6,3
3,50.7,6,1,16,4,0,65.8,1
4,49.9,6,3,21,6,1,78.2,2
2,67.4,4,4,7,2,0,86.5,2
1,76.8,6,0,9,4,0,100.0,3
5,51.2,3,3,17,2,0,65.3,1
1,82.0,6,6,18,0,0,100.0,3
6,81.7,0,5,7,5,1,89.3,3
5,49.0,2,4,7,5,1,60.6,1
3,51.9,4,4,2,6,1,71.1,1
4,71.5,3,5,2,1,0,86.2,2
3,82.8,6,4,11,1,0,100.0,3
2,71.9,6,0,21,0,0,96.5,3
1,60.0,4,6,16,0,0,79.9,2
6,47.6,3,0,3,2,0,55.4,0
5,60.7,2,0,16,0,0,65.6,1
5,67.3,5,6,13,6,1,93.5,3
1,54.9,4,4,18,2,0,79.2,2
6,63.0,3,6,8,4,0,85.2,2
1,45.9,4,1,20,1,0,59.6,0
2,60.3,5,0,11,1,0,76.7,2
3,44.1,5,4,4,5,1,65.2,1
5,42.2,6,3,10,5,1,69.5,1
2,78.6,2,7,19,6,1,96.2,3
3,49.2,6,7,2,1,0,80.4,2
2,65.9,4,6,20,6,1,93.2,3
6,46.7,4,4,14,4,0,62.9,1
5,51.8,2,0,13,4,0,55.8,0
1,56.3,5,7,10,3,0,86.4,2
1,46.5,7,6,19,2,0,86.9,2
3,42.1,3,7,7,5,1,60.5,1
4,79.5,6,0,3,2,0,93.6,3
6,40.5,1,6,11,5,1,53.4,0
3,42.8,1,7,7,3,0,57.6,0
4,76.2,7,0,5,1,0,97.1,3
2,52.7,3,7,14,6,1,71.0,1
6,72.5,4,1,11,2,0,89.1,3
2,46.6,4,2,15,5,1,60.5,1
5,50.7,1,5,15,2,0,62.6,1
6,65.8,6,5,20,1,0,100.0,3
4,84.5,5,6,19,6,1,100.0,3
5,43.3,5,1,19,0,0,62.7,1
1,58.0,7,3,3,5,1,84.0,2
4,41.9,2,0,10,0,0,48.9,0
3,49.0,5,2,12,3,0,72.5,1
1,80.8,6,3,8,6,1,100.0,3
1,44.3,9,4,3,4,0,77.6,2
3,78.6,3,5,11,2,0,98.9,3
6,48.0,11,2,8,5,1,98.8,3
1,78.8,3,1,12,2,0,89.8,3
4,64.2,3,0,15,3,0,72.0,1
5,79.5,6,2,5,3,0,97.1,3
1,46.8,5,3,9,2,0,69.4,1
4,74.3,4,1,12,5,1,92.4,3
2,70.6,3,3,6,6,1,83.0,2
4,64.4,2,7,18,1,0,83.8,2
5,76.5,4,3,23,6,1,94.0,3
4,69.2,3,6,18,1,0,92.0,3
3,79.5,3,5,16,4,0,94.7,3
5,57.1,2,7,12,6,1,76.6,2
6,66.5,2,0,12,2,0,70.5,1
2,79.2,1,2,20,2,0,85.3,2
3,49.7,9,7,1,5,1,87.6,2
6,61.9,7,3,9,2,0,96.8,3
4,83.2,5,1,21,5,1,100.0,3
5,61.3,3,3,12,2,0,79.3,2
2,51.4,5,3,8,3,0,75.8,2
3,55.8,4,7,0,0,0,77.5,2
6,79.8,4,1,13,2,0,90.5,3
6,83.0,5,7,15,0,0,100.0,3
2,82.8,3,4,19,1,0,100.0,3
4,71.5,4,6,14,4,0,94.5,3
2,62.9,5,3,0,6,1,78.9,2
6,48.2,5,1,16,6,1,63.2,1
1,45.5,4,0,23,1,0,59.5,0
3,42.7,2,2,12,2,0,52.7,0
2,40.8,2,1,14,6,1,45.8,0
6,79.5,2,1,15,5,1,82.0,2
4,76.4,3,6,15,1,0,95.6,3
6,65.6,6,2,1,3,0,83.9,2
4,84.9,2,1,16,0,0,88.5,3
2,82.9,4,4,10,5,1,100.0,3
4,69.5,5,0,7,6,1,80.6,2
5,60.9,0,4,19,5,1,64.7,1
5,46.8,3,6,2,2,0,65.8,1
5,63.2,2,3,11,3,0,74.3,1
1,47.1,3,5,19,0,0,66.3,1
2,57.9,6,0,15,3,0,71.6,1
6,82.4,6,3,13,1,0,100.0,3
6,55.4,7,2,15,2,0,75.6,2
1,46.9,4,1,20,5,1,61.5,1
4,66.2,3,7,16,5,1,86.0,2
1,67.1,2,1,10,1,0,73.0,1
4,48.7,2,6,16,5,1,62.4,1
4,48.8,6,6,18,4,0,83.8,2
3,84.5,6,0,21,2,0,100.0,3
6,50.9,6,5,0,1,0,73.9,1
5,77.7,4,5,11,2,0,99.8,3
4,61.2,4,7,14,0,0,82.0,2
3,59.6,2,1,17,2,0,66.6,1
6,53.3,2,1,22,2,0,58.9,0
5,74.8,6,3,13,0,0,94.3,3
4,79.6,4,4,0,1,0,96.8,3
4,51.8,2,1,12,2,0,57.0,0
1,44.3,3,3,14,3,0,58.2,0
1,46.2,3,6,6,2,0,66.3,1
6,75.7,2,4,14,1,0,87.5,2
5,59.6,4,7,19,5,1,90.0,3
4,45.9,2,1,9,6,1,52.3,0
6,55.3,3,0,13,0,0,59.1,0
6,63.1,2,0,5,5,1,67.0,1
2,78.3,9,0,13,1,0,100.0,3
1,68.9,3,2,23,4,0,82.7,2
5,47.9,3,7,21,6,1,72.8,1
4,47.1,6,0,11,5,1,67.8,1
6,58.6,3,1,10,2,0,67.9,1
4,43.4,8,1,19,6,1,78.7,2
2,74.0,6,5,21,2,0,100.0,3
5,58.1,6,0,23,0,0,82.4,2
6,55.4,9,5,18,2,0,100.0,3
4,62.9,6,0,1,6,1,79.0,2
1,71.9,2,3,21,3,0,84.4,2
2,65.6,2,4,19,3,0,78.0,2
5,76.1,2,0,0,5,1,77.1,2
2,68.3,3,3,7,1,0,78.9,2
1,75.5,2,1,13,0,0,79.1,2
5,71.4,5,0,8,4,0,91.9,3
2,48.7,4,3,1,5,1,65.8,1
3,42.4,5,6,22,1,0,72.9,1
1,80.7,4,3,4,0,0,95.5,3
1,82.6,5,6,22,6,1,100.0,3
1,72.7,4,7,7,0,0,96.5,3
3,72.6,1,4,15,6,1,82.6,2
3,52.2,2,1,21,5,1,61.7,1
4,64.4,3,4,15,1,0,76.6,2
6,84.7,3,4,12,1,0,100.0,3
2,78.5,2,6,19,2,0,93.6,3
4,53.7,9,5,14,4,0,89.4,3
2,53.5,4,5,0,3,0,72.2,1
6,61.8,6,4,21,2,0,94.2,3
3,58.2,1,7,2,0,0,72.1,1
6,56.7,0,7,5,4,0,65.3,1
3,68.2,4,1,21,4,0,81.8,2
6,40.5,5,0,13,1,0,51.4,0
4,74.4,3,4,3,4,0,87.0,2
5,73.3,1,2,17,5,1,75.0,2
4,77.4,2,1,14,4,0,83.4,2
2,77.9,4,3,8,0,0,96.7,3
4,65.5,10,3,17,5,1,99.2,3
1,75.1,6,1,2,5,1,93.7,3
2,62.2,3,6,9,2,0,86.0,2
6,82.8,3,3,16,4,0,96.3,3
2,48.6,5,1,6,1,0,62.1,1
5,81.2,5,0,14,6,1,93.1,3
3,51.6,4,5,0,2,0,72.9,1
6,44.6,6,5,10,1,0,77.1,2
2,59.8,5,1,16,4,0,74.6,1
6,67.7,4,0,4,2,0,79.2,2
6,50.4,4,1,6,4,0,59.4,0
6,65.0,6,4,18,0,0,97.0,3
3,76.4,6,7,23,2,0,100.0,3
4,51.6,3,2,14,1,0,61.1,1
6,66.1,6,0,2,0,0,81.5,2
1,55.3,3,2,14,3,0,66.5,1
5,63.8,5,6,4,1,0,88.6,3
3,70.0,4,3,22,6,1,91.1,3
2,55.8,7,0,11,4,0,83.2,2
3,84.8,4,3,19,1,0,100.0,3
2,65.4,0,4,4,3,0,71.5,1
3,77.1,5,6,2,1,0,100.0,3
2,72.6,0,6,8,0,0,80.7,2
6,78.4,1,5,8,5,1,88.5,3
4,47.8,5,4,6,1,0,66.0,1
2,50.0,2,6,1,2,0,66.0,1
2,61.9,5,0,22,6,1,80.8,2
1,78.4,3,7,22,3,0,100.0,3
2,48.9,6,7,20,1,0,83.3,2
1,83.7,5,0,15,3,0,96.5,3
5,45.7,4,2,8,5,1,64.8,1
6,47.9,3,3,12,0,0,64.1,1
1,47.5,5,2,18,2,0,70.9,1
4,66.4,4,0,19,4,0,82.4,2
6,81.3,3,5,16,1,0,98.0,3
1,51.5,5,2,5,0,0,67.3,1
6,64.9,1,7,3,3,0,80.1,2
6,47.9,2,0,0,5,1,49.0,0
6,68.4,4,1,17,6,1,78.3,2
5,45.5,4,3,18,3,0,65.3,1
4,62.1,2,4,8,6,1,74.2,1
3,69.5,3,4,12,5,1,88.0,3
3,66.1,2,2,7,6,1,74.4,1
1,46.3,3,5,22,5,1,64.2,1
6,47.3,2,4,12,0,0,58.9,0
1,70.2,5,1,14,1,0,83.3,2
5,76.4,5,1,10,4,0,98.0,3
5,80.9,5,2,11,1,0,100.0,3
2,76.6,5,4,13,2,0,97.5,3
5,83.8,3,4,3,1,0,99.4,3
2,58.4,6,6,0,5,1,84.5,2
4,54.9,2,6,23,5,1,73.7,1
1,41.3,4,0,3,2,0,51.8,0
4,60.2,1,2,18,3,0,67.4,1
5,69.3,3,0,8,5,1,78.1,2
4,76.7,1,7,9,2,0,89.4,3
4,52.0,5,1,3,5,1,66.4,1
4,63.1,4,5,19,4,0,85.1,2
5,69.8,9,2,8,5,1,100.0,3
6,64.8,4,7,12,0,0,91.3,3
4,52.3,3,5,11,2,0,73.6,1
2,75.8,5,0,10,6,1,94.8,3
5,47.8,6,5,11,1,0,79.7,2
4,80.7,6,1,17,2,0,98.9,3
6,82.9,4,5,11,3,0,100.0,3
5,56.5,3,4,15,5,1,71.5,1
3,56.9,4,2,4,2,0,70.6,1
6,73.4,5,0,19,4,0,90.7,3
2,60.5,5,6,11,2,0,92.8,3
4,41.3,7,5,20,4,0,77.0,2
3,81.4,7,5,10,5,1,100.0,3
3,59.4,2,3,8,1,0,70.9,1
5,49.2,6,5,17,5,1,74.9,1
3,65.0,6,4,2,3,0,86.4,2
2,49.9,5,5,19,0,0,77.1,2
2,49.3,5,7,16,1,0,74.9,1
1,64.6,2,0,13,1,0,65.5,1
2,57.6,3,7,0,0,0,78.4,2
6,65.8,2,7,16,2,0,83.7,2
3,84.9,4,0,7,5,1,95.4,3
2,78.7,3,2,4,2,0,88.5,3
5,40.3,2,6,4,2,0,52.7,0
1,42.3,2,6,8,5,1,57.4,0
3,67.5,3,6,2,3,0,85.6,2
1,68.2,5,3,18,1,0,94.5,3
3,79.5,3,7,22,4,0,100.0,3
5,68.3,6,4,8,0,0,96.9,3
1,50.2,3,4,21,1,0,69.5,1
4,61.1,4,6,17,2,0,80.3,2
6,76.4,1,6,15,0,0,88.3,3
6,81.5,4,2,0,4,0,97.1,3
3,50.7,2,2,1,1,0,55.2,0
4,64.3,2,2,13,1,0,73.4,1
1,47.2,1,7,13,3,0,63.1,1
4,62.4,3,7,0,1,0,80.0,2
4,44.1,10,7,15,1,0,87.5,2
1,82.4,5,3,14,4,0,100.0,3
5,68.7,3,6,14,4,0,84.4,2
4,78.4,4,7,11,0,0,100.0,3
4,84.9,6,2,15,2,0,100.0,3
5,48.2,3,3,13,4,0,60.1,1
4,71.2,5,3,23,0,0,98.1,3
4,79.9,2,1,14,1,0,86.8,2
4,65.9,1,2,22,0,0,68.6,1
6,68.8,5,2,14,0,0,85.5,2
2,58.3,2,7,18,0,0,79.3,2
5,70.4,5,4,7,5,1,90.0,3
4,57.8,2,2,1,0,0,66.2,1
6,61.4,4,3,1,4,0,74.1,1
5,44.6,3,6,9,6,1,65.4,1
3,40.4,3,2,2,6,1,51.0,0
3,42.5,5,0,22,6,1,61.5,1
4,48.7,4,4,16,6,1,63.7,1
6,60.5,5,5,7,5,1,80.8,2
6,40.9,6,0,22,2,0,61.4,1
5,47.0,3,3,3,0,0,59.2,0
5,75.2,5,0,13,3,0,85.7,2
6,74.3,0,5,20,6,1,80.9,2
5,75.5,1,3,9,1,0,81.7,2
6,81.5,6,4,0,6,1,100.0,3
2,45.4,6,5,3,6,1,70.2,1
6,47.3,2,1,0,1,0,52.1,0
3,55.0,4,0,16,5,1,65.8,1
5,81.2,3,4,16,1,0,97.1,3
6,74.9,8,1,6,1,0,96.4,3
6,54.6,2,7,22,5,1,73.8,1
5,43.9,4,3,19,1,0,61.7,1
2,67.7,5,3,14,0,0,85.1,2
2,51.6,5,1,12,6,1,74.0,1
5,63.9,6,5,1,2,0,90.8,3
1,82.4,8,7,18,5,1,100.0,3
5,65.8,4,5,23,3,0,91.4,3
5,81.6,3,4,12,5,1,100.0,3
2,57.7,5,6,23,4,0,90.0,3
2,68.5,6,1,10,3,0,93.4,3
5,80.2,5,0,21,4,0,100.0,3
5,66.5,6,7,14,5,1,98.1,3
5,67.7,0,7,9,4,0,77.0,2
2,72.2,5,1,8,3,0,90.2,3
5,79.7,3,2,8,0,0,90.9,3
5,44.0,2,0,19,5,1,47.2,0
4,55.2,3,4,0,5,1,71.5,1
1,57.9,10,7,16,1,0,100.0,3
3,80.9,4,6,11,5,1,100.0,3
1,83.0,1,7,9,6,1,97.2,3
4,45.4,1,6,4,6,1,55.3,0
3,45.4,3,0,17,5,1,51.0,0
5,82.1,2,3,14,0,0,91.6,3
4,53.3,3,3,5,1,0,63.2,1
5,50.9,6,3,6,2,0,72.3,1
2,41.6,3,6,16,4,0,61.2,1
6,52.4,3,0,5,3,0,58.2,0
4,71.2,4,6,7,2,0,94.7,3
2,59.2,5,3,11,1,0,85.9,2
4,63.3,4,5,20,6,1,86.6,2
4,81.3,6,5,13,6,1,100.0,3
2,45.2,5,4,11,6,1,73.3,1
3,43.2,3,4,22,0,0,60.7,1
1,78.3,7,0,9,6,1,100.0,3
5,74.9,6,1,21,3,0,97.7,3
4,51.9,4,1,19,4,0,68.0,1
5,54.6,0,7,14,5,1,67.0,1
6,54.0,6,4,6,5,1,79.5,2
2,69.2,2,6,8,2,0,84.6,2
5,42.8,6,0,9,4,0,67.6,1
2,62.0,4,4,9,1,0,82.4,2
5,46.0,2,3,15,4,0,55.1,0
1,76.9,8,3,6,0,0,100.0,3
1,57.1,3,4,4,2,0,71.0,1
1,63.7,3,3,22,2,0,81.2,2
1,41.3,4,2,2,0,0,53.2,0
1,42.6,3,5,17,4,0,59.6,0
1,70.4,3,2,10,6,1,83.5,2
2,74.5,3,5,14,0,0,92.9,3
4,72.0,1,7,20,6,1,87.9,2
5,73.2,5,5,19,3,0,100.0,3
1,44.7,4,2,4,0,0,58.7,0
2,71.2,1,1,23,6,1,75.9,2
2,48.2,2,6,11,4,0,67.6,1
2,44.4,2,1,3,6,1,47.5,0
4,74.1,6,7,14,0,0,100.0,3
5,80.0,5,0,8,1,0,96.8,3
4,72.3,3,1,6,5,1,78.2,2
3,76.3,4,6,9,0,0,100.0,3
2,84.6,6,7,22,5,1,100.0,3
3,46.1,4,5,12,0,0,69.3,1
6,83.4,8,7,7,4,0,100.0,3
1,67.1,3,4,11,3,0,84.5,2
1,76.6,3,6,21,3,0,97.7,3
4,69.3,4,0,23,5,1,83.6,2
5,65.7,3,7,18,4,0,87.2,2
3,71.7,2,0,0,6,1,73.4,1
5,54.4,6,7,15,4,0,84.7,2
4,81.6,6,4,21,4,0,100.0,3
1,45.2,2,2,16,1,0,52.2,0
5,54.3,3,1,17,2,0,64.6,1
5,41.4,2,0,10,0,0,44.2,0
1,52.2,4,2,17,4,0,65.5,1
3,49.8,5,5,6,4,0,70.7,1
1,42.2,2,3,17,4,0,52.7,0
5,62.1,3,5,7,3,0,77.5,2
3,61.1,0,7,5,4,0,72.2,1
3,43.5,5,2,6,0,0,57.8,0
1,51.8,3,2,22,6,1,63.2,1
5,82.9,5,5,21,6,1,100.0,3
4,45.0,3,1,9,4,0,58.8,0
5,53.7,6,3,10,0,0,82.6,2
2,41.6,4,0,12,1,0,58.0,0
6,46.7,4,5,8,6,1,70.6,1
4,71.5,3,4,6,2,0,85.4,2
3,56.5,2,7,8,3,0,76.2,2
4,60.3,4,0,12,0,0,75.2,2
3,47.1,4,1,2,6,1,57.8,0
3,70.7,7,6,2,6,1,100.0,3
4,73.8,2,5,0,5,1,89.0,3
3,48.2,4,0,20,1,0,60.7,1
3,42.0,4,1,19,2,0,56.6,0
2,43.6,6,1,1,2,0,60.6,1
5,69.6,1,6,2,2,0,79.6,2
5,46.1,5,0,14,0,0,58.3,0
6,62.2,4,4,23,1,0,86.7,2
6,46.9,2,4,5,4,0,59.4,0
2,47.7,2,0,12,5,1,53.1,0
6,40.2,3,6,20,1,0,60.0,1
4,54.4,6,3,0,1,0,77.2,2
1,44.0,2,7,19,6,1,65.6,1
1,57.7,4,2,18,1,0,76.2,2
1,66.9,2,4,0,0,0,79.9,2
2,56.5,3,1,20,5,1,67.9,1
2,71.7,4,4,21,0,0,96.0,3
3,73.4,1,7,1,5,1,89.4,3
1,71.3,3,5,14,5,1,85.1,2
4,82.2,4,3,13,6,1,96.4,3
6,50.7,5,0,18,0,0,71.0,1
4,48.5,3,3,10,5,1,63.9,1
6,67.4,2,2,14,1,0,75.4,2
1,66.8,3,6,5,0,0,83.4,2
1,63.0,2,4,19,5,1,74.6,1
1,40.2,5,5,8,2,0,68.5,1
2,65.0,6,1,4,0,0,82.8,2
6,82.0,2,5,19,6,1,98.1,3
2,55.1,2,6,1,3,0,72.2,1
2,83.5,7,1,5,0,0,100.0,3
5,56.1,5,7,17,0,0,82.3,2
4,46.3,5,3,22,0,0,72.1,1
4,57.9,9,5,18,5,1,100.0,3
3,62.3,4,5,8,0,0,86.4,2
2,68.3,3,6,20,3,0,91.1,3
6,62.7,2,0,23,4,0,66.8,1
5,64.2,1,6,5,0,0,77.1,2
5,41.1,3,2,13,2,0,51.3,0
4,51.4,3,0,23,3,0,60.9,1
2,54.0,5,7,12,4,0,84.8,2
3,84.4,4,4,10,5,1,100.0,3
2,53.3,1,5,11,0,0,65.6,1
1,80.3,7,3,18,4,0,100.0,3
2,53.7,3,3,18,2,0,70.6,1
1,44.3,7,1,20,3,0,72.2,1
1,51.1,3,4,18,3,0,67.2,1
3,52.3,6,1,23,5,1,76.5,2
6,84.0,3,7,12,5,1,100.0,3
4,70.3,6,0,13,5,1,85.6,2
2,81.9,4,3,23,4,0,100.0,3
1,77.6,1,3,17,0,0,81.6,2
2,66.0,2,5,11,1,0,83.0,2
6,70.4,6,2,3,3,0,92.2,3
4,68.1,2,5,9,1,0,81.5,2
6,70.0,3,7,16,6,1,89.8,3
4,51.9,1,0,3,3,0,50.3,0
5,58.4,5,4,11,5,1,84.1,2
4,66.7,9,2,12,0,0,100.0,3
3,41.6,2,5,3,0,0,54.0,0
6,61.7,1,3,9,3,0,67.5,1
1,78.7,5,4,2,4,0,100.0,3
5,62.2,1,1,14,6,1,65.1,1
3,64.9,4,0,1,5,1,74.1,1
2,49.1,7,7,16,0,0,80.6,2
6,75.7,2,1,5,6,1,81.5,2
1,56.1,1,3,7,6,1,60.3,1
4,83.0,5,2,2,0,0,100.0,3
1,84.7,4,7,17,2,0,100.0,3
2,81.2,5,7,21,6,1,100.0,3
5,43.8,6,1,0,0,0,63.4,1
5,55.0,7,3,15,2,0,81.9,2
6,82.5,6,7,6,0,0,100.0,3
5,76.2,6,1,2,0,0,95.4,3
6,81.0,3,0,22,6,1,91.9,3
6,65.8,4,1,3,4,0,74.9,1
6,61.6,4,0,8,4,0,76.4,2
4,44.8,1,0,4,5,1,44.3,0
3,77.8,2,5,18,0,0,95.4,3
6,73.5,1,4,14,5,1,80.8,2
6,42.6,2,2,7,5,1,48.4,0
3,49.4,3,1,5,5,1,57.0,0
1,65.1,4,6,17,5,1,84.6,2
6,70.8,0,5,18,3,0,75.9,2
4,46.2,4,3,23,6,1,66.3,1
5,51.0,3,4,14,6,1,64.2,1
5,48.7,3,6,6,3,0,67.8,1
2,49.9,4,2,9,0,0,68.6,1
2,81.4,4,7,5,3,0,100.0,3
5,72.2,4,4,13,0,0,88.5,3
5,73.2,2,1,16,4,0,80.0,2
4,75.7,1,5,8,6,1,85.0,2
3,56.0,3,1,18,1,0,67.0,1
2,74.5,3,1,4,2,0,83.3,2
3,84.0,3,2,22,6,1,99.0,3
4,71.4,0,4,6,3,0,75.4,2
5,58.8,6,7,18,3,0,94.5,3
6,72.2,3,3,19,4,0,85.7,2
3,80.5,1,7,6,3,0,95.8,3
5,45.8,6,4,23,0,0,76.5,2
5,51.9,7,2,1,0,0,72.2,1
1,81.4,5,0,22,1,0,97.7,3
3,82.6,3,0,15,1,0,88.6,3
6,61.8,2,0,12,6,1,66.8,1
3,56.9,4,3,7,1,0,69.9,1
5,52.7,2,2,5,0,0,61.9,1
6,62.4,5,2,5,5,1,76.3,2
4,82.1,3,0,8,5,1,89.3,3
1,46.7,5,2,3,1,0,60.8,1
5,58.9,3,2,10,1,0,70.2,1
2,81.0,6,6,4,0,0,100.0,3
2,55.7,3,1,16,4,0,66.0,1
1,74.6,6,3,19,6,1,100.0,3
4,57.5,5,2,6,3,0,74.5,1
5,76.2,4,7,14,6,1,100.0,3
3,84.1,3,5,14,2,0,99.2,3
1,57.5,6,0,13,5,1,71.0,1
4,78.0,4,4,12,5,1,100.0,3
3,84.5,5,4,10,0,0,100.0,3
2,84.3,4,3,12,6,1,100.0,3
2,59.5,4,2,21,0,0,76.2,2
3,61.9,2,1,23,2,0,70.0,1
1,53.7,8,2,8,6,1,91.4,3
2,54.1,5,7,9,2,0,87.3,2
5,62.2,1,0,3,1,0,62.5,1
6,49.0,5,5,16,6,1,69.7,1
3,72.0,3,2,13,2,0,81.7,2
3,64.1,2,6,23,3,0,81.3,2
2,80.4,8,4,17,3,0,100.0,3
1,76.5,3,6,10,5,1,97.8,3
5,54.5,6,6,15,3,0,81.0,2
1,62.8,6,4,0,6,1,84.1,2
4,73.8,3,3,6,3,0,83.8,2
4,48.7,6,7,9,3,0,85.5,2
6,41.4,2,5,8,1,0,54.9,0
2,78.4,2,6,2,5,1,91.3,3
2,46.2,5,7,21,0,0,77.1,2
2,80.0,1,0,22,5,1,83.2,2
6,81.1,6,3,13,5,1,100.0,3
4,60.7,1,2,14,5,1,65.3,1
1,76.3,4,5,1,2,0,93.5,3
6,56.3,3,1,23,0,0,69.0,1
6,78.6,2,3,13,2,0,85.3,2
1,77.1,2,4,15,1,0,87.3,2
2,43.5,5,0,6,1,0,55.1,0
5,66.2,7,2,3,4,0,86.8,2
1,68.8,2,7,17,4,0,83.2,2
4,40.0,3,0,23,1,0,50.6,0
3,84.1,4,0,4,1,0,95.3,3
3,58.3,3,0,5,2,0,63.1,1
6,63.3,3,7,6,1,0,85.4,2
3,48.8,6,6,14,6,1,76.0,2
5,67.5,6,4,0,0,0,91.7,3
2,76.5,8,1,23,2,0,100.0,3
4,66.4,4,7,3,1,0,90.8,3
5,75.5,2,7,0,2,0,91.3,3
4,72.9,1,3,10,2,0,79.4,2
4,50.7,3,4,17,3,0,62.4,1
2,59.6,6,6,13,4,0,87.7,2
6,46.7,1,6,21,2,0,60.1,1
3,41.9,3,5,10,5,1,63.2,1
2,42.8,3,1,9,6,1,53.9,0
5,82.4,4,2,16,6,1,97.5,3
6,84.3,2,6,3,2,0,96.8,3
5,44.3,9,6,23,5,1,90.1,3
6,55.1,3,7,14,6,1,74.0,1
5,45.1,1,3,15,3,0,51.7,0
2,77.5,5,6,20,1,0,100.0,3
6,62.3,1,1,12,2,0,67.3,1
6,68.0,6,2,8,3,0,96.0,3
4,64.3,4,5,10,0,0,89.0,3
4,72.0,4,3,10,3,0,92.2,3
1,54.4,3,6,5,4,0,72.5,1
5,46.2,1,5,0,4,0,53.9,0
4,40.8,2,2,21,1,0,50.3,0
1,60.1,6,7,5,5,1,87.2,2
4,80.9,5,7,12,1,0,100.0,3
5,53.7,2,7,21,6,1,74.4,1
6,48.8,4,4,23,5,1,71.4,1
3,81.7,4,7,21,5,1,100.0,3
5,44.7,7,2,4,5,1,69.2,1
2,42.3,7,5,14,5,1,71.6,1
4,79.6,1,6,17,4,0,93.2,3
4,71.5,3,6,19,6,1,91.8,3
6,59.0,1,0,13,4,0,59.7,0
2,73.9,3,6,14,2,0,92.1,3
6,73.4,0,4,4,6,1,76.3,2
2,41.8,3,2,3,4,0,53.4,0
3,70.4,2,4,1,1,0,79.0,2
4,68.8,6,3,6,4,0,90.8,3
4,83.4,8,0,9,6,1,100.0,3
3,83.5,3,0,15,6,1,91.0,3
1,57.0,1,2,9,1,0,62.0,1
6,66.5,5,3,17,0,0,82.4,2
3,46.4,2,4,16,6,1,57.2,0
6,43.0,7,2,20,4,0,74.4,1
5,59.5,6,1,12,1,0,86.7,2
4,71.0,5,2,0,5,1,88.4,3
6,65.5,3,6,0,6,1,84.9,2
2,59.3,2,1,14,3,0,66.4,1
6,76.8,6,0,0,5,1,92.5,3
5,75.7,2,6,5,2,0,92.4,3
4,72.9,3,2,12,6,1,86.5,2
3,43.5,5,2,0,1,0,59.9,0
5,75.8,2,7,4,5,1,94.0,3
4,81.4,5,0,8,4,0,98.3,3
6,42.7,5,7,16,4,0,66.8,1
1,58.1,7,4,15,6,1,86.5,2
1,84.5,4,5,7,0,0,100.0,3
2,67.0,6,2,16,3,0,87.1,2
4,63.1,2,3,14,6,1,71.4,1
1,48.0,2,5,23,1,0,62.6,1
3,65.4,4,0,0,5,1,73.9,1
4,59.8,7,4,11,3,0,94.5,3
3,45.7,6,5,4,0,0,71.7,1
3,60.9,9,0,23,6,1,95.4,3
1,47.4,4,6,5,2,0,66.2,1
4,72.9,2,0,0,3,0,75.2,2
6,83.8,7,4,0,0,0,100.0,3
5,61.1,4,5,9,6,1,84.8,2
1,68.5,2,4,9,6,1,80.4,2
1,59.4,1,4,2,1,0,65.4,1
6,46.2,6,5,16,6,1,70.5,1
4,83.7,4,6,18,2,0,100.0,3
4,45.8,5,5,10,6,1,71.9,1
3,45.0,2,6,17,4,0,59.9,0
6,60.7,4,6,1,0,0,81.6,2
6,69.6,1,3,8,4,0,77.3,2
4,56.0,4,1,23,6,1,71.2,1
3,48.7,4,5,16,2,0,67.3,1
1,76.9,5,5,13,0,0,100.0,3
2,56.3,7,0,3,0,0,73.9,1
5,48.7,6,6,16,6,1,74.6,1
1,56.4,2,6,16,2,0,72.8,1
4,49.7,1,2,11,1,0,56.2,0
5,63.4,4,1,19,0,0,78.7,2
2,70.1,3,6,17,2,0,89.9,3
2,76.0,3,2,2,3,0,84.4,2
3,50.2,5,2,10,4,0,71.9,1
5,47.5,1,2,17,0,0,53.5,0
3,40.9,4,3,3,3,0,54.6,0
1,50.3,5,3,16,0,0,68.5,1
6,41.1,8,1,17,1,0,64.8,1
6,55.5,4,7,4,6,1,79.6,2
6,46.6,5,4,13,2,0,67.9,1
5,66.1,8,3,9,0,0,100.0,3
6,57.3,4,0,14,2,0,68.9,1
1,44.2,4,1,0,5,1,53.8,0
3,58.0,3,0,15,0,0,62.5,1
5,49.4,6,2,10,1,0,75.0,2
3,70.6,4,0,22,1,0,84.1,2
5,56.4,7,3,19,6,1,90.5,3
3,46.6,5,0,5,6,1,58.1,0
2,55.7,2,2,23,3,0,66.8,1
3,50.1,5,6,21,1,0,81.7,2
6,75.8,3,2,15,2,0,88.0,3
2,84.3,4,3,1,5,1,97.6,3
3,41.1,5,1,0,1,0,53.8,0
5,71.1,4,4,23,0,0,93.3,3
5,51.9,3,5,23,1,0,71.8,1
5,43.0,4,1,8,5,1,56.9,0
4,40.6,4,6,21,2,0,65.8,1
1,79.6,4,4,11,0,0,100.0,3
5,55.9,3,5,16,3,0,72.6,1
2,84.8,2,7,14,3,0,100.0,3
5,59.9,5,7,18,3,0,94.2,3
4,48.4,6,3,21,6,1,79.3,2
6,75.0,3,3,9,0,0,88.6,3
2,81.7,4,3,11,3,0,99.7,3
4,76.7,5,2,13,6,1,94.3,3
6,73.5,9,1,8,1,0,100.0,3
2,55.1,5,4,12,0,0,82.2,2
3,42.9,3,6,2,0,0,58.6,0
1,49.1,4,1,20,0,0,66.0,1
1,60.1,8,7,13,4,0,94.0,3
4,83.0,4,4,20,6,1,100.0,3
6,72.5,2,7,9,2,0,89.6,3
1,77.3,6,7,15,4,0,100.0,3
6,52.5,3,0,6,4,0,56.3,0
6,70.8,4,1,3,4,0,80.7,2
4,78.8,3,0,19,2,0,86.6,2
4,61.6,2,6,22,4,0,77.7,2
4,59.3,2,3,10,3,0,70.8,1
1,72.4,5,6,15,0,0,94.5,3
4,65.2,4,2,19,0,0,81.7,2
1,84.7,1,2,3,6,1,87.6,2
4,59.1,4,7,21,1,0,87.2,2
5,47.9,4,7,21,5,1,77.9,2
6,61.2,1,5,22,3,0,70.5,1
4,50.6,4,1,16,2,0,62.1,1
2,65.3,3,0,12,5,1,75.6,2
6,45.7,5,0,10,0,0,65.4,1
6,82.7,7,7,2,4,0,100.0,3
4,78.7,2,4,8,6,1,90.3,3
3,47.0,5,6,5,6,1,72.3,1
4,47.8,4,1,21,1,0,61.7,1
6,63.1,2,7,20,1,0,82.8,2
2,74.8,5,1,10,0,0,92.8,3
6,49.9,6,0,15,3,0,64.4,1
2,42.7,2,5,18,6,1,58.7,0
1,64.5,9,5,4,5,1,97.0,3
5,71.1,1,0,13,1,0,70.3,1
6,51.0,5,5,16,0,0,71.9,1
4,73.3,5,7,2,3,0,99.8,3
1,82.8,2,2,3,0,0,91.5,3
5,46.2,3,1,15,0,0,51.8,0
4,63.0,2,7,15,3,0,80.7,2
3,42.6,1,2,20,3,0,45.3,0
4,49.3,6,3,3,3,0,68.7,1
2,44.0,7,3,18,0,0,79.2,2
2,58.2,4,6,16,1,0,81.2,2
3,76.9,6,0,12,2,0,99.1,3
1,66.0,5,7,21,2,0,100.0,3
5,50.0,0,4,22,0,0,54.9,0
4,41.8,4,0,23,0,0,55.7,0
2,64.9,5,1,0,1,0,80.7,2
1,46.0,5,0,11,3,0,63.0,1
3,55.4,2,7,3,0,0,72.6,1
6,63.0,4,7,10,6,1,91.3,3
2,80.7,5,2,4,4,0,98.2,3
3,43.7,4,0,1,3,0,50.8,0
4,70.1,5,2,16,6,1,88.8,3
5,40.6,3,3,7,0,0,55.0,0
2,68.3,3,6,5,4,0,83.8,2
2,64.8,3,5,20,6,1,86.8,2
4,76.5,6,2,8,5,1,100.0,3
6,63.9,4,5,12,1,0,86.0,2
1,55.9,6,1,10,4,0,80.0,2
5,50.9,3,0,15,0,0,56.2,0
2,43.8,5,7,15,2,0,70.2,1
5,64.1,5,1,1,6,1,80.1,2
2,80.0,2,7,9,0,0,99.9,3
5,63.2,2,2,11,2,0,71.3,1
3,73.3,3,2,7,1,0,83.3,2
2,53.4,5,2,10,1,0,74.7,1
5,60.2,4,2,9,3,0,80.6,2
1,54.6,10,2,12,6,1,98.1,3
3,44.9,4,0,16,3,0,53.6,0
3,58.8,5,4,6,2,0,76.6,2
1,74.4,3,1,23,2,0,84.0,2
5,57.8,4,3,2,1,0,72.4,1
4,69.3,2,6,19,4,0,86.1,2
1,74.1,2,3,12,2,0,87.4,2
5,54.5,7,6,18,2,0,91.4,3
1,75.9,5,1,6,6,1,89.1,3
1,55.3,6,0,8,4,0,78.0,2
2,51.5,4,1,18,3,0,65.7,1
5,50.0,2,7,12,3,0,68.1,1
4,49.0,5,7,21,2,0,81.1,2
2,73.2,3,2,7,6,1,82.9,2
1,79.9,4,4,21,3,0,99.8,3
6,50.4,8,7,17,3,0,84.6,2
1,43.8,4,1,22,5,1,60.3,1
1,54.1,2,5,1,6,1,66.3,1
5,69.6,4,6,17,3,0,92.2,3
5,56.6,3,6,17,1,0,72.4,1
2,64.7,5,0,10,0,0,82.1,2
4,73.5,5,2,0,2,0,87.4,2
2,58.4,9,1,13,2,0,86.3,2
3,85.0,2,6,15,1,0,100.0,3
1,53.4,7,1,10,0,0,80.9,2
6,84.0,2,7,0,0,0,100.0,3
1,49.1,2,2,6,1,0,56.6,0
1,45.0,3,0,15,4,0,49.0,0
2,73.8,4,4,13,4,0,90.8,3
6,71.6,2,4,14,0,0,83.4,2
6,76.5,7,2,13,4,0,99.5,3
6,55.5,4,3,20,4,0,74.4,1
2,81.9,1,7,10,4,0,98.5,3
1,45.4,6,0,15,0,0,58.5,0
2,41.4,3,3,18,4,0,57.0,0
5,53.5,3,5,16,2,0,68.2,1
5,75.9,1,6,5,5,1,86.5,2
2,70.3,3,7,10,0,0,93.0,3
6,59.6,2,3,16,1,0,68.8,1
1,51.5,3,3,8,4,0,69.4,1
2,42.7,7,0,17,3,0,60.0,1
2,55.2,3,6,16,0,0,70.9,1
2,60.7,3,3,11,6,1,76.3,2
3,70.9,4,2,22,1,0,86.6,2
5,69.1,6,7,21,5,1,100.0,3
6,82.6,3,1,21,2,0,95.9,3
4,44.5,6,6,4,6,1,73.2,1
6,55.1,4,6,10,1,0,79.3,2
4,61.7,6,2,3,4,0,80.5,2
3,70.2,4,1,3,3,0,81.7,2
2,62.3,5,4,2,4,0,81.0,2
3,81.1,2,3,23,1,0,91.6,3
3,67.4,3,4,22,0,0,83.2,2
1,41.8,6,6,16,6,1,66.8,1
5,45.1,5,4,6,3,0,64.6,1
4,73.9,2,6,3,6,1,86.4,2
2,72.2,2,7,22,6,1,91.6,3
4,46.9,3,0,12,3,0,54.8,0
6,42.7,5,3,11,1,0,65.0,1
4,66.0,4,7,0,5,1,91.4,3
6,68.6,9,4,20,5,1,100.0,3
5,46.1,0,1,18,4,0,45.0,0
6,61.3,2,1,20,1,0,69.1,1
4,53.8,4,5,19,3,0,76.4,2
4,81.9,4,0,17,1,0,92.3,3
6,49.9,3,4,10,3,0,69.8,1
3,73.0,4,4,19,6,1,96.1,3
5,63.3,3,4,2,4,0,76.5,2
1,40.5,5,5,16,0,0,60.5,1
2,63.3,5,5,11,6,1,92.2,3
4,44.5,8,0,9,0,0,74.5,1
2,69.7,8,3,7,1,0,98.9,3
1,65.4,1,7,14,3,0,77.3,2
2,40.5,2,7,4,0,0,55.9,0
1,49.2,7,4,3,6,1,76.0,2
6,74.9,3,5,20,3,0,92.6,3
3,52.4,2,4,19,4,0,68.0,1
4,62.5,3,2,18,6,1,74.7,1
1,54.0,3,1,20,1,0,68.0,1
2,81.5,4,5,3,3,0,98.7,3
4,64.1,3,3,14,1,0,77.7,2
3,71.3,4,3,16,3,0,88.7,3
6,43.8,8,3,11,6,1,82.2,2
4,41.8,4,4,2,5,1,60.5,1
1,51.7,4,2,9,5,1,68.9,1
3,53.9,1,3,14,3,0,59.7,0
2,70.9,3,0,9,4,0,82.4,2
3,65.6,4,6,23,1,0,89.5,3
3,56.9,5,0,22,2,0,75.9,2
5,69.4,11,5,17,3,0,100.0,3
3,47.4,6,1,0,3,0,63.8,1
3,42.9,5,2,2,5,1,59.6,0
4,78.5,3,3,20,0,0,95.9,3
2,65.4,6,2,11,6,1,91.7,3
4,69.2,2,0,0,5,1,74.4,1
4,53.8,1,5,2,1,0,62.8,1
1,56.7,4,3,2,5,1,70.0,1
4,43.7,4,4,4,2,0,62.0,1
5,78.6,4,0,18,4,0,90.8,3
5,66.7,0,1,0,6,1,66.4,1
1,43.8,4,3,3,2,0,60.4,1
6,76.2,3,6,3,4,0,93.1,3
2,60.0,0,1,16,2,0,60.7,1
2,74.4,2,5,13,6,1,89.5,3
4,40.6,3,7,17,5,1,60.7,1
4,41.3,2,2,0,2,0,50.4,0
6,47.7,3,1,21,5,1,59.3,0
4,49.5,2,6,15,6,1,63.5,1
2,74.4,4,1,2,5,1,86.8,2
3,71.8,5,6,22,1,0,100.0,3
5,67.7,4,6,20,5,1,95.2,3
3,79.8,5,4,8,0,0,100.0,3
3,51.1,5,1,22,2,0,69.4,1
2,80.7,7,4,3,6,1,100.0,3
3,80.9,4,1,20,3,0,96.8,3
6,59.5,4,4,4,3,0,77.5,2
1,44.2,6,0,10,3,0,65.7,1
4,72.7,4,4,20,6,1,94.3,3
1,55.2,4,0,8,0,0,70.0,1
5,75.8,6,0,2,5,1,89.5,3
4,47.4,3,5,5,2,0,61.8,1
3,64.3,5,3,23,4,0,86.4,2
5,62.9,5,0,10,4,0,78.8,2
4,44.5,4,3,8,6,1,67.0,1
6,56.3,7,4,14,1,0,83.8,2
6,43.8,2,5,22,0,0,60.6,1
6,60.9,4,2,2,2,0,75.4,2
6,77.9,5,7,0,5,1,100.0,3
3,52.2,3,3,19,3,0,65.4,1
1,74.4,3,5,21,0,0,91.8,3
4,48.3,1,2,18,0,0,52.1,0
3,70.3,3,7,13,2,0,90.0,3
6,81.2,3,5,16,6,1,96.5,3
1,54.6,6,4,21,5,1,83.5,2
5,80.5,3,3,13,6,1,94.9,3
5,62.7,5,6,16,6,1,87.4,2
5,54.3,7,7,13,1,0,86.8,2
6,80.3,0,4,11,6,1,82.7,2
5,41.4,5,2,15,5,1,59.3,0
2,41.3,7,4,0,1,0,66.6,1
4,67.0,6,2,12,1,0,91.6,3
4,75.9,2,0,5,3,0,77.3,2
6,73.8,5,2,16,3,0,92.5,3
2,43.6,2,2,11,2,0,52.0,0
3,82.8,4,0,22,5,1,98.2,3
3,71.6,3,3,18,6,1,86.7,2
5,82.7,1,1,5,1,0,84.0,2
1,54.8,7,3,6,2,0,77.1,2
3,71.2,8,1,0,1,0,96.5,3
1,78.7,6,0,0,0,0,96.3,3
4,57.1,9,3,4,4,0,87.4,2
1,83.4,7,4,5,4,0,100.0,3
4,51.9,2,5,15,1,0,63.5,1
2,54.2,4,6,15,2,0,72.8,1
2,81.4,3,4,13,3,0,95.9,3
6,83.6,4,3,0,5,1,100.0,3
6,52.8,4,4,12,1,0,74.6,1
5,46.1,3,0,19,1,0,56.5,0
3,74.2,4,4,9,5,1,94.7,3
5,81.8,5,5,23,6,1,100.0,3
4,67.0,3,7,9,3,0,88.6,3
5,68.6,2,7,8,1,0,86.1,2
1,74.3,4,5,12,0,0,96.3,3
4,46.9,5,7,2,3,0,74.1,1
6,83.8,0,7,17,0,0,92.3,3
2,56.4,3,4,19,4,0,72.2,1
6,68.3,3,1,1,5,1,75.6,2
3,61.1,6,5,16,3,0,84.4,2
4,61.1,5,1,18,6,1,83.7,2
4,71.6,2,2,22,3,0,79.4,2
1,84.8,6,7,12,2,0,100.0,3
3,69.7,4,0,12,2,0,84.5,2
2,75.7,3,4,0,5,1,88.5,3
4,41.2,7,0,1,6,1,61.2,1
4,76.5,3,0,0,3,0,83.8,2
1,53.5,5,7,23,4,0,87.3,2
5,45.7,3,1,4,6,1,53.9,0
2,45.1,8,5,23,1,0,88.7,3
6,70.6,1,6,2,5,1,80.3,2
3,84.9,1,4,6,6,1,91.4,3
4,70.0,4,6,23,5,1,95.9,3
4,51.8,3,7,21,6,1,77.5,2
6,49.1,4,2,12,2,0,69.0,1
2,63.7,6,3,22,4,0,94.4,3
5,42.9,1,6,17,5,1,57.0,0
4,58.0,4,7,23,4,0,85.1,2
2,70.0,6,7,20,5,1,100.0,3
6,83.5,4,2,6,2,0,97.2,3
1,59.2,2,1,0,1,0,64.7,1
5,49.0,2,2,4,2,0,56.0,0
3,76.8,0,1,16,5,1,75.4,2
4,73.5,4,1,7,4,0,86.4,2
2,78.7,4,6,14,0,0,99.6,3
1,49.7,4,0,19,2,0,65.9,1
3,58.2,2,5,3,4,0,68.8,1
2,84.2,5,4,1,6,1,100.0,3
2,47.1,5,7,4,6,1,75.8,2
3,70.2,8,3,0,2,0,99.0,3
1,50.7,3,7,4,5,1,68.2,1
6,62.5,5,1,5,6,1,79.0,2
1,76.0,3,1,1,4,0,85.7,2
5,62.0,4,7,0,1,0,85.2,2
4,76.2,5,6,3,4,0,100.0,3
3,59.2,2,6,6,6,1,71.6,1
6,85.0,7,7,21,6,1,100.0,3
3,59.6,3,0,0,3,0,63.4,1
3,46.7,4,3,0,0,0,62.4,1
1,58.1,4,1,7,5,1,70.3,1
4,73.4,4,4,19,4,0,96.5,3
5,78.2,7,6,15,6,1,100.0,3
2,60.7,5,6,20,5,1,90.6,3
2,66.8,3,4,12,2,0,84.1,2
3,78.0,1,0,22,2,0,80.4,2
4,76.6,4,1,23,4,0,93.8,3
6,69.6,5,3,22,3,0,95.0,3
1,76.7,7,0,17,6,1,93.4,3
4,65.9,2,0,19,4,0,69.6,1
4,40.2,0,6,9,1,0,50.2,0
1,41.9,6,2,11,3,0,70.4,1
3,84.1,2,7,0,6,1,100.0,3
4,46.5,5,0,9,6,1,67.1,1
2,58.2,3,2,8,5,1,69.4,1
1,82.0,6,7,2,4,0,100.0,3
6,48.8,5,6,18,6,1,81.6,2
5,78.0,8,6,8,5,1,100.0,3
3,76.8,6,2,9,6,1,100.0,3
1,84.4,4,5,18,0,0,100.0,3
5,52.7,5,1,15,3,0,68.9,1
5,54.2,7,4,23,4,0,89.5,3
6,80.6,3,7,17,0,0,100.0,3
4,50.5,3,3,13,4,0,62.9,1
6,64.7,3,5,2,1,0,81.9,2
4,71.8,5,7,1,2,0,99.3,3
4,52.2,6,0,0,5,1,68.7,1
1,82.2,9,7,17,4,0,100.0,3
1,70.0,8,7,23,3,0,100.0,3
3,42.1,2,5,8,4,0,57.0,0
4,46.1,4,1,12,4,0,61.9,1
5,48.6,7,7,1,4,0,80.4,2
2,51.0,1,3,6,6,1,58.4,0
3,72.9,8,0,15,4,0,92.1,3
1,44.0,7,4,20,6,1,80.9,2
6,55.8,4,4,18,3,0,76.2,2
3,81.0,2,2,14,3,0,89.2,3
3,65.1,4,2,21,4,0,83.4,2
3,51.9,2,6,10,6,1,70.1,1
3,83.1,6,3,0,2,0,100.0,3
2,51.0,3,0,20,4,0,60.7,1
6,80.7,1,2,6,5,1,85.7,2
6,72.7,4,1,19,5,1,88.4,3
6,73.3,3,5,7,3,0,90.5,3
4,74.4,8,7,9,5,1,100.0,3
5,62.8,3,5,4,5,1,80.0,2
6,76.7,5,7,8,1,0,100.0,3
3,77.6,4,5,0,4,0,96.9,3
3,56.2,6,6,1,4,0,85.9,2
6,58.0,0,2,18,4,0,60.3,1
6,80.0,1,3,13,4,0,83.5,2
3,63.6,6,7,19,0,0,98.8,3
4,79.0,1,1,9,4,0,83.7,2
1,68.2,4,4,8,6,1,92.4,3
1,66.7,5,1,9,3,0,88.8,3
6,41.4,9,5,5,6,1,75.8,2
2,52.5,6,3,16,3,0,73.2,1
6,62.6,5,4,5,0,0,83.4,2
6,66.4,5,0,3,4,0,79.8,2
1,68.4,3,3,19,2,0,85.5,2
3,72.2,1,2,2,6,1,76.2,2
6,69.5,2,3,22,4,0,83.2,2
3,78.2,6,3,18,3,0,100.0,3
3,53.3,4,3,17,6,1,66.9,1
2,68.9,2,4,23,1,0,82.0,2
3,42.3,4,3,3,5,1,56.0,0
1,61.6,4,0,7,1,0,72.6,1
4,52.1,5,3,16,2,0,68.7,1
4,57.1,3,2,4,4,0,65.0,1
5,56.0,3,6,12,0,0,77.4,2
6,42.7,3,5,0,4,0,60.6,1
1,61.0,2,1,12,2,0,70.1,1
3,84.8,1,4,3,2,0,93.9,3
4,53.5,3,2,21,5,1,68.7,1
1,73.1,6,0,23,2,0,93.7,3
4,64.7,2,7,13,1,0,79.9,2
3,54.6,3,3,2,5,1,67.5,1
4,44.0,6,4,4,4,0,65.8,1
6,49.7,5,5,6,6,1,70.6,1
6,75.2,4,4,0,4,0,93.0,3
5,52.6,4,4,22,0,0,76.9,2
5,46.5,2,5,11,2,0,64.2,1
4,54.9,5,7,10,2,0,88.2,3
1,66.3,6,5,23,3,0,100.0,3
6,71.7,5,2,7,5,1,89.8,3
1,57.4,3,5,5,3,0,74.6,1
1,62.4,2,6,21,5,1,81.3,2
4,60.5,2,6,1,1,0,77.0,2
1,40.4,7,1,18,5,1,70.7,1
6,57.8,2,1,19,4,0,63.9,1
3,66.4,2,5,19,0,0,82.0,2
5,65.6,5,0,23,6,1,83.2,2
3,73.7,7,5,13,5,1,100.0,3
1,70.2,2,2,0,5,1,79.5,2
3,52.5,4,2,9,5,1,68.2,1
6,51.5,4,2,15,0,0,65.7,1
6,60.9,2,5,3,2,0,74.7,1
1,73.0,1,7,10,0,0,87.2,2
4,44.2,3,3,15,2,0,56.9,0
3,82.7,8,2,19,6,1,100.0,3
4,64.4,7,2,0,4,0,85.9,2
4,53.8,5,4,15,0,0,75.6,2
2,71.2,4,5,18,2,0,93.1,3
1,42.0,3,5,20,4,0,59.2,0
5,61.8,9,6,21,4,0,100.0,3
6,61.9,1,4,8,2,0,69.5,1
6,47.3,1,6,8,2,0,57.7,0
1,77.7,7,4,8,1,0,100.0,3
5,75.9,3,2,16,4,0,85.5,2
6,46.9,2,2,11,2,0,57.1,0
1,56.4,8,5,12,4,0,100.0,3
6,44.5,5,4,7,0,0,62.8,1
4,78.2,2,7,15,6,1,97.3,3
3,54.5,1,0,17,3,0,53.8,0
3,59.8,4,0,0,3,0,70.4,1
6,54.6,4,1,0,5,1,67.0,1
2,54.0,3,3,11,2,0,72.0,1
5,73.6,6,3,5,2,0,97.3,3
5,73.6,2,1,8,4,0,81.6,2
5,63.3,3,6,22,5,1,83.0,2
4,69.6,5,4,4,2,0,89.5,3
5,63.0,0,4,15,4,0,67.3,1
3,41.3,1,2,17,2,0,44.3,0
4,43.0,1,7,16,4,0,56.4,0
1,57.3,1,6,17,2,0,69.9,1
5,73.7,6,3,0,1,0,93.2,3
5,81.1,8,2,18,6,1,100.0,3
1,41.3,2,2,21,4,0,49.3,0
5,56.6,6,3,7,6,1,75.9,2
1,50.1,2,4,2,1,0,63.4,1
4,76.7,4,6,4,1,0,97.9,3
3,78.1,1,7,22,1,0,92.4,3
1,49.3,4,0,7,1,0,58.4,0
2,72.0,9,4,18,0,0,100.0,3
1,72.9,3,4,17,6,1,84.7,2
5,48.0,3,7,17,5,1,69.7,1
4,59.5,4,7,20,6,1,88.5,3
6,67.9,5,2,0,3,0,85.3,2
4,41.2,3,2,14,0,0,51.1,0
6,58.2,4,6,17,2,0,79.9,2
1,47.0,1,2,6,2,0,51.3,0
3,64.4,6,3,15,5,1,85.6,2
2,77.9,2,3,15,3,0,86.8,2
4,63.6,6,1,14,3,0,81.2,2
5,41.6,3,2,5,3,0,53.5,0
6,41.3,1,3,8,1,0,48.0,0
5,67.2,5,1,6,0,0,83.7,2
3,54.8,2,6,13,2,0,69.0,1
6,65.8,5,5,10,0,0,93.5,3
4,47.4,9,2,20,0,0,88.4,3
1,75.0,4,2,15,0,0,89.9,3
5,78.7,4,0,5,3,0,86.3,2
3,80.0,5,3,21,5,1,100.0,3
4,53.7,4,1,15,5,1,62.6,1
4,69.7,6,2,19,3,0,96.8,3
4,52.6,3,3,15,2,0,65.4,1
4,74.3,3,1,11,2,0,86.9,2
6,45.4,5,0,16,2,0,59.3,0
4,74.3,6,7,4,5,1,100.0,3
5,59.8,4,1,12,5,1,77.6,2
3,78.5,5,2,7,0,0,92.9,3
6,73.3,7,4,23,3,0,100.0,3
4,56.9,2,7,4,1,0,73.5,1
2,80.7,8,6,11,0,0,100.0,3
2,52.8,3,4,8,4,0,71.5,1
3,83.5,4,0,2,5,1,94.0,3
1,74.5,4,5,2,0,0,91.7,3
1,84.6,8,2,0,3,0,100.0,3
6,42.4,6,2,21,4,0,67.7,1
6,52.3,3,7,17,6,1,73.4,1
6,73.4,2,3,23,0,0,86.1,2
1,81.5,5,7,11,3,0,100.0,3
2,41.3,4,7,8,3,0,70.3,1
1,40.0,2,4,8,5,1,55.4,0
5,51.5,6,3,17,1,0,73.6,1
4,78.4,2,2,17,0,0,87.4,2
6,74.5,2,0,6,3,0,79.5,2
2,55.3,2,7,3,2,0,72.8,1
3,40.1,7,7,12,3,0,81.5,2
3,65.0,5,5,16,1,0,88.0,3
4,50.7,3,4,23,3,0,70.7,1
2,73.6,4,6,1,5,1,96.3,3
1,60.1,2,3,13,6,1,66.7,1
1,70.5,8,0,2,0,0,91.9,3
5,78.4,2,2,4,5,1,83.4,2
5,64.1,6,7,13,0,0,95.8,3
1,55.1,2,7,2,4,0,74.4,1
3,74.6,7,1,22,0,0,100.0,3
6,51.9,3,1,6,4,0,60.5,1
3,80.1,4,4,17,5,1,97.9,3
5,43.2,3,5,12,2,0,64.1,1
4,77.6,10,5,22,1,0,100.0,3
1,44.1,3,0,21,2,0,52.1,0
5,42.5,4,3,9,4,0,64.7,1
5,56.3,3,6,12,3,0,78.0,2
6,83.0,6,0,15,3,0,99.1,3
1,84.3,8,4,8,2,0,100.0,3
6,49.1,1,2,1,3,0,51.4,0
1,46.7,2,5,22,4,0,60.0,1
6,55.9,2,0,4,5,1,60.2,1
3,55.2,4,7,21,1,0,85.3,2
4,74.2,1,4,16,6,1,82.5,2
4,60.0,7,6,22,0,0,99.4,3
1,75.1,2,7,21,4,0,96.6,3
2,73.7,3,4,3,6,1,87.8,2
5,66.0,2,3,16,4,0,72.6,1
5,77.5,2,2,8,0,0,87.3,2
1,48.8,2,0,19,0,0,52.1,0
6,47.3,6,4,1,1,0,68.9,1
2,73.8,5,2,23,1,0,96.5,3
3,51.0,5,7,17,1,0,76.2,2
6,40.1,5,3,20,3,0,66.0,1
6,81.0,1,6,21,4,0,95.7,3
1,68.0,3,7,10,5,1,94.1,3
1,60.0,3,7,12,0,0,85.8,2
5,72.7,4,4,7,4,0,89.1,3
1,55.0,5,3,0,6,1,71.3,1
1,82.9,5,2,16,4,0,96.8,3
1,43.1,2,3,11,1,0,54.4,0
5,68.8,3,0,3,1,0,76.6,2
3,75.0,5,3,20,4,0,100.0,3
3,61.1,12,6,12,1,0,100.0,3
1,74.0,3,1,8,3,0,84.0,2
5,81.7,4,1,6,0,0,92.7,3
3,73.5,5,1,22,6,1,95.1,3
6,53.9,2,1,23,4,0,61.1,1
3,65.3,2,0,4,0,0,66.4,1
3,81.0,3,7,4,3,0,100.0,3
5,60.2,4,4,16,6,1,74.8,1
6,70.7,4,1,8,1,0,88.6,3
5,60.9,4,7,5,2,0,81.6,2
1,45.5,6,5,18,3,0,77.8,2
4,42.6,4,1,15,2,0,53.4,0
3,82.9,3,6,20,0,0,100.0,3
4,67.6,3,4,1,4,0,83.8,2
5,44.7,3,1,9,6,1,55.0,0
5,78.6,4,5,15,1,0,98.8,3
5,63.5,5,4,4,6,1,84.5,2
4,74.7,7,1,14,3,0,95.1,3
5,45.7,7,5,12,1,0,85.0,2
1,80.8,6,7,12,2,0,100.0,3
5,66.6,3,4,12,2,0,86.2,2
2,73.2,4,4,14,5,1,89.1,3
4,41.4,6,2,13,6,1,62.4,1
2,54.2,4,3,7,4,0,69.2,1
5,52.0,2,4,10,2,0,66.9,1
1,82.7,6,1,17,4,0,100.0,3
3,48.3,4,0,23,5,1,64.7,1
6,71.8,2,4,3,3,0,83.3,2
6,41.9,5,1,9,5,1,64.1,1
5,48.9,4,7,0,4,0,71.7,1
1,55.2,4,4,4,2,0,70.7,1
4,75.8,2,2,12,0,0,83.1,2
2,75.5,5,0,0,4,0,85.6,2
2,82.9,3,0,22,1,0,94.4,3
2,81.3,5,1,7,0,0,95.4,3
4,43.7,4,3,2,6,1,60.7,1
6,77.3,6,6,2,4,0,100.0,3
1,60.3,5,2,6,1,0,77.9,2
4,79.0,2,3,3,6,1,90.2,3
2,44.0,4,0,2,5,1,51.0,0
5,77.0,3,6,14,0,0,93.6,3
3,47.2,7,5,7,4,0,75.6,2
4,55.0,5,0,2,3,0,68.0,1
4,41.3,4,6,6,5,1,62.8,1
1,45.6,4,5,17,1,0,66.1,1
1,60.1,4,7,10,3,0,85.7,2
4,76.8,6,7,10,2,0,100.0,3
2,74.8,4,7,16,5,1,100.0,3
3,50.6,3,3,5,5,1,62.2,1
1,46.8,2,5,7,4,0,58.4,0
2,57.5,4,5,0,4,0,74.3,1
5,79.7,6,4,9,1,0,100.0,3
1,44.1,6,7,18,5,1,82.4,2
2,64.4,3,7,2,4,0,84.9,2
2,44.0,6,3,3,2,0,66.3,1
3,61.2,2,5,10,6,1,78.8,2
3,45.7,3,3,14,6,1,58.2,0
5,43.6,1,5,0,6,1,51.8,0
2,48.6,8,4,8,4,0,88.6,3
6,51.5,3,7,10,5,1,73.4,1
2,52.4,2,4,18,6,1,64.5,1
3,69.0,4,5,12,0,0,91.9,3
6,42.5,2,4,15,3,0,53.9,0
1,43.6,4,2,3,5,1,59.0,0
1,48.5,4,0,0,2,0,55.7,0
4,79.2,3,5,19,5,1,98.2,3
3,68.3,3,0,12,2,0,80.0,2
4,72.9,4,4,0,5,1,92.1,3
6,56.7,3,5,4,6,1,72.0,1
3,49.6,5,5,4,3,0,72.2,1
5,41.7,3,7,13,3,0,63.2,1
2,62.0,3,4,22,2,0,80.9,2
5,65.8,3,7,13,5,1,86.4,2
6,80.4,4,2,7,3,0,92.2,3
3,79.7,3,2,3,1,0,91.2,3
6,59.1,2,1,6,5,1,62.9,1
2,59.1,4,3,19,3,0,80.7,2
1,47.3,1,6,18,0,0,58.8,0
1,51.6,2,0,14,0,0,52.4,0
6,81.7,3,5,21,1,0,100.0,3
4,46.3,5,0,3,3,0,57.9,0
3,83.6,1,7,18,0,0,99.6,3
3,62.7,5,7,8,6,1,93.0,3
1,60.5,4,2,20,5,1,78.9,2
5,47.9,1,3,12,4,0,54.8,0
2,69.8,3,2,13,3,0,80.9,2
5,60.7,1,6,22,1,0,75.1,2
5,56.7,3,5,13,3,0,74.0,1
6,51.9,5,6,21,2,0,82.4,2
1,43.0,4,7,9,2,0,72.8,1
1,63.4,3,7,15,0,0,83.9,2
1,54.1,5,1,4,2,0,68.9,1
6,71.9,4,7,22,1,0,100.0,3
4,72.6,5,5,5,0,0,95.2,3
5,54.9,5,1,1,1,0,70.3,1
6,70.1,2,1,12,5,1,78.0,2
3,51.6,5,5,12,1,0,78.0,2
2,72.7,8,5,18,2,0,100.0,3
4,40.7,6,2,17,5,1,62.2,1
3,46.8,4,3,18,2,0,64.7,1
5,51.0,10,5,0,1,0,90.2,3
1,74.8,3,4,7,2,0,89.7,3
5,43.0,1,0,21,2,0,44.6,0
6,48.5,7,4,15,2,0,77.0,2
2,56.1,8,7,1,3,0,90.5,3
6,40.4,9,3,7,5,1,72.9,1
4,74.3,3,6,5,5,1,91.2,3
4,65.2,4,5,15,6,1,85.6,2
2,80.5,3,2,22,5,1,93.2,3
3,41.4,6,2,10,6,1,65.8,1
3,52.2,4,5,16,1,0,71.3,1
4,72.9,4,2,22,6,1,91.8,3
4,70.4,2,1,18,6,1,78.2,2
1,50.9,3,1,10,4,0,63.1,1
3,66.8,6,1,7,1,0,86.1,2
2,75.7,1,4,21,5,1,83.0,2
3,41.5,5,7,3,0,0,68.4,1
1,72.3,6,5,10,2,0,100.0,3
6,51.3,5,5,7,2,0,74.7,1
4,82.7,4,6,8,4,0,100.0,3
4,64.2,2,0,1,0,0,65.1,1
1,41.5,3,2,15,3,0,51.8,0
2,58.2,4,2,5,6,1,72.0,1
4,83.5,5,4,20,1,0,100.0,3
5,72.9,3,6,20,3,0,92.5,3
4,53.5,3,6,18,0,0,75.5,2
5,65.9,4,5,7,4,0,83.1,2
1,67.0,4,0,13,0,0,77.1,2
1,41.1,7,0,23,4,0,65.8,1
4,48.0,7,4,15,3,0,74.6,1
3,64.8,6,2,11,3,0,93.3,3
5,58.1,5,3,4,0,0,76.8,2
2,48.6,3,6,23,0,0,69.3,1
4,74.8,6,3,23,6,1,100.0,3
2,62.0,3,0,18,2,0,73.5,1
4,53.9,2,6,17,4,0,68.5,1
3,47.3,4,7,8,2,0,75.1,2
3,67.5,3,0,1,1,0,74.3,1
3,70.0,4,2,19,1,0,88.4,3
6,70.1,5,0,11,0,0,89.5,3
3,49.9,5,7,1,3,0,77.2,2
1,66.8,3,4,9,1,0,84.2,2
1,80.7,7,3,0,1,0,100.0,3
6,55.9,7,6,3,2,0,86.5,2
5,49.5,7,3,11,2,0,83.5,2
2,74.7,9,0,8,6,1,100.0,3
4,48.0,3,4,3,6,1,59.5,0
4,51.4,4,7,8,1,0,78.2,2
6,44.5,1,5,5,0,0,52.4,0
1,52.1,2,0,0,2,0,55.5,0
4,58.5,4,0,9,1,0,71.4,1
1,42.9,0,5,13,3,0,49.6,0
5,79.2,4,7,21,2,0,100.0,3
2,63.1,5,4,17,1,0,83.7,2
5,66.5,4,4,5,6,1,85.4,2
6,56.7,6,1,17,4,0,71.9,1
3,70.1,5,6,19,2,0,99.5,3
3,59.4,5,3,15,4,0,77.2,2
3,74.3,6,0,14,2,0,89.4,3
5,77.0,4,2,15,2,0,88.9,3
4,70.2,7,0,7,6,1,88.6,3
2,62.1,8,0,12,5,1,95.0,3
3,75.2,6,2,22,5,1,100.0,3
6,62.2,3,5,10,4,0,82.5,2
6,45.0,7,3,6,0,0,69.2,1
3,45.2,2,1,16,1,0,50.7,0
3,82.7,4,4,17,0,0,99.6,3
2,49.6,6,1,21,0,0,73.5,1
3,76.7,2,0,22,5,1,80.4,2
2,51.1,5,0,18,1,0,70.5,1
6,59.4,7,6,12,5,1,97.8,3
3,69.5,2,2,14,5,1,74.3,1
5,47.1,3,5,22,6,1,68.5,1
5,73.2,5,2,21,5,1,94.6,3
6,71.0,3,0,21,3,0,78.6,2
2,64.4,5,1,0,0,0,77.8,2
5,65.5,1,6,15,6,1,79.2,2
2,44.8,5,1,4,6,1,60.1,1
5,59.6,1,3,2,0,0,66.8,1
5,43.9,1,5,22,6,1,52.7,0
2,53.9,2,7,9,0,0,70.6,1
4,80.5,2,0,18,3,0,86.1,2
5,65.9,3,5,4,2,0,79.8,2
3,73.4,3,4,6,6,1,89.2,3
6,65.8,6,4,13,4,0,91.7,3
4,48.7,5,1,2,4,0,62.6,1
2,66.8,1,2,12,3,0,69.2,1
4,74.0,4,2,12,0,0,91.7,3
1,46.2,2,1,9,4,0,51.1,0
1,76.8,1,3,1,3,0,82.7,2
5,65.0,5,0,5,5,1,77.8,2
5,40.2,2,7,7,1,0,54.8,0
3,63.4,3,4,3,4,0,79.6,2
6,57.8,2,1,11,1,0,65.9,1
4,53.3,7,5,14,0,0,82.2,2
1,74.7,4,2,7,4,0,89.9,3
5,80.5,2,0,6,3,0,83.2,2
6,74.3,5,4,13,2,0,95.2,3
4,78.1,5,3,22,4,0,100.0,3
5,80.9,4,1,18,4,0,96.0,3
5,81.1,5,0,13,4,0,95.5,3
1,45.2,3,5,21,4,0,62.5,1
1,60.5,7,4,12,3,0,95.6,3
5,40.0,4,3,20,3,0,58.3,0
2,62.8,4,2,0,2,0,76.8,2
5,81.6,6,0,18,3,0,100.0,3
6,49.0,0,5,0,3,0,53.4,0
5,68.8,5,7,3,0,0,97.0,3
3,69.0,2,1,9,6,1,78.2,2
3,47.2,3,4,2,0,0,60.2,1
3,50.7,5,6,19,6,1,81.3,2
2,60.8,3,7,8,1,0,83.3,2
2,48.5,5,6,2,2,0,73.1,1
5,66.3,4,2,5,6,1,80.9,2
3,61.8,3,5,5,0,0,76.7,2
2,63.4,4,5,22,2,0,89.7,3
1,46.1,2,7,11,2,0,65.6,1
5,63.3,3,2,22,4,0,77.1,2
6,42.2,8,4,0,5,1,74.0,1
4,79.7,1,4,15,5,1,88.6,3
5,55.4,3,4,23,5,1,74.3,1
4,78.5,6,0,4,2,0,92.0,3
3,71.6,2,1,8,4,0,78.8,2
4,74.5,6,2,9,1,0,100.0,3
3,54.2,5,6,12,1,0,86.8,2
1,50.2,4,3,14,5,1,67.3,1
4,58.3,7,4,11,1,0,93.1,3
5,41.1,2,6,4,4,0,54.2,0
3,81.3,2,1,4,5,1,88.4,3
5,57.4,4,3,17,6,1,70.1,1
2,84.5,4,0,11,6,1,96.6,3
3,74.3,10,7,2,4,0,100.0,3
4,43.6,3,2,6,1,0,56.0,0
3,69.7,7,1,16,5,1,90.7,3
5,52.2,2,6,18,6,1,68.0,1
1,51.0,2,7,17,4,0,66.5,1
3,51.5,4,1,0,3,0,63.4,1
4,81.2,3,2,23,6,1,93.0,3
2,62.5,3,2,4,3,0,71.8,1
6,70.1,4,5,1,4,0,86.8,2
1,52.6,6,6,0,4,0,80.9,2
2,63.5,3,4,6,0,0,76.8,2
3,55.8,5,6,10,6,1,86.5,2
5,54.5,2,7,10,0,0,73.0,1
5,51.1,3,2,17,2,0,62.3,1
4,58.4,3,1,16,6,1,66.9,1
5,69.7,4,4,1,5,1,84.6,2
1,50.0,5,6,6,2,0,75.3,2
5,83.4,5,2,6,2,0,99.1,3
4,45.6,3,7,9,1,0,67.1,1
6,61.6,4,3,21,3,0,81.7,2
3,43.8,5,6,20,1,0,73.2,1
3,41.0,3,3,2,5,1,51.7,0
5,81.5,3,2,11,4,0,94.9,3
2,76.5,4,5,2,0,0,96.2,3
3,71.2,4,6,10,5,1,95.7,3
6,78.9,2,1,11,4,0,85.9,2
5,76.1,3,4,3,5,1,92.0,3
4,69.1,1,5,15,4,0,76.9,2
6,78.1,5,4,19,6,1,100.0,3
5,57.6,4,4,17,0,0,74.7,1
6,64.9,7,0,3,4,0,84.9,2
3,74.9,4,7,21,2,0,100.0,3
4,43.8,1,2,5,5,1,49.3,0
5,78.6,6,5,20,0,0,100.0,3
1,47.1,1,0,14,4,0,46.6,0
4,78.9,9,5,0,2,0,100.0,3
1,54.0,4,0,2,2,0,62.8,1
6,54.7,7,3,4,6,1,79.7,2
2,43.3,3,4,21,3,0,61.1,1
4,79.9,5,0,16,2,0,91.6,3
6,47.9,2,6,13,1,0,61.0,1
1,68.4,4,1,8,0,0,86.6,2
3,69.0,2,2,2,0,0,73.6,1
3,52.7,4,7,12,0,0,82.7,2
2,84.4,6,1,2,4,0,100.0,3
4,42.9,5,7,10,5,1,76.1,2
4,67.4,3,4,1,4,0,81.1,2
4,61.6,4,3,23,1,0,82.3,2
6,51.0,7,1,14,5,1,73.0,1
2,47.4,4,1,12,6,1,64.6,1
4,73.2,4,5,18,2,0,94.7,3
6,81.2,2,6,21,4,0,96.8,3
3,44.8,4,0,15,5,1,52.4,0
1,48.7,9,1,17,2,0,76.0,2
6,84.4,6,3,6,5,1,100.0,3
3,40.7,7,7,12,2,0,84.0,2
3,62.9,3,7,3,5,1,84.7,2
1,63.2,3,1,8,4,0,76.1,2
3,51.8,5,1,9,4,0,71.5,1
2,69.8,6,7,8,1,0,100.0,3
1,82.5,5,7,6,6,1,100.0,3
3,60.3,2,4,14,6,1,72.7,1
5,73.7,3,5,7,3,0,88.2,3
6,69.1,7,3,18,0,0,100.0,3
3,61.3,3,1,10,4,0,71.2,1
2,42.2,1,4,4,4,0,52.3,0
4,73.4,3,2,1,2,0,84.2,2
3,56.3,4,1,9,3,0,71.7,1
4,50.1,8,1,15,6,1,76.3,2
5,82.7,4,4,22,4,0,100.0,3
3,74.8,6,5,12,5,1,100.0,3
1,83.3,2,7,7,6,1,100.0,3
4,51.5,7,4,8,3,0,87.0,2
5,77.6,2,6,10,0,0,95.8,3
1,67.3,7,4,10,5,1,100.0,3
1,84.2,6,7,22,2,0,100.0,3
1,82.6,6,1,15,1,0,99.6,3
1,83.8,2,0,9,5,1,91.5,3
3,82.8,5,7,23,6,1,100.0,3
6,40.3,4,7,11,0,0,70.7,1
3,73.3,6,7,5,5,1,100.0,3
3,52.2,4,0,11,3,0,65.0,1
5,71.7,2,4,9,3,0,85.5,2
5,84.1,2,0,17,0,0,89.3,3
6,41.8,7,2,17,6,1,62.3,1
5,65.5,2,7,3,3,0,83.0,2
2,73.1,9,0,8,5,1,100.0,3
6,51.4,4,0,6,1,0,58.9,0
5,50.1,1,1,17,5,1,51.0,0
6,42.7,8,5,7,1,0,75.3,2
3,44.2,7,0,10,3,0,71.1,1
3,69.6,3,4,6,5,1,85.5,2
6,62.7,2,6,8,3,0,80.1,2
2,41.4,5,1,7,6,1,56.0,0
2,83.6,3,6,2,1,0,100.0,3
6,69.5,2,0,16,6,1,70.8,1
5,63.2,1,6,1,3,0,73.0,1
4,52.3,3,7,14,4,0,70.4,1
2,69.6,8,2,13,2,0,92.8,3
1,56.4,4,1,17,5,1,66.5,1
3,71.6,3,5,15,4,0,87.0,2
6,70.7,3,1,19,6,1,84.1,2
1,44.2,1,1,21,3,0,47.2,0
6,80.9,3,0,3,3,0,87.2,2
3,61.9,2,5,19,2,0,76.0,2
3,57.7,8,4,5,3,0,88.5,3
2,83.0,3,3,5,2,0,93.1,3
2,59.7,5,5,10,5,1,89.5,3
1,72.5,6,3,16,1,0,93.9,3
6,69.5,2,3,23,2,0,78.5,2
3,47.4,7,0,2,2,0,66.8,1
1,84.6,7,2,12,4,0,100.0,3
4,60.9,4,1,21,3,0,77.7,2
1,57.8,3,1,2,5,1,65.6,1
5,81.4,5,6,15,1,0,100.0,3
1,63.8,1,5,14,0,0,71.9,1
5,71.7,2,4,10,6,1,83.3,2
5,78.1,4,6,17,2,0,100.0,3
5,50.6,6,5,14,0,0,74.2,1
4,47.6,3,1,4,3,0,57.3,0
1,43.1,6,4,15,6,1,67.6,1
1,80.4,5,5,15,2,0,100.0,3
4,49.0,5,0,16,0,0,63.0,1
3,53.8,4,3,8,4,0,75.1,2
2,52.9,7,5,22,0,0,90.8,3
1,53.7,6,6,2,6,1,79.6,2
2,70.1,1,4,19,4,0,79.8,2
6,82.9,6,4,12,6,1,100.0,3
6,54.8,4,1,21,1,0,72.3,1
4,58.3,8,0,2,3,0,79.5,2
6,74.7,3,3,6,5,1,84.4,2
6,59.5,5,0,5,0,0,74.0,1
3,81.7,2,3,8,2,0,90.9,3
3,62.6,3,2,11,6,1,77.9,2
3,55.6,1,0,14,6,1,54.9,0
6,83.7,7,2,20,3,0,100.0,3
4,59.2,3,3,19,0,0,74.4,1
5,50.4,2,4,2,2,0,60.6,1
5,48.0,4,7,9,2,0,74.5,1
2,84.8,5,7,0,6,1,100.0,3
5,73.9,4,2,18,5,1,89.8,3
5,58.4,5,6,18,6,1,89.4,3
3,77.2,4,6,22,5,1,100.0,3
3,64.6,6,3,22,6,1,93.9,3
6,54.3,5,3,12,6,1,79.6,2
2,73.5,3,6,11,2,0,95.3,3
1,73.6,7,7,0,5,1,100.0,3
2,62.5,1,2,18,2,0,68.0,1
2,42.0,6,5,23,0,0,72.9,1
4,43.5,7,0,15,6,1,61.3,1
6,75.5,1,5,22,1,0,87.9,2
4,77.1,8,7,22,5,1,100.0,3
2,70.5,2,4,14,4,0,82.7,2
2,77.8,0,7,15,4,0,88.7,3
2,72.4,4,3,10,4,0,93.0,3
5,80.4,4,0,23,1,0,92.6,3
4,46.8,11,3,5,2,0,83.5,2
2,57.4,2,3,10,2,0,67.0,1
3,60.9,2,7,2,3,0,75.2,2
6,53.4,3,6,14,4,0,72.4,1
6,72.6,8,3,0,4,0,100.0,3
3,81.1,1,0,6,2,0,79.7,2
6,58.6,3,1,0,4,0,66.5,1
5,82.4,3,4,16,2,0,97.2,3
5,63.3,4,4,8,6,1,83.7,2
1,63.5,3,1,22,6,1,73.2,1
1,67.0,2,3,12,2,0,79.4,2
1,52.1,4,1,10,5,1,69.2,1
6,57.3,4,5,19,2,0,80.9,2
5,64.9,2,2,5,0,0,70.1,1
5,82.4,4,2,0,0,0,95.4,3
5,68.9,6,0,6,0,0,86.5,2
3,55.0,7,0,11,0,0,83.1,2
5,40.5,3,2,21,1,0,54.1,0
3,84.2,5,5,19,3,0,100.0,3
1,62.2,3,5,22,3,0,80.4,2
1,82.2,3,1,18,2,0,92.6,3
6,64.7,2,7,16,6,1,83.5,2
1,67.2,1,6,3,4,0,78.3,2
6,72.0,6,7,2,0,0,100.0,3
2,54.4,6,5,0,3,0,80.8,2
2,71.5,2,7,17,3,0,86.6,2
4,63.7,5,0,20,0,0,82.8,2
6,70.3,0,6,14,6,1,80.3,2
4,77.6,6,1,7,1,0,94.0,3
4,48.3,4,0,0,1,0,59.2,0
2,67.6,4,7,19,3,0,96.6,3
6,42.3,3,4,13,1,0,56.6,0
2,44.6,2,1,3,5,1,51.2,0
4,70.4,2,2,4,0,0,78.2,2
6,43.2,9,2,22,6,1,82.4,2
4,66.8,11,5,12,3,0,100.0,3
5,49.9,5,6,23,0,0,78.6,2
6,53.7,2,0,14,1,0,58.3,0
6,45.8,7,1,5,0,0,64.6,1
4,51.2,4,3,0,1,0,68.4,1
5,77.0,7,6,22,6,1,100.0,3
3,68.7,2,7,18,1,0,89.5,3
2,82.7,6,2,12,0,0,100.0,3
4,42.2,4,2,5,6,1,57.6,0
6,75.7,7,1,14,1,0,95.8,3
2,71.5,1,1,15,5,1,75.5,2
2,51.7,6,0,23,2,0,73.3,1
2,72.8,4,7,22,0,0,100.0,3
3,72.2,6,7,15,2,0,100.0,3
1,60.7,6,5,9,0,0,91.9,3
4,71.0,0,5,21,1,0,75.5,2
1,60.0,6,3,8,1,0,89.5,3
1,55.1,1,7,8,6,1,69.8,1
1,61.0,2,6,16,3,0,74.6,1
2,80.3,4,2,16,5,1,91.8,3
5,57.3,9,1,16,3,0,82.7,2
2,58.2,5,7,23,2,0,88.8,3
2,67.4,6,2,11,1,0,92.1,3
6,73.9,1,6,12,3,0,86.0,2
6,73.1,3,7,11,1,0,98.3,3
1,40.9,3,3,13,0,0,51.2,0
2,70.9,2,5,9,3,0,86.4,2
1,60.3,6,7,22,2,0,99.3,3
6,63.6,3,5,18,6,1,82.6,2
5,65.3,4,6,1,3,0,85.2,2
4,72.9,4,4,3,1,0,90.2,3
1,77.4,6,4,18,4,0,100.0,3
5,69.1,8,3,6,4,0,96.5,3
4,65.4,4,1,14,6,1,77.7,2
3,56.8,7,4,14,6,1,84.0,2
1,46.2,4,6,23,5,1,70.7,1
1,83.1,6,6,5,6,1,100.0,3
3,60.8,4,1,2,1,0,71.6,1
3,65.5,6,0,5,0,0,83.2,2
1,73.8,1,2,15,3,0,78.9,2
3,43.1,7,6,1,6,1,74.3,1
2,78.5,3,7,6,4,0,100.0,3
4,75.9,2,0,10,0,0,79.4,2
4,74.8,4,7,6,1,0,96.1,3
4,41.0,6,6,3,0,0,70.1,1
2,63.7,4,6,23,1,0,87.7,2
3,42.4,4,4,19,5,1,65.8,1
5,64.8,3,4,6,3,0,81.2,2
3,72.3,5,1,3,0,0,85.4,2
1,45.5,5,4,11,3,0,71.8,1
6,71.3,3,1,4,0,0,79.2,2
4,60.2,4,3,22,1,0,82.7,2
3,76.5,6,4,18,1,0,100.0,3
5,64.0,5,3,4,0,0,80.6,2
1,55.1,10,3,18,5,1,99.0,3
2,54.9,3,5,20,1,0,75.8,2
2,80.4,5,2,2,2,0,96.1,3
5,60.4,3,5,10,2,0,78.8,2
1,58.3,2,1,6,3,0,61.5,1
4,41.8,3,3,16,6,1,52.3,0
3,56.4,6,2,8,2,0,82.8,2
1,78.2,6,4,20,2,0,100.0,3
2,74.2,6,4,8,5,1,100.0,3
5,49.9,3,3,9,5,1,67.5,1
5,58.6,5,5,12,6,1,88.6,3
3,48.8,2,4,14,4,0,58.0,0
5,82.9,2,1,21,6,1,92.2,3
5,66.9,7,6,4,4,0,98.9,3
1,73.9,1,4,2,5,1,84.0,2
4,72.1,4,0,7,4,0,82.9,2
3,79.3,1,4,19,5,1,87.4,2
1,82.7,3,3,9,4,0,99.0,3
4,41.5,8,2,12,1,0,78.8,2
1,83.9,4,1,2,5,1,96.2,3
6,79.2,3,1,21,6,1,89.5,3
1,57.2,5,2,7,3,0,73.2,1
5,77.7,5,1,8,3,0,98.2,3
4,73.1,4,7,21,5,1,100.0,3
3,75.7,2,5,20,2,0,90.9,3
3,49.9,7,3,11,3,0,83.1,2
4,69.2,5,3,10,6,1,93.8,3
5,41.2,3,2,1,2,0,51.2,0
2,78.2,2,3,17,3,0,89.1,3
1,82.8,7,0,8,0,0,100.0,3
5,69.8,4,3,1,0,0,85.9,2
6,63.1,0,1,1,5,1,60.8,1
4,72.7,2,2,2,6,1,80.2,2
1,54.7,6,5,15,6,1,80.9,2
3,68.2,3,0,18,3,0,76.7,2
2,72.4,5,3,3,1,0,91.0,3
6,46.4,3,0,22,2,0,55.5,0
3,46.3,3,7,17,3,0,67.4,1
4,72.2,4,4,19,5,1,95.4,3
1,59.4,3,4,17,2,0,74.9,1
4,80.0,1,0,9,4,0,81.9,2
1,54.0,2,4,10,5,1,69.5,1
5,41.9,0,4,16,3,0,48.5,0
2,69.2,2,4,23,1,0,80.7,2
5,70.8,3,7,22,4,0,95.5,3
5,64.9,3,5,23,5,1,84.3,2
4,70.7,3,6,19,3,0,92.4,3
2,63.6,3,6,15,0,0,80.8,2
1,71.2,8,5,19,6,1,100.0,3
1,42.0,4,7,12,3,0,70.6,1
6,56.6,4,7,1,0,0,81.5,2
3,49.5,6,2,23,0,0,77.8,2
6,44.5,5,2,1,5,1,61.4,1
6,50.5,3,4,13,3,0,64.2,1
1,48.6,2,1,3,6,1,52.8,0
4,83.8,4,4,16,3,0,98.7,3
5,52.9,2,4,12,0,0,67.1,1
5,50.4,2,4,3,2,0,63.1,1
5,77.6,5,1,2,4,0,91.6,3
2,58.9,6,1,11,1,0,85.8,2
1,59.0,4,5,21,3,0,84.6,2
4,60.0,6,4,22,4,0,90.4,3
2,58.7,2,3,7,4,0,65.4,1
3,54.7,5,5,1,2,0,78.5,2
4,52.9,5,0,5,4,0,65.8,1
6,79.7,7,7,21,3,0,100.0,3
4,47.3,2,2,9,5,1,54.3,0
4,48.1,3,0,11,5,1,56.6,0
5,65.7,1,2,20,4,0,71.4,1
4,55.5,6,6,9,3,0,91.4,3
6,59.0,2,5,9,3,0,74.1,1
6,76.3,2,0,22,0,0,82.1,2
1,80.7,3,5,2,2,0,96.0,3
4,75.6,8,7,19,6,1,100.0,3
5,50.6,3,1,9,1,0,64.5,1
4,84.1,5,6,8,6,1,100.0,3
3,56.3,2,6,19,0,0,75.4,2
3,47.6,3,4,18,1,0,64.5,1
5,62.5,1,7,13,6,1,73.7,1
1,72.6,2,2,1,3,0,79.7,2
1,43.7,2,4,4,5,1,56.3,0
6,68.5,6,4,19,0,0,98.7,3
6,78.6,6,5,7,6,1,100.0,3
2,51.8,2,6,6,4,0,65.3,1
5,71.2,4,1,5,4,0,81.2,2
4,58.0,6,2,10,1,0,83.8,2
5,58.6,1,6,11,3,0,70.4,1
2,52.6,5,3,17,5,1,69.3,1
6,68.1,5,1,18,1,0,86.5,2
5,56.2,5,4,9,6,1,85.1,2
5,77.4,2,5,20,6,1,91.8,3
6,83.3,6,7,13,5,1,100.0,3
2,82.1,5,2,2,6,1,97.0,3
6,47.3,2,1,17,2,0,54.2,0
1,40.6,6,1,23,5,1,64.2,1
4,59.7,3,3,14,4,0,72.9,1
6,72.8,4,6,5,6,1,95.5,3
2,84.0,2,6,9,6,1,100.0,3
3,75.3,6,0,11,0,0,95.6,3
1,66.1,2,2,6,0,0,72.1,1
3,41.2,3,2,16,0,0,48.7,0
6,77.1,10,2,0,5,1,100.0,3
1,48.0,3,2,17,4,0,55.8,0
4,42.5,4,6,14,5,1,63.3,1
6,78.3,4,0,18,3,0,93.0,3
4,65.5,0,6,0,4,0,72.8,1
5,45.8,4,1,4,4,0,59.3,0
3,57.4,3,1,14,5,1,64.6,1
1,43.8,5,6,2,5,1,65.8,1
4,68.7,2,5,0,0,0,79.8,2
2,52.7,1,0,7,4,0,53.9,0
4,79.0,4,1,11,0,0,96.8,3
2,56.1,2,0,21,3,0,59.7,0
6,62.3,6,0,18,2,0,87.2,2
1,42.9,6,7,11,0,0,77.1,2
4,52.4,2,1,12,5,1,59.8,0
4,70.5,6,5,0,6,1,93.7,3
1,73.1,7,6,18,1,0,100.0,3
4,50.9,5,6,5,2,0,74.2,1
2,62.7,7,7,7,3,0,96.7,3
4,76.8,3,6,3,6,1,96.8,3
3,57.1,4,1,4,5,1,67.4,1
6,46.0,6,0,21,2,0,70.3,1
5,59.4,6,3,6,5,1,79.2,2
2,67.0,4,4,22,0,0,91.2,3
3,40.3,6,2,3,6,1,59.6,0
6,55.7,5,0,19,5,1,74.5,1
1,67.3,5,7,3,6,1,91.5,3
2,82.8,9,1,14,3,0,100.0,3
5,58.4,1,5,20,1,0,68.2,1
6,47.3,5,7,4,0,0,72.3,1
5,64.0,8,0,23,0,0,94.5,3
1,52.9,9,7,8,6,1,100.0,3
1,49.7,6,1,1,3,0,64.6,1
2,66.6,3,0,6,3,0,71.3,1
4,81.2,6,6,16,2,0,100.0,3
1,77.6,5,1,15,1,0,92.1,3
6,48.2,4,3,16,5,1,60.8,1
4,74.5,4,5,19,2,0,97.9,3
3,50.3,5,6,22,5,1,78.7,2
5,53.1,2,4,1,5,1,65.9,1
4,81.4,7,7,10,5,1,100.0,3
5,81.0,3,1,1,2,0,86.5,2
4,47.6,6,5,0,0,0,75.2,2
3,42.9,5,3,1,3,0,58.9,0
1,53.2,5,4,22,0,0,81.3,2
3,66.2,3,6,8,1,0,85.3,2
1,79.5,2,7,21,2,0,99.8,3
1,45.3,7,1,1,1,0,64.4,1
5,58.7,5,2,14,3,0,77.3,2
6,52.2,3,0,9,3,0,62.9,1
3,40.7,10,7,14,4,0,82.2,2
4,75.5,3,0,9,1,0,86.5,2
3,76.6,3,6,22,0,0,96.9,3
5,50.0,3,0,16,6,1,55.0,0
1,46.8,2,6,8,1,0,61.6,1
5,46.5,4,1,17,2,0,57.2,0
2,60.9,3,2,3,3,0,69.5,1
2,51.1,3,7,8,3,0,76.8,2
4,63.0,4,2,15,1,0,78.4,2
5,57.3,5,2,3,1,0,73.2,1
4,49.5,7,5,15,5,1,75.6,2
4,73.8,6,4,18,1,0,100.0,3
2,46.8,1,5,0,5,1,58.9,0
4,76.0,6,7,22,2,0,100.0,3
2,65.3,2,6,5,2,0,78.9,2
1,77.4,0,1,9,0,0,74.4,1
5,40.2,2,3,15,1,0,47.6,0
4,73.7,2,4,3,0,0,86.6,2
2,42.3,6,1,21,6,1,65.7,1
3,82.8,4,2,21,4,0,100.0,3
4,71.6,5,5,12,2,0,97.6,3
6,54.4,3,1,15,3,0,63.0,1
1,54.4,4,2,19,5,1,71.4,1
1,78.8,9,3,5,4,0,100.0,3
3,80.6,6,2,10,3,0,100.0,3
2,80.1,4,4,23,4,0,100.0,3
4,76.4,3,1,2,0,0,86.8,2
2,76.9,2,7,19,0,0,96.1,3
1,65.8,2,0,9,5,1,73.3,1
2,41.3,5,2,0,2,0,57.2,0
1,43.9,7,7,19,6,1,85.2,2
2,69.2,7,7,10,5,1,100.0,3
3,58.1,4,2,11,6,1,73.7,1
5,65.5,5,7,13,3,0,91.0,3
3,50.4,4,0,7,4,0,61.1,1
3,69.2,1,7,10,5,1,84.0,2
5,50.9,6,4,3,6,1,76.8,2
5,60.7,5,3,6,1,0,77.6,2
4,61.5,1,5,9,1,0,74.7,1
4,48.0,2,3,18,2,0,57.7,0
3,79.4,4,4,3,6,1,97.7,3
3,63.7,4,1,1,5,1,76.0,2
1,79.0,3,6,20,3,0,100.0,3
1,51.8,2,6,17,1,0,65.7,1
4,47.8,2,3,13,2,0,57.2,0
6,40.8,3,5,15,5,1,58.8,0
6,44.2,4,7,21,2,0,73.1,1
4,46.6,8,7,10,3,0,90.0,3
1,43.5,4,5,9,1,0,69.9,1
1,80.4,3,6,16,1,0,97.5,3
6,81.0,4,5,13,1,0,100.0,3
2,82.2,2,4,21,6,1,94.9,3
2,83.2,7,5,3,0,0,100.0,3
1,62.1,2,2,18,6,1,71.5,1
2,63.9,3,5,1,1,0,78.5,2
5,45.9,4,0,6,4,0,55.1,0
4,46.2,0,1,8,0,0,45.3,0
4,74.8,3,7,18,5,1,99.5,3
1,78.5,4,1,15,6,1,89.9,3
3,75.3,7,5,21,0,0,100.0,3
6,77.6,4,2,15,0,0,91.3,3
1,52.4,2,7,17,6,1,67.2,1
2,61.0,3,7,22,6,1,82.1,2
6,60.7,3,3,20,0,0,77.8,2
3,84.8,1,1,20,2,0,86.9,2
2,82.7,4,0,10,4,0,98.2,3
5,66.9,4,2,6,3,0,79.8,2
2,46.2,3,1,8,1,0,58.4,0
5,51.6,5,6,3,6,1,77.2,2
6,56.4,4,5,12,0,0,81.2,2
5,79.3,5,7,3,3,0,100.0,3
6,47.7,1,2,18,6,1,54.7,0
6,49.9,2,3,1,2,0,58.9,0
6,55.7,6,5,8,3,0,86.9,2
6,81.7,5,4,11,0,0,100.0,3
6,62.7,4,2,1,5,1,75.3,2
2,69.1,0,3,5,4,0,72.0,1
6,57.4,6,1,4,3,0,75.0,2
2,48.5,4,7,4,6,1,74.0,1
6,50.0,5,1,19,0,0,68.2,1
5,76.1,1,7,21,6,1,91.9,3
6,80.2,6,3,4,0,0,99.5,3
3,62.2,11,1,3,1,0,94.3,3
6,56.1,5,7,8,5,1,88.1,3
6,76.4,2,6,21,1,0,93.9,3
5,70.3,3,6,9,5,1,92.8,3
4,41.8,2,1,15,4,0,45.9,0
5,55.8,7,1,9,1,0,82.6,2
3,70.7,4,3,9,4,0,89.2,3
4,65.8,5,5,18,6,1,94.7,3
1,84.0,4,3,9,2,0,100.0,3
1,79.0,4,2,5,2,0,92.2,3
3,42.7,2,0,16,5,1,46.7,0
5,72.7,2,4,4,5,1,81.7,2
2,55.1,5,5,5,1,0,76.4,2
3,70.7,8,6,23,2,0,100.0,3
4,67.8,2,5,14,3,0,80.9,2
4,62.6,3,1,18,3,0,75.6,2
6,78.4,4,6,17,6,1,98.8,3
1,71.9,4,0,3,3,0,82.3,2
4,80.0,5,7,7,6,1,100.0,3
3,52.7,3,6,15,2,0,72.8,1
4,55.7,2,5,23,3,0,69.9,1
3,68.0,2,0,18,4,0,73.9,1
2,83.5,3,6,19,0,0,100.0,3
6,56.7,2,3,2,5,1,66.8,1
1,41.5,2,3,9,1,0,52.7,0
4,60.1,4,0,1,6,1,67.1,1
3,64.5,2,3,3,4,0,74.4,1
5,76.0,4,2,5,3,0,88.4,3
1,72.8,6,2,10,0,0,97.9,3
2,83.4,4,4,13,1,0,100.0,3
3,75.2,9,4,15,4,0,100.0,3
6,53.4,2,7,20,1,0,71.2,1
6,68.9,4,5,18,6,1,91.0,3
2,70.3,8,5,1,6,1,100.0,3
2,84.9,7,4,16,5,1,100.0,3
6,46.2,6,5,8,2,0,81.1,2
4,48.6,4,1,16,6,1,61.1,1
4,47.0,6,2,14,3,0,66.4,1
3,66.5,3,1,6,4,0,76.8,2
5,46.1,3,2,21,4,0,61.4,1
3,69.5,5,5,22,0,0,98.4,3
5,76.2,9,0,18,0,0,100.0,3
2,59.5,6,6,2,0,0,84.8,2
1,65.2,3,1,0,1,0,71.5,1
3,81.1,3,7,3,3,0,100.0,3
3,65.6,5,7,17,1,0,89.5,3
5,49.4,3,7,7,3,0,70.5,1
2,55.4,2,4,18,4,0,69.4,1
2,63.8,3,2,22,6,1,79.6,2
5,47.0,6,5,22,6,1,77.5,2
2,67.6,2,4,5,1,0,78.1,2
6,85.0,6,3,0,1,0,100.0,3
4,69.4,7,2,7,1,0,94.3,3
6,56.8,7,5,0,2,0,87.8,2
1,54.9,2,5,18,5,1,69.3,1
3,81.9,3,2,10,3,0,95.6,3
1,79.2,1,4,20,6,1,88.1,3
3,61.3,3,6,23,3,0,82.1,2
4,55.9,6,4,14,1,0,81.1,2
2,72.0,4,7,22,2,0,97.5,3
6,54.2,2,7,10,1,0,75.5,2
5,45.4,2,4,18,3,0,59.8,0
6,54.0,3,2,20,5,1,66.6,1
4,59.5,4,0,9,6,1,73.5,1
1,51.5,3,3,23,5,1,69.1,1
5,49.8,1,5,11,4,0,59.3,0
2,40.3,4,6,0,2,0,59.0,0
4,68.4,3,7,23,5,1,92.1,3
5,67.7,3,4,6,2,0,82.8,2
4,48.5,7,7,16,1,0,83.0,2
4,82.5,4,5,9,4,0,100.0,3
2,58.4,4,0,5,3,0,68.5,1
3,41.1,2,6,16,5,1,57.5,0
5,49.9,1,5,17,5,1,58.6,0
2,71.1,3,4,4,0,0,87.5,2
4,49.1,5,7,17,6,1,75.8,2
2,42.4,6,7,16,3,0,72.5,1
3,67.8,7,2,21,5,1,97.0,3
6,63.3,3,0,15,5,1,70.4,1
5,74.3,8,7,7,3,0,100.0,3
3,74.8,11,6,23,4,0,100.0,3
1,83.2,3,5,12,2,0,100.0,3
5,42.6,6,2,23,3,0,68.6,1
3,41.8,4,1,15,2,0,51.4,0
4,84.4,8,4,10,4,0,100.0,3
5,69.0,6,3,5,4,0,88.8,3
5,72.2,3,0,2,1,0,80.2,2
2,44.3,4,1,0,0,0,54.4,0
4,43.1,5,4,17,4,0,65.1,1
1,47.2,4,1,4,4,0,57.9,0
6,59.2,6,0,12,2,0,79.5,2
3,45.0,4,3,9,4,0,66.6,1
2,60.1,2,0,4,3,0,64.1,1
3,65.3,2,6,13,1,0,81.5,2
1,40.0,6,3,16,1,0,61.9,1
1,45.1,3,6,0,3,0,63.1,1
5,56.9,6,6,1,5,1,86.0,2
1,42.4,5,7,6,4,0,71.0,1
3,46.0,3,5,9,6,1,66.4,1
4,50.4,5,6,19,0,0,81.4,2
4,59.3,2,6,6,4,0,74.7,1
5,72.2,3,2,23,1,0,85.0,2
6,46.0,1,4,15,0,0,53.9,0
3,73.2,6,1,4,6,1,92.6,3
3,78.5,6,6,11,5,1,100.0,3
1,69.3,6,7,16,2,0,97.7,3
3,42.0,1,2,15,2,0,47.1,0
2,59.8,2,6,19,6,1,74.9,1
6,69.7,4,4,15,4,0,84.3,2
1,84.0,4,1,18,4,0,100.0,3
2,82.8,5,2,14,0,0,99.7,3
5,57.8,3,6,11,0,0,81.6,2
4,67.7,1,6,20,5,1,80.7,2
5,80.1,7,4,9,4,0,100.0,3
4,77.4,4,4,21,1,0,97.4,3
5,61.6,4,7,1,2,0,84.4,2
3,51.8,1,2,6,5,1,56.3,0
2,46.2,3,0,12,0,0,55.4,0
4,62.0,4,3,2,1,0,79.0,2
1,72.5,5,7,14,4,0,97.1,3
2,83.6,5,5,0,3,0,100.0,3
1,78.8,4,3,2,0,0,91.5,3
2,49.2,1,6,9,5,1,62.6,1
2,72.4,4,5,14,3,0,90.7,3
5,53.0,7,5,21,1,0,90.9,3
4,70.8,8,5,5,6,1,100.0,3
4,70.0,7,0,19,2,0,95.8,3
2,52.3,2,4,14,6,1,62.2,1
3,50.5,5,1,23,6,1,69.5,1
3,44.7,5,0,20,6,1,60.7,1
1,42.3,3,4,6,1,0,53.8,0
1,78.6,6,6,20,2,0,100.0,3
5,42.2,4,7,4,1,0,63.4,1
2,44.0,3,6,3,6,1,62.9,1
1,50.7,2,2,21,0,0,60.2,1
1,79.9,4,2,17,6,1,95.3,3
6,55.0,5,5,2,0,0,76.3,2
2,48.6,6,4,16,5,1,71.8,1
5,72.2,10,5,17,6,1,100.0,3
1,54.4,3,2,17,3,0,63.4,1
5,55.0,8,3,23,1,0,93.6,3
4,73.3,3,6,23,6,1,95.1,3
5,51.3,5,0,1,1,0,65.5,1
3,80.4,8,3,12,6,1,100.0,3
3,65.3,3,7,21,3,0,89.1,3
5,64.2,5,4,14,6,1,84.2,2
3,51.9,5,0,4,4,0,65.1,1
4,77.6,5,2,2,5,1,96.0,3
2,65.8,4,0,4,1,0,74.1,1
3,47.0,1,7,4,5,1,59.8,0
3,49.3,6,0,4,1,0,65.6,1
5,61.1,2,2,2,1,0,70.4,1
4,75.1,2,5,2,4,0,87.2,2
2,82.3,4,1,19,6,1,100.0,3
5,69.9,5,2,22,0,0,93.6,3
5,62.8,4,3,17,5,1,79.1,2
6,51.3,4,5,19,3,0,76.5,2
4,70.3,3,6,3,5,1,87.6,2
2,84.2,2,1,0,6,1,91.1,3
4,61.4,5,3,15,4,0,79.0,2
2,47.3,6,7,7,2,0,76.8,2
4,44.7,6,7,16,2,0,74.8,1
5,52.1,2,4,7,4,0,62.4,1
5,65.6,6,3,6,6,1,85.2,2
1,82.6,6,7,7,4,0,100.0,3
3,53.5,3,7,20,0,0,78.8,2
6,53.7,5,5,23,5,1,81.8,2
4,61.7,8,6,11,6,1,100.0,3
6,81.3,2,6,15,5,1,93.9,3
1,58.9,5,7,11,2,0,90.8,3
3,50.0,2,5,18,6,1,67.6,1
4,47.3,5,6,9,3,0,79.6,2
2,60.6,4,5,6,5,1,79.5,2
3,76.0,4,6,11,1,0,100.0,3
5,53.1,3,0,19,1,0,64.8,1
1,63.1,3,7,4,0,0,82.7,2
3,67.1,2,5,15,6,1,80.2,2
3,60.3,3,5,8,0,0,80.6,2
5,48.6,4,4,6,6,1,67.8,1
4,81.5,4,6,19,2,0,100.0,3
2,65.4,2,1,21,3,0,71.4,1
5,72.8,4,3,13,3,0,85.8,2
2,68.6,3,4,10,4,0,87.9,2
4,84.9,1,7,6,0,0,98.2,3
3,60.5,5,6,9,6,1,93.3,3
2,59.1,5,3,8,5,1,85.1,2
1,56.2,6,0,3,1,0,70.2,1
1,56.3,2,0,15,5,1,60.1,1
5,52.4,0,1,9,1,0,52.4,0
4,84.1,6,7,18,2,0,100.0,3
5,79.2,4,7,23,1,0,100.0,3
5,54.3,5,2,16,5,1,69.9,1
6,53.7,2,5,8,5,1,71.0,1
5,44.7,9,6,12,3,0,90.4,3
6,79.5,2,2,0,6,1,87.9,2
1,56.7,3,0,1,3,0,60.6,1
1,65.8,3,4,12,0,0,83.5,2
5,80.5,3,1,23,5,1,94.1,3
1,58.4,1,6,8,6,1,73.0,1
4,76.3,4,3,6,2,0,91.8,3
6,59.4,1,3,15,1,0,62.5,1
6,71.5,6,4,18,0,0,100.0,3
5,59.4,6,2,6,4,0,76.4,2
1,57.7,6,0,5,4,0,73.3,1
2,84.6,2,0,17,6,1,86.5,2
6,67.6,4,1,18,1,0,83.5,2
5,56.5,3,6,10,1,0,80.5,2
5,51.6,4,0,11,6,1,67.4,1
4,41.8,3,6,9,1,0,64.5,1
3,71.8,1,2,12,3,0,77.6,2
3,56.7,7,2,11,1,0,86.9,2
6,77.0,4,7,20,4,0,100.0,3
4,56.4,4,4,9,1,0,78.6,2
4,56.8,3,6,19,5,1,79.0,2
4,75.1,2,1,17,6,1,81.5,2
6,62.0,2,1,3,2,0,69.1,1
3,79.8,3,0,23,4,0,89.0,3
4,66.6,7,5,4,2,0,95.9,3
1,50.8,3,3,4,4,0,62.9,1
5,65.6,3,1,11,0,0,75.2,2
5,40.2,4,0,2,5,1,48.4,0
2,54.1,5,6,7,4,0,76.9,2
2,49.4,3,3,21,5,1,66.6,1
6,69.4,2,0,1,4,0,74.7,1
6,46.1,3,4,17,2,0,61.9,1
5,53.1,3,1,8,2,0,63.3,1
1,54.9,6,0,12,6,1,77.9,2
3,40.1,2,6,6,4,0,56.4,0
3,42.1,3,4,9,4,0,57.4,0
6,54.0,6,0,8,3,0,76.8,2
1,50.0,5,2,21,5,1,73.0,1
6,45.3,9,0,14,5,1,67.7,1
3,46.9,1,6,4,5,1,60.4,1
6,77.6,7,2,11,5,1,100.0,3
4,70.7,4,1,0,0,0,80.6,2
6,61.8,3,0,11,0,0,69.2,1
5,80.9,3,7,21,1,0,100.0,3
6,41.3,3,7,5,4,0,62.3,1
5,55.5,1,6,18,4,0,69.6,1
1,77.1,5,4,18,4,0,100.0,3
3,68.3,4,1,15,4,0,81.0,2
2,84.2,3,1,18,5,1,94.7,3
2,82.5,0,5,2,5,1,90.1,3
3,47.6,6,2,22,0,0,74.7,1
2,83.7,5,1,9,2,0,100.0,3
6,82.5,8,7,17,3,0,100.0,3
1,56.8,5,0,12,5,1,73.7,1
1,84.2,2,0,17,5,1,89.2,3
3,41.6,6,7,2,6,1,70.7,1
2,69.7,2,2,22,5,1,77.0,2
6,52.0,5,0,2,2,0,64.9,1
1,45.8,4,6,22,2,0,73.4,1
1,66.0,4,5,11,0,0,92.1,3
4,53.8,6,2,19,5,1,78.3,2
4,70.0,4,3,6,6,1,87.6,2
1,64.3,7,2,23,3,0,94.0,3
3,57.7,5,4,7,4,0,79.1,2
5,48.2,3,4,8,5,1,67.1,1
5,67.1,4,5,13,0,0,87.9,2
6,77.3,4,0,4,0,0,87.9,2
1,67.0,5,7,20,3,0,99.3,3
1,67.5,4,3,18,6,1,85.6,2
1,63.0,4,4,20,1,0,85.7,2
3,57.5,6,4,15,0,0,79.6,2
4,60.6,4,4,23,2,0,83.9,2
1,84.5,5,0,11,2,0,100.0,3
1,73.7,3,1,20,4,0,83.3,2
2,59.4,4,1,3,0,0,72.4,1
3,60.6,2,5,7,6,1,71.7,1
6,62.5,5,1,6,4,0,75.7,2
1,69.7,6,5,14,0,0,95.6,3
2,61.0,4,0,5,3,0,68.4,1
5,70.9,3,6,4,5,1,86.8,2
6,54.8,5,1,13,6,1,69.1,1
1,58.5,10,6,20,0,0,100.0,3
1,78.9,4,5,12,6,1,100.0,3
2,54.8,3,2,9,1,0,69.7,1
3,83.4,5,0,17,6,1,97.8,3
1,47.8,1,0,3,6,1,47.3,0
5,50.9,6,3,7,2,0,73.2,1
1,60.9,5,4,23,3,0,89.1,3
5,75.9,3,3,10,5,1,93.3,3
6,72.9,2,6,16,5,1,89.2,3
6,47.9,2,1,17,2,0,53.5,0
4,50.7,0,0,20,6,1,47.5,0
4,65.9,4,7,10,5,1,91.6,3
5,53.3,5,6,15,4,0,77.6,2
3,59.0,4,5,11,3,0,80.9,2
1,61.9,1,0,12,1,0,62.5,1
1,66.7,8,1,15,2,0,92.2,3
4,51.3,2,5,22,0,0,64.8,1
5,47.3,6,4,20,0,0,80.5,2
1,57.9,4,3,0,0,0,72.7,1
1,43.7,3,4,15,3,0,58.4,0
3,63.7,4,7,14,1,0,87.1,2
2,77.8,6,7,5,5,1,100.0,3
4,45.4,5,1,11,1,0,68.2,1
4,45.1,3,3,7,1,0,58.6,0
2,43.6,1,3,6,2,0,47.7,0
1,78.2,3,4,1,3,0,91.9,3
3,43.6,3,7,11,0,0,68.5,1
3,84.3,3,4,20,2,0,100.0,3
4,56.1,3,0,13,5,1,62.6,1
3,54.8,3,6,15,1,0,71.4,1
6,44.1,8,7,10,6,1,88.3,3
2,66.4,7,0,19,0,0,93.7,3
1,66.4,7,4,8,3,0,100.0,3
6,62.2,5,5,9,4,0,93.0,3
2,54.0,4,7,16,1,0,77.2,2
5,56.6,5,7,11,1,0,88.5,3
4,54.4,6,1,5,1,0,71.3,1
3,59.2,2,4,18,1,0,70.6,1
5,55.4,6,5,10,0,0,88.3,3
3,70.4,5,6,8,3,0,99.7,3
6,53.3,8,0,20,2,0,86.7,2
1,55.8,5,3,5,0,0,72.7,1
1,59.6,4,5,23,3,0,83.9,2
1,40.2,7,1,15,2,0,59.8,0
3,62.1,5,0,19,1,0,78.8,2
5,51.5,2,1,15,3,0,57.5,0
1,42.5,3,1,5,1,0,49.6,0
5,81.0,2,3,4,6,1,91.7,3
3,54.5,8,5,20,3,0,98.0,3
6,59.2,3,0,3,5,1,66.2,1
5,77.2,3,4,1,4,0,93.0,3
6,47.5,1,1,5,1,0,49.4,0
3,78.3,7,1,8,1,0,100.0,3
3,50.9,3,3,16,1,0,65.0,1
4,66.5,4,5,13,5,1,86.3,2
3,70.9,5,0,6,0,0,84.6,2
3,80.7,5,5,21,2,0,100.0,3
2,67.3,3,1,18,1,0,78.3,2
1,60.4,5,1,0,1,0,72.9,1
4,65.8,2,2,19,0,0,77.4,2
4,49.1,2,2,14,0,0,55.6,0
4,71.0,2,1,17,4,0,74.9,1
2,48.4,3,5,2,3,0,66.2,1
6,65.1,2,6,17,1,0,77.7,2
3,69.1,7,7,1,3,0,100.0,3
1,80.4,4,5,9,6,1,100.0,3
5,60.3,4,5,10,0,0,85.6,2
6,74.9,5,3,23,0,0,100.0,3
3,47.5,3,4,2,4,0,60.5,1
2,47.0,5,2,6,2,0,63.2,1
3,63.6,8,2,7,5,1,89.7,3
3,66.8,6,7,18,5,1,100.0,3
2,68.5,3,6,17,5,1,86.7,2
4,73.6,5,0,12,0,0,89.9,3
4,53.3,5,4,12,1,0,80.4,2
1,68.0,1,2,23,4,0,72.8,1
1,48.5,7,4,18,2,0,81.4,2
4,49.9,5,4,22,6,1,75.3,2
6,43.0,9,0,11,5,1,81.2,2
5,73.6,4,1,16,4,0,85.6,2
3,62.8,3,7,21,0,0,84.1,2
5,50.7,2,6,11,5,1,66.1,1
3,65.0,2,1,12,2,0,70.4,1
4,55.9,3,2,11,6,1,67.4,1
1,77.7,0,7,18,3,0,87.5,2
6,63.8,5,0,13,6,1,74.6,1
1,41.3,5,2,6,2,0,56.8,0
5,84.3,4,2,12,6,1,100.0,3
1,43.3,4,5,5,1,0,62.3,1
4,71.3,6,1,23,5,1,98.5,3
6,59.7,0,0,18,5,1,57.5,0
5,51.2,4,7,18,3,0,81.6,2
6,70.4,3,4,3,6,1,84.6,2
3,45.7,7,1,18,3,0,73.7,1
1,78.6,3,2,8,6,1,90.1,3
6,51.3,4,2,15,5,1,66.8,1
2,56.3,4,3,3,1,0,71.4,1
1,68.5,3,0,5,6,1,73.4,1
3,40.0,3,4,7,3,0,53.2,0
6,61.3,3,4,23,0,0,77.6,2
5,80.2,3,2,15,5,1,88.5,3
3,70.6,6,7,4,2,0,97.9,3
2,57.5,4,6,20,2,0,85.1,2
6,69.7,4,3,21,1,0,87.4,2
4,82.1,6,3,9,0,0,100.0,3
1,48.5,10,0,22,3,0,86.7,2
5,63.9,4,6,12,6,1,90.7,3
4,50.6,4,6,13,5,1,69.2,1
6,78.4,4,7,6,2,0,100.0,3
6,72.4,1,2,19,2,0,75.5,2
3,76.0,2,7,5,2,0,92.0,3
6,82.4,4,2,6,2,0,97.3,3
5,50.5,2,6,4,4,0,63.6,1
4,42.2,7,7,20,1,0,81.9,2
5,53.1,5,2,17,3,0,69.1,1
2,58.0,2,0,22,5,1,62.5,1
2,68.1,3,4,11,5,1,87.6,2
1,75.9,2,1,5,5,1,80.9,2
1,55.7,6,3,0,3,0,79.4,2
2,61.3,3,4,3,1,0,74.9,1
6,75.3,3,1,18,0,0,87.2,2
5,50.1,3,7,11,6,1,75.8,2
2,49.8,3,6,14,6,1,68.2,1
1,66.5,3,7,2,1,0,86.8,2
2,59.6,6,6,22,2,0,93.2,3
6,82.7,7,7,19,6,1,100.0,3
2,56.1,4,6,7,2,0,76.6,2
5,74.2,2,7,10,1,0,93.4,3
4,66.2,8,7,15,1,0,100.0,3
6,42.5,5,4,8,3,0,67.6,1
1,43.8,3,6,2,3,0,61.4,1
5,49.1,7,7,4,4,0,81.6,2
2,46.4,1,4,19,5,1,53.1,0
2,54.8,3,4,13,4,0,67.2,1
4,66.1,4,4,14,5,1,84.6,2
1,67.1,3,2,5,2,0,77.6,2
1,66.4,5,4,3,4,0,85.9,2
3,45.3,4,1,7,4,0,56.1,0
1,67.0,4,1,18,0,0,83.4,2
4,58.4,5,3,4,1,0,74.3,1
3,80.6,2,6,12,3,0,99.6,3
3,81.0,4,5,15,4,0,100.0,3
2,74.6,4,0,0,3,0,84.2,2
2,71.6,0,1,12,5,1,72.3,1
1,45.2,5,6,21,4,0,75.7,2
3,43.8,5,1,10,5,1,64.1,1
2,77.8,3,1,20,4,0,90.6,3
4,59.2,3,1,7,6,1,64.9,1
2,60.3,5,0,7,2,0,72.4,1
6,78.2,4,0,23,0,0,91.7,3
6,68.0,3,5,13,5,1,81.9,2
2,48.1,1,4,12,1,0,58.1,0
3,49.5,5,5,2,1,0,71.1,1
3,40.3,7,1,3,2,0,61.1,1
5,72.0,2,1,19,2,0,79.9,2
6,61.9,6,3,14,6,1,83.9,2
4,82.7,4,3,14,1,0,100.0,3
3,72.1,4,3,20,5,1,90.5,3
1,44.6,7,6,12,1,0,83.3,2
6,47.3,4,6,8,0,0,71.1,1
4,62.6,2,3,9,4,0,72.1,1
4,81.6,0,4,11,0,0,83.7,2
3,51.1,3,2,13,6,1,63.4,1
4,77.2,7,3,0,6,1,100.0,3
3,54.1,3,3,13,1,0,63.7,1
2,52.1,3,7,13,4,0,70.8,1
6,80.6,3,0,7,1,0,87.4,2
5,42.1,3,5,15,0,0,60.0,1
2,69.7,3,6,13,0,0,86.8,2
6,41.9,1,1,0,5,1,42.8,0
3,76.0,5,4,15,5,1,97.3,3
6,77.3,3,1,17,0,0,83.7,2
3,80.2,6,2,6,4,0,98.9,3
2,48.4,3,4,14,6,1,62.8,1
1,45.6,5,2,23,5,1,68.1,1
1,62.7,6,6,16,5,1,91.3,3
6,52.2,2,6,18,3,0,69.3,1
1,67.3,4,7,22,3,0,95.3,3
3,63.1,3,6,12,5,1,82.5,2
4,46.5,4,1,8,1,0,62.5,1
3,73.3,6,0,23,4,0,94.6,3
4,76.2,5,3,23,2,0,100.0,3
2,83.3,5,6,14,5,1,100.0,3
5,57.8,6,6,2,3,0,87.5,2
4,55.2,0,1,23,4,0,52.7,0
1,48.7,1,6,0,4,0,58.8,0
3,48.1,1,4,15,3,0,53.9,0
2,54.4,5,6,7,4,0,77.8,2
1,84.2,7,7,22,4,0,100.0,3
2,44.2,8,6,12,3,0,87.7,2
5,51.7,4,3,7,0,0,65.5,1
3,43.9,4,6,16,5,1,66.6,1
6,52.3,7,4,21,1,0,87.7,2
3,44.2,2,2,22,2,0,55.6,0
5,62.9,3,4,13,1,0,78.8,2
3,59.7,2,0,20,0,0,66.3,1
6,47.8,6,2,20,6,1,73.9,1
4,47.9,3,7,6,0,0,65.7,1
2,68.2,4,5,14,4,0,88.0,3
6,57.4,4,7,15,1,0,80.5,2
1,42.5,4,6,18,0,0,68.2,1
5,81.4,4,5,5,1,0,100.0,3
4,58.2,5,6,22,0,0,87.6,2
1,66.6,7,1,0,2,0,88.6,3
1,79.8,5,3,11,0,0,100.0,3
5,58.1,10,3,17,1,0,93.6,3
4,76.9,3,0,15,4,0,83.0,2
1,81.2,2,4,11,1,0,95.7,3
1,47.8,6,6,19,3,0,82.9,2
4,80.2,1,6,12,1,0,93.7,3
3,45.4,8,1,7,2,0,67.4,1
1,52.4,2,5,21,5,1,69.0,1
2,76.4,8,4,0,2,0,100.0,3
4,80.5,3,5,20,2,0,97.9,3
1,70.8,9,4,6,0,0,100.0,3
5,44.7,4,0,14,2,0,52.3,0
6,63.5,3,5,21,1,0,85.0,2
2,65.8,6,2,12,5,1,92.1,3
6,52.7,6,5,12,6,1,87.5,2
6,84.6,4,2,8,4,0,100.0,3
1,55.1,2,0,23,6,1,58.1,0
2,49.5,3,0,14,2,0,54.7,0
2,45.0,3,6,3,1,0,64.4,1
3,57.0,3,0,12,0,0,65.1,1
6,71.2,3,4,11,0,0,88.0,3
2,50.4,3,5,4,4,0,64.2,1
3,74.6,1,5,6,4,0,85.6,2
4,46.1,2,4,7,1,0,58.8,0
3,59.8,6,1,4,4,0,76.5,2
5,71.6,2,0,8,4,0,74.8,1
1,46.1,7,4,13,0,0,71.3,1
4,66.9,6,2,11,1,0,94.1,3
4,76.0,2,5,3,5,1,89.1,3
5,66.8,8,5,19,4,0,100.0,3
3,63.0,2,0,7,1,0,63.7,1
1,77.7,6,2,16,2,0,95.6,3
3,84.3,4,3,7,0,0,100.0,3
2,48.2,3,1,20,5,1,60.7,1
3,71.1,9,3,0,0,0,100.0,3
4,43.6,4,1,19,0,0,60.0,1
1,41.9,6,0,1,3,0,56.8,0
3,52.6,3,5,3,1,0,70.3,1
1,83.7,8,1,23,2,0,100.0,3
1,64.8,3,4,20,4,0,82.2,2
2,52.1,4,2,0,2,0,63.5,1
2,46.0,2,5,6,1,0,57.7,0
4,81.4,5,4,0,0,0,100.0,3
5,56.3,4,0,8,3,0,69.4,1
1,53.8,5,6,2,1,0,80.3,2
5,78.6,2,3,11,5,1,90.2,3
4,67.2,7,2,18,5,1,98.6,3
1,47.6,3,0,14,1,0,53.9,0
1,59.0,1,4,21,4,0,69.8,1
6,81.8,2,4,15,2,0,92.6,3
5,80.6,2,1,9,2,0,86.5,2
3,43.2,6,1,21,4,0,68.8,1
2,52.1,6,3,5,3,0,71.9,1
3,47.0,3,7,16,0,0,66.5,1
5,64.0,1,1,20,6,1,65.8,1
2,73.7,5,1,21,6,1,92.1,3
3,53.3,6,6,23,0,0,88.1,3
6,74.1,2,1,16,5,1,77.2,2
2,70.1,2,3,20,3,0,83.1,2
1,72.8,2,0,18,4,0,76.6,2
3,82.7,6,5,17,6,1,100.0,3
2,59.1,3,2,10,1,0,70.7,1
6,55.4,5,0,23,2,0,75.9,2
2,70.8,5,5,6,1,0,94.9,3
2,76.3,3,5,9,2,0,98.4,3
6,48.6,6,0,6,1,0,64.0,1
3,78.1,3,0,4,4,0,85.6,2
4,42.6,4,4,11,4,0,64.3,1
3,40.3,2,6,15,3,0,53.1,0
5,47.1,5,2,20,1,0,70.4,1
6,84.0,4,2,17,1,0,99.6,3
3,63.6,4,4,2,3,0,78.7,2
2,42.1,6,5,19,3,0,74.2,1
6,84.9,3,4,14,4,0,100.0,3
1,73.5,3,7,4,4,0,92.5,3
3,77.7,7,5,12,5,1,100.0,3
6,49.6,5,1,18,1,0,70.6,1
3,44.7,7,4,11,4,0,81.3,2
6,63.2,6,3,22,6,1,89.5,3
2,74.7,2,6,20,4,0,91.3,3
1,68.7,5,4,4,1,0,91.4,3
1,68.4,4,1,5,3,0,81.4,2
5,74.1,2,4,6,1,0,86.1,2
6,50.2,4,3,9,6,1,68.7,1
3,69.8,6,4,15,0,0,93.3,3
1,57.6,5,7,7,1,0,86.1,2
1,43.1,4,5,8,0,0,68.3,1
4,49.1,1,7,3,1,0,60.3,1
4,75.7,4,0,20,6,1,88.4,3
1,80.3,4,6,20,0,0,100.0,3
6,52.7,5,2,7,0,0,67.3,1
5,48.6,3,6,6,6,1,68.1,1
1,41.2,3,3,14,1,0,54.0,0
2,82.6,3,3,20,5,1,100.0,3
3,70.8,5,3,2,4,0,91.5,3
5,83.1,2,5,16,2,0,95.8,3
2,78.9,7,7,10,4,0,100.0,3
5,55.3,2,0,8,0,0,61.3,1
2,45.1,4,0,4,1,0,55.8,0
3,62.5,2,2,9,1,0,70.2,1
3,41.2,8,1,14,1,0,66.5,1
4,46.7,3,2,13,1,0,56.6,0
6,50.5,5,7,3,5,1,76.9,2
2,70.0,5,7,20,2,0,100.0,3
4,62.9,3,3,19,3,0,76.1,2
2,53.6,3,3,1,0,0,63.5,1
4,65.4,4,6,11,2,0,90.2,3
3,45.6,6,3,0,4,0,67.4,1
5,74.0,4,6,23,3,0,100.0,3
4,72.0,4,2,19,3,0,88.2,3
2,49.7,6,1,4,1,0,66.1,1
2,67.3,2,1,5,2,0,73.9,1
6,62.6,8,2,23,4,0,100.0,3
3,42.7,7,5,10,1,0,79.0,2
2,52.5,3,3,7,1,0,62.4,1
1,85.0,4,7,6,6,1,100.0,3
5,44.5,3,6,3,6,1,62.9,1
4,62.8,5,6,5,6,1,84.7,2
6,78.2,2,7,15,5,1,92.8,3
5,53.5,2,2,19,0,0,61.8,1
3,51.7,3,2,14,3,0,61.8,1
6,80.1,5,4,13,4,0,100.0,3
4,53.7,3,7,22,3,0,77.9,2
4,69.3,2,4,11,2,0,82.5,2
1,73.3,1,6,11,0,0,85.3,2
3,75.5,0,6,15,1,0,83.9,2
6,84.8,2,6,14,0,0,100.0,3
6,76.1,2,0,12,1,0,80.1,2
2,69.6,5,0,10,6,1,88.2,3
1,80.3,2,7,16,0,0,96.7,3
1,80.8,3,2,20,1,0,93.0,3
6,83.8,2,4,14,3,0,95.2,3
6,74.9,4,3,13,6,1,87.9,2
5,48.8,4,0,9,6,1,62.7,1
5,71.9,2,3,11,6,1,82.2,2
5,43.4,5,3,15,3,0,60.4,1
1,54.3,4,0,14,3,0,64.1,1
2,45.2,4,5,9,3,0,70.4,1
4,82.7,2,7,3,6,1,97.4,3
5,55.2,7,2,22,0,0,87.3,2
2,72.1,4,4,8,1,0,96.0,3
3,65.7,1,0,20,3,0,66.6,1
5,44.8,2,1,19,0,0,50.5,0
4,65.3,1,1,8,1,0,69.2,1
3,69.7,5,3,20,6,1,94.2,3
3,79.7,4,1,23,0,0,96.4,3
4,43.2,3,3,19,6,1,61.2,1
5,53.3,3,5,10,5,1,74.7,1
1,71.2,6,5,10,3,0,100.0,3
4,41.5,6,5,6,2,0,64.8,1
4,49.2,5,5,20,0,0,80.0,2
4,49.8,3,6,9,3,0,69.7,1
3,70.1,5,5,3,4,0,91.3,3
2,52.9,6,4,4,1,0,75.3,2
1,67.0,3,0,4,5,1,73.3,1
5,83.4,5,0,10,3,0,100.0,3
5,75.7,2,4,8,4,0,89.4,3
2,55.0,3,3,15,0,0,66.4,1
4,61.3,5,5,8,0,0,87.4,2
1,49.0,3,6,21,4,0,72.1,1
5,40.7,3,2,3,5,1,48.3,0
6,53.0,6,1,1,4,0,71.8,1
5,56.6,4,7,13,1,0,78.0,2
4,65.4,5,6,2,0,0,88.8,3
6,82.5,6,5,17,4,0,100.0,3
2,82.7,3,4,20,2,0,98.6,3
1,43.2,4,7,5,2,0,68.7,1
2,67.7,5,1,10,4,0,86.9,2
2,41.9,3,2,20,1,0,53.1,0
1,69.2,3,6,17,0,0,87.1,2
1,45.3,1,3,11,2,0,52.0,0
5,82.6,5,6,4,4,0,100.0,3
5,78.9,6,5,8,6,1,100.0,3
1,41.0,9,1,19,4,0,78.3,2
6,75.2,3,3,17,3,0,89.0,3
3,68.6,5,5,18,4,0,97.8,3
5,62.3,4,2,2,1,0,76.2,2
3,67.1,4,3,8,2,0,85.6,2
6,70.5,2,6,3,3,0,85.1,2
1,79.8,3,2,16,2,0,89.5,3
6,74.5,5,0,16,2,0,87.9,2
5,65.9,7,1,22,1,0,95.9,3
2,77.1,2,1,22,4,0,84.6,2
1,84.4,5,6,1,1,0,100.0,3
4,53.5,1,6,8,4,0,67.3,1
3,45.3,3,2,8,3,0,59.8,0
6,72.9,6,2,4,1,0,92.0,3
1,84.0,7,4,14,1,0,100.0,3
6,45.3,5,2,14,6,1,61.5,1
1,59.4,9,2,2,5,1,90.1,3
5,42.8,5,6,18,0,0,71.1,1
5,74.9,0,3,2,1,0,77.6,2
5,82.7,5,7,5,5,1,100.0,3
6,62.5,4,3,3,0,0,79.8,2
4,58.4,5,7,23,6,1,89.1,3
5,80.8,2,1,12,4,0,90.3,3
1,46.0,9,7,12,4,0,93.5,3
5,80.1,2,3,10,4,0,89.4,3
2,57.6,5,3,4,5,1,77.1,2
5,65.2,4,1,0,5,1,77.7,2
6,63.8,4,6,8,0,0,88.4,3
4,67.7,3,5,16,4,0,85.4,2
2,82.4,2,0,21,2,0,85.8,2
6,82.8,1,4,0,1,0,92.8,3
6,77.4,3,3,2,5,1,88.6,3
6,48.6,6,0,14,5,1,65.2,1
1,55.0,3,7,20,5,1,76.9,2
6,62.0,7,4,22,0,0,97.7,3
1,80.7,1,1,9,4,0,84.0,2
6,63.4,7,3,7,2,0,89.8,3
3,84.0,6,5,11,1,0,100.0,3
2,84.3,3,3,21,1,0,100.0,3
3,66.9,4,2,14,4,0,82.5,2
6,79.5,7,3,8,2,0,100.0,3
2,85.0,4,3,23,0,0,100.0,3
2,78.2,3,0,9,5,1,87.7,2
4,69.6,5,0,19,5,1,87.7,2
3,78.0,1,7,8,6,1,93.9,3
4,43.7,7,3,14,4,0,69.6,1
2,68.6,9,5,22,1,0,100.0,3
1,49.7,4,7,20,5,1,78.3,2
2,45.2,6,4,20,6,1,73.8,1
4,80.2,2,7,0,1,0,96.1,3
3,68.8,3,1,1,1,0,74.4,1
6,51.0,8,5,18,4,0,94.5,3
6,57.4,1,7,13,3,0,73.3,1
3,83.8,2,0,7,6,1,88.8,3
6,78.8,7,6,5,3,0,100.0,3
6,40.7,5,7,11,3,0,71.4,1
4,84.1,2,5,14,6,1,97.2,3
3,56.6,4,5,13,2,0,76.0,2
5,71.3,0,4,20,4,0,76.2,2
1,72.1,3,5,0,6,1,85.8,2
1,81.0,4,3,10,1,0,100.0,3
6,79.8,7,2,2,6,1,100.0,3
1,52.7,8,0,18,5,1,86.1,2
3,69.0,5,5,17,6,1,92.4,3
3,57.7,4,0,19,2,0,71.2,1
2,63.6,6,7,1,3,0,92.6,3
2,65.0,5,2,6,0,0,80.9,2
1,57.8,4,3,7,2,0,74.8,1
5,60.9,2,0,18,2,0,64.9,1
2,49.4,1,6,21,4,0,61.2,1
2,67.3,4,3,14,5,1,81.5,2
3,74.2,2,4,9,2,0,89.3,3
5,59.3,3,6,21,6,1,82.4,2
6,84.0,0,0,0,5,1,78.4,2
1,42.6,5,3,5,4,0,60.9,1
2,66.5,4,4,12,6,1,88.9,3
5,66.3,4,5,13,0,0,83.5,2
5,41.6,6,0,2,1,0,58.1,0
1,50.1,2,1,10,1,0,55.7,0
5,80.7,7,6,2,3,0,100.0,3
5,64.5,4,6,18,3,0,89.9,3
5,59.6,1,3,9,0,0,67.2,1
2,58.7,9,4,14,1,0,89.5,3
1,80.0,6,5,10,3,0,100.0,3
5,56.5,5,1,14,5,1,72.2,1
5,78.7,1,3,23,2,0,87.0,2
2,53.9,11,0,12,4,0,99.7,3
1,63.9,2,5,4,6,1,76.9,2
3,46.5,9,7,3,3,0,87.2,2
2,77.1,4,3,12,0,0,99.4,3
1,73.1,6,4,8,6,1,100.0,3
5,63.9,5,0,16,1,0,76.1,2
1,41.2,5,0,1,0,0,54.2,0
1,61.7,3,5,23,4,0,82.9,2
6,50.1,6,7,4,4,0,81.4,2
1,58.6,4,0,15,0,0,65.8,1
3,78.5,4,2,6,3,0,92.0,3
1,74.6,6,4,0,3,0,95.8,3
3,50.9,2,1,11,1,0,59.0,0
5,84.3,4,0,20,5,1,97.8,3
3,80.6,5,4,10,1,0,100.0,3
5,63.8,1,2,11,2,0,70.4,1
5,63.9,2,2,18,5,1,73.1,1
3,80.6,5,5,11,6,1,100.0,3
2,68.6,4,0,11,2,0,82.6,2
4,64.2,6,4,13,1,0,88.5,3
1,73.7,5,2,1,5,1,91.2,3
6,50.6,5,0,1,5,1,63.3,1
4,79.5,3,5,3,2,0,93.4,3
1,63.9,9,6,19,0,0,100.0,3
1,67.2,5,7,22,3,0,99.7,3
5,44.0,2,3,15,5,1,54.4,0
1,53.9,6,3,9,6,1,80.5,2
6,59.2,2,3,12,6,1,69.7,1
1,58.6,1,6,1,5,1,67.8,1
3,75.0,3,1,2,2,0,84.6,2
4,52.7,4,7,18,5,1,81.3,2
3,48.2,4,7,5,2,0,72.1,1
6,66.2,1,4,18,0,0,75.9,2
1,67.7,2,5,20,6,1,85.3,2
6,45.5,2,3,19,5,1,56.5,0
5,40.1,6,6,18,4,0,74.3,1
3,81.3,3,2,7,1,0,93.5,3
3,43.6,5,1,13,6,1,55.9,0
2,80.4,2,3,9,0,0,93.1,3
1,58.0,5,6,2,4,0,84.0,2
5,69.4,6,0,5,6,1,86.4,2
3,48.4,3,2,14,0,0,58.7,0
3,77.1,5,1,22,3,0,99.5,3
5,48.1,2,7,22,0,0,65.7,1
6,57.4,2,1,17,0,0,61.3,1
6,50.7,5,2,13,3,0,67.1,1
1,77.7,5,3,18,5,1,100.0,3
2,78.6,6,5,9,1,0,100.0,3
3,56.7,3,5,14,4,0,71.6,1
2,53.8,8,7,3,6,1,87.3,2
6,74.8,4,0,22,2,0,88.5,3
6,79.5,2,6,1,1,0,94.0,3
4,68.1,5,0,2,6,1,80.2,2
1,81.7,4,5,6,0,0,98.8,3
4,57.2,2,5,22,2,0,71.8,1
4,46.8,6,0,15,3,0,60.4,1
4,48.1,6,6,9,1,0,82.4,2
1,70.1,2,1,18,5,1,76.4,2
1,58.3,3,3,16,4,0,69.5,1
5,47.0,4,5,18,1,0,71.3,1
2,53.2,4,5,4,1,0,74.1,1
2,63.9,5,2,22,5,1,86.6,2
5,45.5,6,7,19,2,0,80.4,2
5,40.2,4,4,12,3,0,61.4,1
6,81.3,4,0,12,5,1,93.1,3
4,53.7,2,2,10,6,1,64.1,1
5,50.0,3,5,10,3,0,69.7,1
3,71.4,4,5,15,5,1,89.3,3
2,78.4,3,2,14,1,0,90.2,3
5,68.5,0,5,16,3,0,77.0,2
3,51.5,1,0,21,2,0,51.1,0
3,78.8,3,4,17,2,0,91.9,3
3,63.0,2,1,18,4,0,70.3,1
6,57.2,0,7,3,3,0,69.8,1
6,67.2,4,6,21,4,0,92.6,3
3,71.5,2,7,21,6,1,89.9,3
6,66.7,6,6,22,5,1,100.0,3
4,81.4,2,1,4,0,0,88.3,3
3,68.3,3,3,6,6,1,80.2,2
4,79.5,3,5,1,2,0,95.6,3
4,66.4,3,1,0,1,0,75.4,2
3,54.8,5,2,11,2,0,76.9,2
2,64.0,3,6,9,0,0,85.0,2
3,43.9,7,6,7,1,0,72.3,1
3,50.4,1,1,0,3,0,50.6,0
6,74.5,2,3,11,3,0,84.2,2
3,69.8,4,2,1,6,1,84.4,2
2,47.5,2,2,9,2,0,57.0,0
6,59.7,2,4,21,1,0,74.4,1
1,46.4,4,5,16,5,1,67.1,1
1,78.5,1,0,2,1,0,78.1,2
4,44.9,2,6,6,4,0,60.8,1
4,69.4,6,0,11,0,0,93.6,3
2,67.3,3,7,7,6,1,86.1,2
5,61.3,7,7,19,3,0,100.0,3
1,52.5,3,0,11,2,0,60.9,1
4,58.2,6,3,2,1,0,77.6,2
1,76.3,6,1,16,3,0,92.7,3
2,74.3,4,0,8,2,0,89.8,3
2,73.2,5,1,9,3,0,92.4,3
5,73.7,3,7,21,2,0,97.4,3
5,46.5,5,0,5,3,0,58.0,0
6,44.5,2,4,0,5,1,55.8,0
2,78.8,8,6,21,4,0,100.0,3
4,77.7,6,1,11,0,0,100.0,3
1,70.7,7,6,4,3,0,100.0,3
3,67.3,1,6,12,0,0,80.5,2
5,56.5,4,3,14,3,0,72.9,1
3,50.1,2,5,21,6,1,64.7,1
4,70.0,6,5,10,1,0,100.0,3
5,81.1,3,3,7,4,0,92.9,3
3,59.7,3,7,4,6,1,78.3,2
4,53.6,3,1,1,5,1,62.4,1
1,52.2,5,7,11,4,0,83.8,2
4,41.1,5,5,1,0,0,62.7,1
6,63.4,2,3,15,1,0,73.8,1
5,84.5,3,2,20,2,0,96.9,3
2,76.7,6,3,2,6,1,96.8,3
1,80.4,4,4,9,4,0,100.0,3
3,68.0,1,7,18,5,1,83.4,2
5,61.7,4,4,7,6,1,78.5,2
2,84.6,5,1,6,1,0,99.1,3
4,60.1,3,6,0,1,0,80.6,2
2,81.3,5,3,11,0,0,100.0,3
5,74.3,4,1,4,5,1,86.9,2
5,54.9,1,0,15,1,0,52.5,0
6,62.6,4,2,3,1,0,75.1,2
6,57.3,4,1,16,2,0,68.9,1
2,46.1,4,1,23,0,0,61.6,1
4,56.1,5,1,20,0,0,78.6,2
2,80.0,4,5,1,5,1,100.0,3
5,73.9,7,7,11,1,0,100.0,3
5,52.5,5,1,0,2,0,65.2,1
3,56.6,1,5,11,3,0,64.9,1
6,67.7,4,7,11,4,0,97.1,3
3,58.7,2,4,11,6,1,72.1,1
1,62.6,3,2,18,0,0,78.1,2
5,71.4,3,6,16,2,0,87.5,2
3,61.0,4,7,19,5,1,90.7,3
2,48.6,3,7,23,2,0,72.1,1
6,63.4,2,0,23,1,0,68.3,1
6,56.0,3,2,10,4,0,69.7,1
4,53.1,2,7,12,0,0,74.5,1
2,54.8,8,1,7,3,0,77.5,2
4,59.8,7,7,9,1,0,99.0,3
3,79.9,7,6,7,0,0,100.0,3
1,73.0,4,4,19,6,1,93.9,3
2,70.1,3,0,7,5,1,74.4,1
2,61.2,3,5,8,0,0,82.5,2
2,40.1,3,1,6,2,0,45.6,0
4,55.3,4,6,13,6,1,77.4,2
3,76.6,5,5,1,4,0,99.8,3
2,57.5,3,6,10,3,0,78.8,2
2,65.4,5,6,7,4,0,88.0,3
6,49.2,5,7,12,2,0,81.8,2
1,81.2,7,1,20,3,0,100.0,3
6,81.5,5,7,14,3,0,100.0,3
6,46.6,4,3,2,1,0,60.2,1
1,72.6,2,2,22,3,0,81.1,2
3,43.4,5,6,13,0,0,69.3,1
6,66.9,3,2,14,4,0,76.4,2
3,48.0,2,2,1,5,1,56.3,0
6,46.6,4,3,18,5,1,66.9,1
5,40.2,10,4,11,4,0,86.6,2
1,82.3,3,4,19,1,0,100.0,3
6,77.3,2,4,3,3,0,88.8,3
5,43.5,6,6,2,2,0,70.6,1
4,67.0,4,5,4,6,1,84.2,2
5,50.5,1,0,2,6,1,48.7,0
2,51.9,1,7,14,0,0,65.9,1
6,79.3,8,7,18,1,0,100.0,3
5,45.1,3,6,1,6,1,61.4,1
3,67.1,3,3,11,3,0,80.8,2
4,58.1,8,3,4,5,1,85.6,2
6,48.6,1,4,21,2,0,59.0,0
2,60.3,6,4,16,3,0,83.7,2
5,82.3,3,7,13,1,0,100.0,3
4,75.2,2,4,21,2,0,87.9,2
6,45.9,6,7,9,6,1,81.3,2
4,78.2,7,3,2,2,0,100.0,3
2,82.2,4,4,3,2,0,98.6,3
5,52.5,5,2,5,2,0,68.2,1
4,55.0,5,4,23,6,1,81.5,2
4,45.7,4,2,21,3,0,62.8,1
1,55.5,4,1,15,2,0,64.8,1
4,70.3,7,7,6,3,0,100.0,3
1,52.2,6,1,14,2,0,70.9,1
5,40.3,2,3,20,2,0,51.5,0
6,55.2,6,0,19,1,0,79.0,2
6,60.4,6,5,10,3,0,93.5,3
5,65.5,4,1,21,5,1,81.5,2
5,70.8,4,3,20,3,0,89.3,3
3,42.8,4,3,0,4,0,55.8,0
5,61.1,3,2,4,6,1,70.7,1
4,52.0,5,2,12,5,1,71.9,1
6,82.7,4,4,20,1,0,100.0,3
2,56.2,2,5,13,3,0,67.5,1
6,44.5,2,1,8,1,0,53.6,0
1,41.9,4,2,16,5,1,57.4,0
6,51.9,1,0,14,1,0,54.0,0
3,48.0,8,5,20,1,0,87.6,2
5,69.2,5,7,6,0,0,97.6,3
5,78.1,1,7,21,3,0,92.4,3
6,54.1,3,3,21,1,0,69.3,1
2,66.0,2,5,11,0,0,79.8,2
2,72.9,4,4,22,0,0,95.8,3
3,57.9,2,2,5,2,0,65.5,1
1,43.0,5,2,20,2,0,66.1,1
6,50.3,4,2,15,6,1,65.1,1
5,79.7,5,7,4,5,1,100.0,3
6,77.1,4,5,8,3,0,100.0,3
3,43.9,4,1,13,2,0,56.8,0
4,50.1,2,6,7,5,1,63.5,1
4,74.6,5,6,13,3,0,98.3,3
3,61.9,2,5,11,5,1,76.8,2
5,74.2,7,2,9,6,1,100.0,3
3,49.5,3,5,19,6,1,69.9,1
5,82.9,4,3,19,0,0,100.0,3
2,75.3,3,2,20,0,0,90.0,3
3,48.9,5,6,12,3,0,77.7,2
5,65.1,5,5,18,5,1,92.9,3
3,45.1,4,0,14,5,1,52.6,0
3,56.3,7,2,7,2,0,81.0,2
5,69.7,4,4,22,2,0,90.0,3
5,54.9,5,4,20,3,0,83.2,2
1,69.6,9,6,9,4,0,100.0,3
3,51.0,3,6,2,2,0,70.3,1
4,72.5,2,0,20,1,0,80.0,2
3,56.2,6,4,2,2,0,80.8,2
3,75.6,3,6,4,4,0,94.0,3
5,46.2,5,1,15,5,1,62.2,1
3,56.3,2,6,16,0,0,73.1,1
6,60.9,6,3,5,0,0,79.8,2
3,59.1,2,3,19,5,1,72.4,1
6,59.5,6,1,19,0,0,85.8,2
4,60.0,3,4,15,2,0,75.2,2
5,84.5,2,0,23,6,1,90.7,3
3,48.7,3,0,1,0,0,56.5,0
6,74.6,4,3,19,6,1,92.9,3
6,64.8,3,6,14,4,0,80.7,2
6,58.6,0,5,17,6,1,64.9,1
2,68.5,4,6,0,4,0,89.3,3
1,78.4,3,0,18,2,0,85.6,2
4,61.0,3,6,11,5,1,80.7,2
3,78.9,1,1,7,1,0,81.0,2
2,44.2,6,3,5,2,0,64.3,1
3,69.4,5,2,11,0,0,92.9,3
3,55.0,3,6,6,2,0,75.2,2
5,57.4,6,1,17,4,0,77.2,2
5,65.7,6,1,21,2,0,90.3,3
5,61.6,4,0,13,2,0,70.7,1
2,57.2,2,5,7,1,0,71.7,1
3,53.9,3,7,23,4,0,75.7,2
1,67.8,3,0,19,3,0,77.0,2
4,62.8,5,6,21,3,0,93.7,3
5,54.5,2,0,13,4,0,57.3,0
5,49.2,7,2,4,3,0,73.8,1
3,74.9,4,1,8,0,0,88.9,3
3,76.0,7,4,7,3,0,100.0,3
2,49.6,6,3,1,0,0,72.6,1
2,51.8,3,0,15,4,0,58.1,0
5,50.8,7,7,12,3,0,93.0,3
3,79.8,3,0,6,3,0,86.7,2
1,74.8,5,1,15,5,1,87.5,2
4,43.4,3,2,6,6,1,53.1,0
3,77.5,2,0,13,0,0,78.1,2
3,41.7,2,2,13,0,0,46.2,0
6,51.4,3,2,11,2,0,62.6,1
2,81.4,5,6,0,1,0,100.0,3
4,78.9,1,4,0,3,0,84.6,2
5,75.2,4,2,11,5,1,94.2,3
3,60.6,5,4,19,1,0,86.3,2
5,54.5,3,3,20,6,1,68.2,1
3,79.7,5,2,14,6,1,98.0,3
5,69.6,2,3,3,5,1,80.1,2
4,53.3,5,2,6,1,0,68.4,1
2,60.8,5,4,15,3,0,81.9,2
4,79.7,6,4,2,6,1,100.0,3
6,80.7,5,7,6,5,1,100.0,3
1,69.7,3,3,23,0,0,82.9,2
2,73.0,3,1,21,2,0,84.6,2
4,41.8,1,1,5,5,1,41.6,0
6,67.2,8,1,15,4,0,90.0,3
1,71.0,2,2,23,6,1,78.0,2
6,40.9,8,7,7,6,1,76.3,2
3,78.0,5,1,22,3,0,99.3,3
3,81.8,0,3,21,3,0,83.7,2
5,50.7,4,1,5,4,0,59.3,0
2,78.1,0,3,9,6,1,79.0,2
3,69.9,0,3,15,1,0,72.7,1
6,66.1,6,5,10,2,0,97.3,3
2,77.9,5,2,12,1,0,99.3,3
3,52.9,3,5,5,4,0,66.6,1
5,75.6,6,7,23,4,0,100.0,3
4,54.2,4,4,0,2,0,73.6,1
5,75.4,5,2,20,4,0,99.9,3
1,60.3,4,2,18,4,0,77.0,2
3,45.3,5,0,11,6,1,62.7,1
1,57.2,6,1,23,5,1,80.8,2
1,50.5,5,7,5,6,1,75.9,2
6,44.5,5,1,17,2,0,59.0,0
2,45.0,6,3,12,3,0,75.9,2
6,75.1,5,4,6,1,0,93.7,3
3,79.7,6,7,22,3,0,100.0,3
1,81.7,4,7,12,3,0,100.0,3
4,78.4,5,5,20,5,1,100.0,3
1,77.4,6,7,7,1,0,100.0,3
4,43.1,3,1,20,3,0,55.3,0
6,75.6,2,1,16,2,0,81.2,2
6,75.2,5,6,8,1,0,100.0,3
2,45.9,2,4,19,0,0,59.7,0
1,69.8,4,1,12,5,1,88.1,3
5,60.4,5,0,1,3,0,70.2,1
6,80.5,4,6,3,4,0,100.0,3
6,71.3,3,1,1,1,0,76.8,2
2,82.8,3,0,3,0,0,89.7,3
4,44.7,6,2,17,4,0,66.0,1
2,41.8,5,2,4,0,0,58.6,0
1,83.8,4,7,18,3,0,100.0,3
3,43.6,4,7,9,4,0,73.4,1
3,57.4,1,0,17,3,0,55.0,0
4,69.2,11,5,20,4,0,100.0,3
6,79.6,5,7,9,1,0,100.0,3
4,51.5,5,5,4,6,1,74.0,1
6,41.3,4,7,16,2,0,65.7,1
6,63.5,4,3,21,6,1,85.1,2
3,61.2,6,0,12,2,0,84.5,2
4,53.8,6,7,22,6,1,90.1,3
2,79.3,2,6,16,0,0,92.9,3
6,73.7,5,7,8,5,1,100.0,3
5,78.6,6,3,23,4,0,100.0,3
5,47.3,2,4,11,3,0,58.4,0
2,71.2,2,4,13,5,1,80.0,2
5,83.9,2,6,13,1,0,99.3,3
1,67.5,2,0,7,1,0,68.1,1
6,47.7,5,7,22,1,0,78.0,2
2,84.8,8,6,4,2,0,100.0,3
4,63.8,4,3,18,3,0,84.2,2
6,77.8,6,7,13,1,0,100.0,3
2,46.7,5,2,8,1,0,66.9,1
3,70.0,5,0,6,6,1,84.3,2
4,81.1,5,0,7,0,0,93.4,3
3,63.9,8,3,13,4,0,90.5,3
6,53.0,2,4,21,4,0,64.3,1
4,45.7,4,5,13,4,0,64.5,1
5,53.3,6,6,10,5,1,87.2,2
2,56.0,6,2,13,6,1,74.3,1
6,71.9,3,3,20,6,1,90.0,3
1,48.0,1,7,7,0,0,59.5,0
4,44.8,6,6,2,2,0,72.9,1
4,57.4,7,3,22,5,1,92.1,3
6,60.6,4,6,17,0,0,81.9,2
6,68.3,2,2,2,1,0,73.9,1
3,71.8,5,5,12,3,0,98.6,3
5,80.0,2,6,11,5,1,96.2,3
3,53.0,2,5,14,5,1,66.3,1
3,63.8,4,7,17,1,0,86.0,2
5,56.5,2,0,4,1,0,59.6,0
1,40.1,5,0,6,3,0,49.9,0
3,66.1,5,1,10,4,0,84.0,2
3,76.7,3,7,10,5,1,100.0,3
4,41.6,7,6,14,0,0,72.3,1
5,40.2,4,6,9,2,0,65.8,1
2,72.8,4,6,14,1,0,93.2,3
1,70.8,4,2,12,1,0,89.1,3
1,58.3,5,6,13,2,0,82.4,2
5,69.8,5,3,16,0,0,87.8,2
6,82.9,3,1,12,1,0,95.1,3
6,51.2,6,7,9,2,0,88.8,3
4,51.1,3,1,0,6,1,58.3,0
4,48.4,5,1,0,1,0,62.9,1
5,72.6,4,7,14,4,0,93.3,3
4,55.9,2,0,15,4,0,59.3,0
1,84.5,3,7,11,1,0,100.0,3
1,72.2,7,4,23,6,1,100.0,3
2,56.5,8,1,5,1,0,79.4,2
6,46.7,7,3,5,4,0,71.6,1
5,66.6,2,5,11,6,1,83.0,2
3,53.3,8,0,14,1,0,75.0,2
6,80.7,6,5,3,6,1,100.0,3
3,59.9,3,7,23,0,0,81.3,2
2,53.2,3,4,3,0,0,69.5,1
2,66.5,4,4,1,3,0,84.1,2
4,46.2,4,1,23,0,0,63.0,1
2,65.3,1,1,11,5,1,69.5,1
2,42.5,3,0,6,6,1,48.2,0
3,67.3,3,1,19,5,1,78.4,2
4,63.9,2,6,8,5,1,83.6,2
2,63.4,5,0,8,1,0,80.9,2
6,70.8,3,4,7,1,0,85.3,2
2,42.0,6,6,13,2,0,67.3,1
4,60.7,3,7,0,6,1,79.4,2
5,60.0,3,3,22,5,1,75.5,2
4,60.7,3,3,20,5,1,74.1,1
3,84.1,2,7,22,0,0,100.0,3
5,46.3,4,6,11,4,0,70.7,1
6,71.1,1,2,1,6,1,72.4,1
1,58.1,7,5,12,4,0,93.3,3
4,63.0,4,2,3,6,1,78.3,2
3,74.3,5,2,19,6,1,98.1,3
6,47.1,9,7,17,3,0,85.3,2
5,74.4,2,3,18,2,0,87.3,2
6,43.2,5,1,15,4,0,57.6,0
4,61.7,5,6,13,3,0,86.1,2
2,73.4,4,0,7,0,0,82.7,2
4,48.7,3,7,11,2,0,70.7,1
1,74.7,4,3,8,2,0,94.7,3
4,47.5,6,2,5,5,1,65.1,1
5,76.0,4,2,17,6,1,87.7,2
5,61.1,5,5,1,6,1,82.6,2
4,70.8,3,1,22,1,0,82.0,2
5,81.3,3,2,7,6,1,92.6,3
2,58.4,3,2,23,6,1,70.7,1
6,50.5,5,0,13,6,1,61.2,1
4,79.0,7,1,5,5,1,99.6,3
2,47.3,2,4,9,0,0,61.9,1
6,68.4,7,4,7,6,1,93.7,3
6,81.5,3,2,16,5,1,90.0,3
2,70.3,4,2,11,2,0,88.0,3
3,48.8,5,6,16,5,1,72.1,1
4,46.9,6,0,12,6,1,68.2,1
6,51.4,4,4,18,3,0,74.4,1
6,57.6,1,1,11,5,1,61.6,1
5,47.2,2,1,15,4,0,50.9,0
6,75.9,3,3,4,0,0,87.8,2
2,56.1,3,5,15,0,0,72.0,1
6,82.1,1,3,5,2,0,85.5,2
3,77.9,5,1,10,5,1,96.8,3
4,80.9,6,3,16,2,0,100.0,3
4,53.3,4,5,22,2,0,77.7,2
6,65.8,1,5,13,3,0,73.8,1
1,54.5,2,0,5,1,0,59.4,0
1,51.6,1,2,22,2,0,57.3,0
2,67.3,4,1,10,1,0,84.1,2
1,76.8,2,4,11,1,0,90.6,3
2,44.2,8,4,12,0,0,84.9,2
5,52.4,3,6,3,4,0,69.7,1
2,49.2,3,1,6,4,0,57.7,0
1,75.9,4,3,1,5,1,90.8,3
6,82.0,3,3,5,3,0,95.1,3
5,43.6,1,6,5,3,0,53.4,0
1,57.1,7,6,17,4,0,89.1,3
2,81.2,2,6,19,5,1,96.5,3
3,55.5,5,1,7,6,1,71.4,1
4,72.1,2,1,7,4,0,77.5,2
1,44.5,9,1,7,5,1,70.0,1
2,60.0,6,0,7,5,1,75.4,2
5,62.6,5,7,0,5,1,90.2,3
1,74.1,5,4,1,5,1,93.5,3
1,53.0,3,0,11,0,0,64.5,1
4,51.9,3,5,14,0,0,69.3,1
2,53.6,1,6,3,4,0,66.5,1
3,65.0,3,6,2,5,1,82.5,2
5,79.4,3,0,13,2,0,85.1,2
2,77.4,3,2,21,5,1,90.9,3
5,42.6,1,0,22,2,0,45.5,0
1,79.6,3,6,7,0,0,96.1,3
4,44.3,2,5,12,5,1,61.4,1
4,58.7,5,4,22,1,0,82.9,2
6,74.4,2,3,18,4,0,87.9,2
3,43.7,4,4,21,5,1,63.8,1
4,41.8,5,6,4,3,0,67.1,1
1,54.8,2,1,12,2,0,61.1,1
3,72.8,4,5,19,6,1,97.7,3
2,63.5,6,7,0,6,1,91.8,3
4,58.8,0,1,15,5,1,57.4,0
3,76.6,5,1,22,1,0,96.8,3
1,74.5,3,0,23,2,0,83.0,2
6,75.4,2,5,1,1,0,90.0,3
5,60.7,3,2,6,6,1,71.8,1
5,40.9,4,7,5,4,0,62.3,1
1,47.7,0,3,4,6,1,48.8,0
1,73.4,3,0,3,4,0,76.9,2
5,73.9,2,6,1,4,0,91.1,3
6,83.8,0,1,9,0,0,84.0,2
3,48.6,1,4,21,6,1,58.2,0
5,45.5,3,6,4,6,1,62.5,1
1,46.2,4,1,17,1,0,58.3,0
4,48.3,1,4,9,5,1,58.0,0
2,63.8,7,3,22,3,0,98.3,3
6,83.9,3,1,21,3,0,93.5,3
6,66.5,4,7,14,4,0,89.4,3
4,63.5,5,5,8,3,0,93.6,3
4,70.3,5,5,10,2,0,98.3,3
1,43.3,6,3,20,1,0,73.8,1
5,76.7,3,1,16,1,0,85.8,2
3,69.1,11,6,20,1,0,100.0,3
6,47.7,3,1,8,2,0,58.0,0
6,68.4,1,4,22,5,1,77.6,2
4,66.8,2,2,15,0,0,75.3,2
5,42.9,3,5,5,2,0,60.3,1
6,52.0,4,4,21,1,0,73.8,1
3,57.6,6,0,10,1,0,79.9,2
4,51.0,5,6,22,6,1,79.6,2
3,50.9,4,6,16,1,0,73.2,1
5,65.8,4,6,3,5,1,86.3,2
6,61.2,3,3,14,3,0,75.6,2
2,70.0,7,3,0,0,0,94.7,3
6,83.0,5,2,21,2,0,100.0,3
5,69.7,2,1,19,1,0,78.9,2
6,66.2,6,3,0,6,1,85.6,2
6,78.1,2,6,8,6,1,97.3,3
1,68.4,4,2,11,4,0,87.6,2
6,47.5,0,0,3,0,0,42.8,0
6,54.2,2,3,21,6,1,67.0,1
3,73.0,1,6,12,4,0,88.0,3
2,73.2,5,0,6,0,0,83.1,2
3,84.4,7,5,7,1,0,100.0,3
3,68.2,1,4,12,0,0,79.3,2
4,80.5,6,3,10,0,0,100.0,3
1,42.5,6,3,8,1,0,72.6,1
3,65.5,1,1,23,5,1,66.1,1
5,81.4,3,0,15,6,1,89.8,3
5,52.9,3,4,9,4,0,69.1,1
6,47.0,5,2,10,5,1,67.9,1
4,55.8,7,4,11,4,0,90.9,3
1,75.7,4,3,13,3,0,88.6,3
1,43.8,1,7,18,6,1,61.1,1
6,67.0,5,5,11,4,0,95.4,3
5,46.1,0,7,17,4,0,57.8,0
2,59.6,1,0,20,0,0,59.2,0
4,83.5,3,3,16,3,0,97.1,3
6,48.8,4,2,2,1,0,60.0,1
4,41.5,5,2,0,1,0,58.3,0
5,59.2,2,3,18,2,0,72.3,1
5,66.0,4,5,3,3,0,87.4,2
2,53.4,10,6,22,0,0,100.0,3
2,64.4,5,3,15,2,0,80.5,2
1,82.9,6,3,11,2,0,100.0,3
4,54.0,2,0,20,1,0,57.4,0
4,53.9,7,1,20,4,0,83.6,2
5,61.7,2,2,12,0,0,68.9,1
1,63.2,6,0,16,3,0,77.9,2
6,40.1,3,2,7,2,0,52.2,0
4,67.7,3,3,12,0,0,85.0,2
1,84.9,4,2,19,1,0,100.0,3
1,53.1,4,5,4,2,0,73.2,1
5,68.4,6,5,17,2,0,94.6,3
1,40.2,6,5,14,5,1,64.4,1
2,67.2,4,4,11,1,0,91.4,3
2,60.1,4,2,16,5,1,72.7,1
3,63.9,6,5,14,1,0,90.1,3
5,64.5,3,4,1,1,0,76.5,2
6,48.0,5,0,5,5,1,62.4,1
3,74.6,3,0,16,6,1,78.2,2
2,65.0,9,6,15,0,0,100.0,3
3,52.2,5,5,16,0,0,74.7,1
5,82.2,2,6,19,6,1,97.6,3
5,40.6,3,4,8,0,0,59.1,0
1,72.7,8,2,4,4,0,96.6,3
4,57.2,5,5,22,2,0,83.2,2
1,63.5,6,7,0,0,0,94.8,3
5,53.1,4,0,5,4,0,62.3,1
2,54.5,2,2,23,2,0,65.1,1
6,40.7,6,1,13,0,0,56.7,0
2,72.8,4,5,16,1,0,93.9,3
1,72.0,4,1,18,6,1,86.6,2
6,69.4,2,5,0,3,0,81.4,2
5,79.5,7,4,0,0,0,100.0,3
2,80.6,7,4,12,3,0,100.0,3
5,65.0,2,7,13,0,0,81.8,2
6,70.8,4,2,5,1,0,85.9,2
6,40.5,6,1,5,6,1,59.0,0
2,78.1,4,1,0,6,1,87.1,2
5,76.7,7,4,13,3,0,100.0,3
3,40.9,4,3,2,4,0,56.5,0
5,64.4,2,2,22,1,0,75.9,2
6,80.8,5,2,9,3,0,100.0,3
5,48.2,3,0,18,3,0,56.5,0
1,55.9,3,4,18,5,1,75.5,2
3,54.9,3,0,18,5,1,66.3,1
4,56.0,9,3,22,1,0,99.8,3
1,41.9,2,0,3,1,0,43.9,0
4,52.6,4,3,19,1,0,74.3,1
2,53.3,5,0,18,2,0,69.2,1
4,79.0,4,4,9,4,0,100.0,3
5,55.8,2,3,1,0,0,62.8,1
4,60.1,4,2,3,5,1,72.1,1
6,57.1,3,4,23,6,1,77.1,2
1,45.4,1,4,5,6,1,53.5,0
1,84.6,6,7,6,3,0,100.0,3
4,77.2,3,6,15,5,1,92.9,3
1,64.3,4,6,6,0,0,86.2,2
6,61.4,3,7,17,1,0,80.4,2
1,69.2,6,5,19,6,1,100.0,3
4,54.7,7,1,21,5,1,82.6,2
3,42.3,2,2,18,4,0,53.7,0
3,58.2,4,0,8,4,0,70.0,1
2,84.3,2,6,19,2,0,99.1,3
1,48.2,1,4,9,5,1,56.8,0
4,63.7,7,0,12,1,0,92.6,3
1,40.4,3,4,17,3,0,52.5,0
5,45.5,3,2,15,2,0,54.7,0
6,66.4,7,4,21,1,0,100.0,3
1,53.4,3,6,16,2,0,69.4,1
1,80.8,8,0,21,5,1,100.0,3
3,58.3,3,0,12,0,0,65.8,1
6,49.4,7,2,11,6,1,78.2,2
4,64.6,8,6,9,5,1,100.0,3
1,75.8,5,7,0,1,0,100.0,3
3,40.9,3,0,7,3,0,47.4,0
2,62.7,1,3,20,3,0,67.3,1
6,74.8,5,4,21,1,0,100.0,3
3,44.7,3,7,17,2,0,64.2,1
3,80.6,0,3,1,4,0,85.2,2
3,51.9,3,1,15,1,0,58.2,0
1,47.7,3,6,11,6,1,68.5,1
1,66.5,6,1,8,5,1,91.2,3
2,47.9,1,7,2,3,0,60.9,1
5,70.6,3,5,21,0,0,92.1,3
5,62.1,2,5,20,3,0,75.5,2
5,44.9,2,6,3,4,0,60.5,1
6,81.1,3,7,1,3,0,100.0,3
6,70.3,4,4,7,4,0,89.8,3
2,64.6,1,0,9,6,1,67.6,1
6,56.8,3,7,15,1,0,75.9,2
5,46.1,2,2,22,3,0,54.2,0
5,71.8,6,1,10,2,0,98.3,3
3,76.6,5,6,17,5,1,100.0,3
6,45.7,5,0,21,2,0,64.1,1
1,62.3,5,6,13,5,1,84.3,2
1,61.8,6,5,7,3,0,86.4,2
3,55.7,6,2,22,6,1,82.4,2
3,75.5,4,4,14,3,0,93.7,3
3,44.5,6,0,16,5,1,60.1,1
1,49.2,3,7,20,6,1,74.1,1
5,40.1,3,7,17,0,0,59.1,0
3,56.8,6,3,5,6,1,77.7,2
2,53.1,4,4,22,3,0,76.1,2
3,79.0,3,1,13,0,0,89.4,3
4,73.6,6,4,22,0,0,100.0,3
3,43.8,3,4,2,5,1,60.0,1
1,73.3,5,2,6,0,0,89.4,3
6,70.4,5,7,14,0,0,94.9,3
3,52.7,2,6,20,1,0,69.3,1
6,40.7,2,1,23,6,1,47.5,0
4,45.2,5,5,15,2,0,66.4,1
2,51.2,1,2,15,0,0,55.9,0
6,76.7,3,4,7,2,0,91.2,3
5,60.9,8,6,6,0,0,96.7,3
3,81.3,0,6,5,2,0,92.3,3
4,75.5,3,0,1,3,0,82.6,2
4,52.9,6,3,21,3,0,80.1,2
6,78.0,3,3,12,2,0,93.1,3
2,45.3,4,7,11,6,1,75.1,2
1,41.6,3,2,14,0,0,51.9,0
3,67.4,6,6,8,1,0,100.0,3
4,55.4,3,0,1,6,1,59.8,0
2,54.8,8,3,16,2,0,82.7,2
5,70.9,3,0,4,6,1,78.0,2
4,78.3,5,5,10,4,0,100.0,3
2,54.5,3,5,21,1,0,71.8,1
1,54.6,4,2,18,4,0,73.1,1
1,64.0,6,1,23,2,0,87.4,2
4,69.4,4,0,6,0,0,79.4,2
4,49.1,2,0,1,6,1,50.6,0
6,81.1,9,1,15,6,1,100.0,3
3,69.4,9,4,11,4,0,100.0,3
2,68.1,3,4,22,6,1,87.1,2
4,80.7,1,6,14,2,0,91.4,3
3,80.8,1,4,0,1,0,86.8,2
6,46.1,6,2,12,0,0,73.3,1
3,46.5,4,4,22,4,0,67.9,1
4,74.3,5,2,5,6,1,91.8,3
1,83.1,4,1,12,2,0,99.3,3
2,70.0,3,6,17,0,0,89.6,3
2,58.5,4,0,2,0,0,65.9,1
1,70.8,4,3,0,3,0,87.9,2
4,50.3,9,3,14,0,0,83.4,2
2,84.9,3,2,12,2,0,98.4,3
4,59.4,3,2,4,1,0,68.9,1
6,81.9,2,6,12,5,1,97.1,3
4,59.4,3,5,21,3,0,80.5,2
3,81.8,3,0,4,2,0,86.3,2
1,55.1,8,6,18,2,0,97.9,3
4,74.2,4,7,20,2,0,100.0,3
6,82.8,5,1,23,4,0,100.0,3
5,69.1,6,7,17,6,1,98.7,3
1,70.5,5,6,20,4,0,100.0,3
2,44.6,2,6,21,1,0,60.9,1
3,61.3,4,0,9,2,0,74.9,1
2,79.9,4,5,23,6,1,100.0,3
6,50.8,8,2,7,4,0,78.3,2
6,75.5,6,0,14,4,0,91.0,3
2,70.4,2,2,20,4,0,78.7,2
1,50.0,8,3,19,1,0,88.2,3
2,52.7,4,0,22,1,0,64.6,1
4,59.2,0,1,21,2,0,56.0,0
2,45.6,3,3,3,3,0,55.7,0
3,81.1,2,7,1,2,0,97.4,3
3,73.3,7,1,23,4,0,100.0,3
5,56.4,3,1,5,5,1,65.0,1
3,53.5,9,7,2,6,1,94.2,3
2,71.0,3,2,6,4,0,78.7,2
3,59.1,4,1,9,0,0,76.3,2
1,50.3,7,5,22,5,1,85.9,2
3,59.4,6,4,5,5,1,85.2,2
4,79.2,6,1,15,6,1,97.2,3
1,43.1,0,0,1,2,0,39.2,0
5,56.6,2,5,23,4,0,72.8,1
4,83.3,5,2,16,4,0,100.0,3
2,40.7,1,2,12,3,0,47.7,0
2,80.1,5,5,0,0,0,99.9,3
2,56.9,4,4,5,2,0,72.0,1
4,48.5,4,2,4,1,0,62.6,1
4,40.7,3,2,12,2,0,56.7,0
4,43.2,8,3,22,5,1,80.5,2
1,47.7,1,3,17,2,0,54.3,0
6,41.1,8,6,11,3,0,86.6,2
1,55.1,2,3,6,2,0,62.5,1
2,42.0,3,4,14,3,0,56.8,0
6,71.1,2,5,2,5,1,81.6,2
3,76.9,2,6,15,3,0,90.6,3
2,79.9,3,2,0,6,1,88.2,3
5,64.7,4,7,15,6,1,87.2,2
1,82.6,1,6,23,4,0,95.2,3
4,40.3,1,6,11,1,0,53.5,0
1,46.0,3,2,18,5,1,61.7,1
4,53.2,6,2,7,3,0,71.4,1
6,75.5,7,1,22,0,0,100.0,3
5,79.8,5,7,11,5,1,100.0,3
6,67.8,2,7,14,0,0,86.5,2
5,57.2,8,6,1,1,0,93.1,3
1,70.0,1,2,16,3,0,73.7,1
4,48.1,4,2,6,5,1,59.6,0
6,60.6,5,5,12,5,1,90.8,3
5,62.8,4,0,0,1,0,71.9,1
2,44.7,4,0,5,4,0,54.4,0
2,41.5,4,2,12,0,0,59.3,0
6,73.8,1,1,10,5,1,78.8,2
4,64.1,1,1,9,2,0,66.8,1
6,55.0,6,7,15,0,0,84.1,2
1,59.7,1,4,23,3,0,66.7,1
5,83.1,3,4,22,1,0,100.0,3
1,57.3,3,5,19,0,0,75.4,2
2,44.7,2,2,16,2,0,50.2,0
5,60.9,6,3,16,6,1,80.2,2
6,69.2,7,1,3,2,0,87.6,2
1,40.5,7,3,4,1,0,63.8,1
3,55.0,3,4,22,1,0,70.5,1
4,57.7,5,1,13,6,1,73.2,1
4,60.9,6,3,19,0,0,91.3,3
3,53.6,3,2,9,3,0,68.3,1
2,70.0,2,3,13,4,0,77.1,2
5,82.5,4,7,0,2,0,100.0,3
4,81.1,4,6,10,1,0,100.0,3
3,69.9,0,4,22,4,0,75.0,2
6,62.8,4,1,17,4,0,72.4,1
3,77.2,1,1,15,4,0,77.1,2
2,77.6,4,6,17,3,0,97.8,3
2,77.3,6,1,7,1,0,92.3,3
1,47.1,5,2,9,2,0,68.3,1
4,41.1,4,6,9,1,0,68.4,1
1,84.2,3,1,4,0,0,89.8,3
3,83.2,6,3,9,2,0,100.0,3
5,65.4,3,0,17,1,0,71.7,1
5,84.7,2,5,20,2,0,100.0,3
2,74.7,5,5,23,0,0,100.0,3
5,63.3,8,0,5,5,1,83.7,2
5,57.5,5,5,2,2,0,78.1,2
5,66.7,6,2,7,5,1,87.4,2
3,63.2,2,3,8,4,0,72.2,1
5,84.7,3,5,4,6,1,100.0,3
6,62.1,5,2,1,3,0,78.4,2
5,77.6,2,0,1,0,0,81.9,2
5,76.6,3,5,6,2,0,92.9,3
1,43.2,4,1,16,0,0,53.6,0
3,43.9,2,0,9,4,0,49.2,0
2,69.7,4,0,11,5,1,84.9,2
1,51.7,4,7,1,3,0,75.3,2
4,69.6,2,6,9,0,0,86.4,2
3,46.5,4,0,19,5,1,58.5,0
6,57.9,4,2,0,4,0,71.3,1
3,44.6,4,4,3,4,0,61.3,1
4,52.7,5,2,12,4,0,73.0,1
4,44.0,4,4,11,6,1,64.3,1
4,83.7,4,2,10,5,1,100.0,3
2,57.8,4,6,9,2,0,84.5,2
5,80.6,4,5,14,1,0,98.2,3
3,83.7,2,6,4,0,0,97.3,3
5,80.9,7,5,16,6,1,100.0,3
5,60.5,4,5,4,1,0,81.3,2
6,75.1,4,0,1,4,0,84.3,2
4,46.9,4,1,8,1,0,61.9,1
2,44.3,5,6,5,5,1,69.0,1
6,79.5,4,3,17,4,0,94.2,3
1,41.4,5,7,13,6,1,66.4,1
2,83.8,3,4,18,4,0,100.0,3
5,70.2,3,2,13,3,0,79.6,2
2,58.9,0,5,7,3,0,66.2,1
4,46.4,3,1,16,6,1,55.0,0
1,72.5,6,3,2,5,1,95.5,3
4,65.3,1,1,9,5,1,65.8,1
1,72.0,5,5,16,1,0,93.7,3
6,58.8,4,6,10,6,1,86.3,2
5,43.0,5,7,7,0,0,70.9,1
1,54.2,3,6,0,6,1,73.5,1
1,54.2,5,4,12,1,0,79.5,2
1,40.4,4,4,20,5,1,62.4,1
2,40.4,4,6,3,0,0,61.4,1
6,54.9,4,6,6,6,1,75.0,2
2,72.7,9,3,13,1,0,100.0,3
5,68.1,6,3,4,2,0,88.2,3
1,50.8,4,5,23,2,0,76.9,2
6,67.1,2,5,10,0,0,80.7,2
6,69.1,3,4,16,3,0,84.7,2
3,63.5,3,4,4,0,0,76.8,2
5,63.5,2,0,19,1,0,70.1,1
6,56.6,2,3,2,4,0,63.8,1
1,45.6,4,3,4,2,0,59.3,0
1,57.3,3,6,14,4,0,76.9,2
6,55.5,7,4,18,2,0,90.4,3
2,66.6,6,7,15,1,0,94.9,3
5,78.5,3,6,7,2,0,98.1,3
1,56.9,8,2,12,0,0,94.2,3
6,71.9,3,7,15,4,0,92.5,3
1,76.5,5,0,2,5,1,86.7,2
6,49.5,3,2,0,4,0,61.6,1
5,80.6,4,6,8,1,0,100.0,3
6,43.2,3,4,8,5,1,59.3,0
3,80.6,3,0,21,4,0,91.0,3
6,47.4,6,0,16,6,1,65.0,1
6,55.2,6,4,23,1,0,85.3,2
5,67.2,8,5,1,6,1,96.6,3
6,80.8,2,7,8,3,0,99.6,3
5,51.5,5,7,23,0,0,82.3,2
3,74.4,4,1,18,2,0,92.8,3
5,72.0,7,1,12,6,1,100.0,3
1,47.2,2,3,4,2,0,57.7,0
5,61.6,2,4,8,2,0,73.8,1
3,61.7,2,5,12,3,0,76.6,2
4,53.7,6,4,0,0,0,78.5,2
6,75.1,7,5,14,4,0,100.0,3
5,81.7,3,2,3,6,1,90.7,3
6,72.2,2,4,3,4,0,81.0,2
2,83.8,4,1,19,0,0,97.8,3
1,42.3,5,5,9,5,1,68.5,1
1,41.7,2,4,5,0,0,50.8,0
2,80.2,4,2,23,2,0,98.0,3
2,80.4,4,3,11,4,0,98.7,3
5,44.8,2,5,19,0,0,59.0,0
2,56.1,2,0,15,4,0,57.7,0
4,77.6,6,5,2,0,0,100.0,3
6,45.8,4,3,13,1,0,62.5,1
6,52.0,5,2,0,6,1,69.9,1
3,70.6,6,4,9,2,0,100.0,3
2,84.2,8,7,14,0,0,100.0,3
2,75.9,3,1,6,3,0,84.7,2
4,75.0,5,7,3,0,0,100.0,3
1,55.4,3,7,13,1,0,74.2,1
1,69.8,2,7,23,3,0,89.5,3
6,45.1,3,5,15,3,0,63.1,1
6,84.7,6,4,13,0,0,100.0,3
5,61.6,9,7,2,1,0,100.0,3
4,68.7,6,6,16,3,0,95.8,3
3,79.4,6,5,20,6,1,100.0,3
3,40.0,4,6,13,2,0,61.8,1
4,83.9,5,0,17,5,1,95.8,3
3,56.2,5,1,2,2,0,72.7,1
1,55.3,4,3,21,4,0,76.6,2
3,46.5,3,5,18,4,0,65.3,1
3,78.6,2,2,2,1,0,84.0,2
4,79.2,8,3,11,3,0,100.0,3
4,40.9,5,6,21,2,0,68.9,1
3,42.5,4,6,4,2,0,64.1,1
2,81.3,3,0,9,5,1,88.8,3
4,45.5,7,6,8,1,0,84.5,2
5,67.9,5,5,0,6,1,89.5,3
5,67.9,2,0,12,3,0,74.8,1
1,79.1,1,4,2,1,0,84.9,2
3,65.8,5,7,18,0,0,100.0,3
2,59.5,5,4,10,2,0,83.5,2
1,83.8,5,5,15,1,0,100.0,3
3,50.3,4,6,5,1,0,73.1,1
4,51.8,6,4,23,5,1,82.0,2
5,43.8,1,0,2,6,1,41.6,0
6,83.9,3,1,18,0,0,96.0,3
2,71.8,6,5,5,4,0,99.6,3
6,40.5,5,3,7,2,0,56.9,0
5,71.7,4,3,21,5,1,91.3,3
6,58.2,2,7,12,6,1,79.5,2
4,83.5,3,2,11,6,1,95.1,3
3,52.5,4,2,9,1,0,69.1,1
4,72.0,1,7,2,2,0,85.4,2
6,68.2,1,6,3,4,0,80.2,2
4,40.5,1,1,0,6,1,41.2,0
5,79.8,9,4,12,1,0,100.0,3
2,46.3,4,4,23,6,1,67.5,1
4,69.9,3,1,3,0,0,79.6,2
5,74.9,3,6,21,6,1,98.3,3
2,68.4,3,3,10,2,0,85.0,2
3,44.4,4,4,18,6,1,64.4,1
6,83.9,3,3,10,6,1,97.8,3
3,50.7,2,0,11,5,1,55.9,0
1,68.3,6,5,10,0,0,100.0,3
5,75.9,5,2,5,4,0,91.5,3
2,82.3,3,4,11,4,0,100.0,3
4,67.2,3,2,8,2,0,79.8,2
3,51.7,2,1,9,4,0,58.4,0
2,77.6,3,5,2,3,0,94.3,3
5,47.3,6,6,2,5,1,75.8,2
1,41.0,4,0,19,2,0,52.6,0
3,80.9,5,4,22,6,1,100.0,3
6,65.9,4,4,15,3,0,84.6,2
2,43.1,5,3,2,4,0,59.7,0
6,66.1,6,7,9,6,1,100.0,3
2,46.5,7,2,23,2,0,79.0,2
2,41.4,6,6,10,3,0,74.4,1
5,45.2,2,0,7,4,0,46.0,0
5,74.9,5,5,5,1,0,98.0,3
5,74.0,4,3,19,1,0,94.9,3
4,67.2,6,5,10,0,0,100.0,3
2,49.4,3,0,20,1,0,58.5,0
3,73.3,3,6,11,3,0,93.9,3
6,58.4,6,0,15,5,1,75.9,2
5,63.0,5,1,17,1,0,78.7,2
5,80.4,5,1,12,2,0,100.0,3
6,60.6,2,7,21,2,0,80.1,2
6,68.2,3,3,2,2,0,78.5,2
2,83.3,4,3,14,1,0,99.8,3
5,60.3,5,7,21,6,1,91.1,3
6,65.2,3,5,20,1,0,82.9,2
4,66.3,3,3,13,0,0,79.7,2
4,50.8,2,0,17,5,1,51.2,0
5,73.2,4,4,13,6,1,90.2,3
6,72.7,3,1,4,5,1,80.4,2
2,49.6,4,5,20,6,1,73.0,1
2,40.6,3,5,13,6,1,55.0,0
2,85.0,1,5,7,4,0,93.8,3
1,66.2,5,6,22,0,0,95.4,3
5,48.1,6,4,14,3,0,71.8,1
2,52.8,6,2,14,2,0,71.7,1
4,67.8,2,1,18,1,0,76.3,2
6,46.2,5,5,19,4,0,75.3,2
3,41.7,6,7,5,4,0,70.4,1
3,75.9,4,2,18,6,1,96.2,3
2,72.2,6,2,7,1,0,91.2,3
3,53.9,4,6,5,0,0,74.8,1
3,42.6,3,3,19,4,0,59.8,0
1,61.9,0,5,22,5,1,66.2,1
4,52.4,1,0,14,0,0,54.2,0
4,57.9,1,4,2,1,0,67.8,1
1,52.3,4,6,9,6,1,76.5,2
1,47.9,2,7,14,0,0,63.0,1
3,57.4,4,7,23,6,1,85.9,2
5,83.4,3,6,15,5,1,99.0,3
6,52.0,0,6,16,2,0,58.1,0
6,55.1,5,5,18,6,1,85.4,2
3,54.8,1,2,10,6,1,59.8,0
6,61.6,5,5,15,1,0,86.1,2
1,78.0,6,3,4,5,1,100.0,3
4,58.1,9,0,4,1,0,85.1,2
6,76.3,4,1,13,5,1,89.1,3
3,45.2,2,2,17,5,1,50.0,0
5,80.3,4,5,7,4,0,97.6,3
3,48.3,4,3,4,4,0,61.6,1
2,41.8,6,7,6,4,0,73.5,1
3,47.1,3,5,15,2,0,62.7,1
1,48.6,4,5,22,2,0,71.2,1
4,62.9,7,5,13,5,1,90.5,3
4,60.2,3,5,4,3,0,76.2,2
6,72.2,6,3,23,1,0,100.0,3
1,42.3,9,3,8,4,0,82.8,2
2,62.4,5,1,3,1,0,74.7,1
1,55.0,4,0,3,6,1,65.2,1
3,68.4,2,7,15,5,1,85.0,2
1,42.0,3,7,23,0,0,65.6,1
1,41.6,6,4,16,5,1,63.8,1
2,59.2,4,4,14,2,0,74.2,1
3,76.5,4,2,3,3,0,89.8,3
5,70.2,3,0,5,0,0,76.3,2
5,40.8,4,2,15,1,0,55.2,0
4,48.0,8,4,3,2,0,79.3,2
6,50.2,1,1,5,4,0,54.2,0
1,59.0,4,5,4,0,0,76.5,2
4,66.4,3,0,15,2,0,72.8,1
2,49.7,3,0,15,1,0,57.8,0
5,57.2,5,2,9,5,1,79.3,2
1,66.3,2,6,8,1,0,84.4,2
2,57.3,5,2,3,0,0,71.1,1
6,46.4,4,7,13,0,0,69.8,1
2,62.1,6,1,3,5,1,81.5,2
1,54.6,6,0,11,0,0,76.6,2
6,78.9,2,6,23,3,0,94.7,3
2,74.9,6,4,9,4,0,100.0,3
6,48.6,3,4,3,2,0,61.1,1
1,46.9,4,3,17,5,1,63.0,1
1,55.6,2,4,12,1,0,68.7,1
6,58.5,4,7,12,1,0,84.9,2
3,81.9,2,7,13,4,0,100.0,3
4,53.6,2,7,17,0,0,71.6,1
2,79.0,5,5,0,0,0,100.0,3
2,62.7,3,7,20,1,0,86.3,2
3,79.9,2,5,15,4,0,91.3,3
3,71.6,3,3,14,1,0,85.1,2
3,71.9,5,7,21,0,0,100.0,3
5,63.3,5,3,4,5,1,81.0,2
5,77.8,2,7,5,2,0,96.1,3
6,51.4,4,2,5,0,0,66.8,1
5,80.8,6,4,2,5,1,100.0,3
1,68.7,2,3,15,2,0,77.7,2
6,59.7,4,6,11,6,1,86.9,2
2,84.2,2,4,3,3,0,96.6,3
4,78.8,2,4,0,4,0,90.9,3
1,74.7,2,4,3,5,1,85.6,2
2,52.3,4,1,0,3,0,61.7,1
2,83.8,10,3,20,0,0,100.0,3
6,73.4,3,5,7,6,1,90.0,3
3,67.2,4,4,23,4,0,87.7,2
3,81.5,4,6,4,5,1,100.0,3
1,47.3,6,2,1,6,1,69.1,1
3,46.3,4,1,11,0,0,63.5,1
2,65.4,5,3,21,4,0,91.6,3
3,42.6,5,0,16,4,0,57.1,0
5,69.9,3,3,6,0,0,79.6,2
3,50.8,3,1,10,0,0,61.9,1
2,45.4,2,2,3,6,1,51.9,0
6,58.4,5,6,4,6,1,80.9,2
1,61.0,4,1,5,5,1,71.6,1
4,47.7,10,4,10,4,0,95.5,3
3,41.9,5,5,0,5,1,65.6,1
2,58.6,2,5,9,6,1,73.3,1
4,74.2,2,1,19,4,0,80.6,2
4,79.3,1,0,23,5,1,78.3,2
5,44.4,1,0,20,0,0,45.6,0
4,63.6,3,6,10,0,0,86.7,2
6,51.9,4,7,23,1,0,79.5,2
2,56.9,4,4,16,6,1,71.6,1
2,82.0,6,4,7,5,1,100.0,3
3,55.8,4,0,12,1,0,72.3,1
3,56.4,4,5,19,1,0,82.8,2
3,49.4,3,7,17,3,0,67.7,1
6,83.2,2,2,21,4,0,94.9,3
4,60.5,4,6,15,2,0,83.0,2
4,65.7,1,5,1,3,0,72.9,1
5,60.4,6,6,4,6,1,86.6,2
6,51.4,5,5,17,4,0,75.0,2
3,76.5,4,1,2,2,0,89.0,3
1,41.3,5,0,21,1,0,59.9,0
5,71.1,2,4,16,2,0,84.0,2
1,66.7,2,4,15,0,0,76.8,2
4,46.5,1,7,5,6,1,60.2,1
5,47.5,2,7,18,0,0,67.1,1
5,69.7,4,2,6,5,1,82.8,2
2,54.0,4,3,17,4,0,70.3,1
4,52.0,1,4,13,3,0,61.0,1
4,42.7,3,7,5,6,1,64.8,1
6,74.5,5,2,7,1,0,90.1,3
5,79.7,6,0,14,6,1,95.1,3
4,76.9,1,3,14,4,0,81.5,2
5,61.0,4,0,14,1,0,68.1,1
6,64.0,2,2,15,0,0,68.4,1
6,50.9,6,6,0,6,1,79.7,2
2,47.8,1,0,10,3,0,50.3,0
5,77.0,2,1,4,3,0,79.8,2
4,75.9,5,2,4,0,0,92.7,3
4,75.0,0,3,20,2,0,76.0,2
5,60.9,0,6,5,3,0,71.2,1
5,78.9,4,4,1,2,0,97.0,3
5,81.7,6,0,5,1,0,99.5,3
3,54.8,5,2,13,3,0,68.6,1
4,50.1,4,0,10,5,1,66.6,1
6,60.9,2,5,3,0,0,75.3,2
4,48.1,7,2,23,6,1,78.9,2
3,79.8,2,5,8,2,0,93.3,3
5,55.2,9,2,23,5,1,93.6,3
2,65.9,6,5,2,1,0,92.6,3
5,66.8,4,3,15,1,0,80.0,2
5,63.2,0,0,10,3,0,61.8,1
3,47.0,2,0,3,3,0,50.7,0
4,84.6,5,6,0,5,1,100.0,3
5,47.8,5,2,20,4,0,69.4,1
4,73.8,9,1,21,4,0,100.0,3
1,75.6,2,4,15,3,0,84.6,2
6,46.5,6,4,18,4,0,75.0,2
4,82.0,1,1,15,0,0,85.0,2
2,61.9,7,7,10,5,1,100.0,3
6,68.3,4,3,7,0,0,81.4,2
2,68.9,10,7,22,4,0,100.0,3
5,62.7,5,6,0,3,0,86.9,2
6,46.4,3,5,20,0,0,64.6,1
4,73.8,6,1,8,1,0,98.5,3
6,66.2,3,7,11,6,1,88.6,3
5,45.3,6,5,21,3,0,80.1,2
3,71.5,4,1,7,5,1,83.7,2
2,71.6,2,3,16,2,0,81.0,2
5,64.7,6,2,9,2,0,92.9,3
3,44.1,3,5,6,3,0,61.4,1
6,55.9,5,0,18,4,0,72.9,1
6,42.3,5,6,5,0,0,68.2,1
5,61.5,6,5,20,0,0,96.2,3
4,80.8,0,5,23,3,0,88.4,3
6,40.1,8,4,23,1,0,81.3,2
4,52.0,6,5,18,5,1,86.2,2
4,76.0,5,4,17,4,0,94.8,3
4,40.4,2,4,14,1,0,51.5,0
1,40.5,2,1,1,3,0,45.6,0
3,67.5,4,2,13,3,0,80.5,2
3,75.5,5,2,20,1,0,99.9,3
6,74.9,6,5,9,2,0,100.0,3
6,75.1,1,1,15,3,0,75.0,2
4,56.2,2,3,6,5,1,66.1,1
1,79.7,7,3,7,6,1,100.0,3
4,40.6,2,7,9,4,0,59.2,0
1,54.0,4,2,14,1,0,66.7,1
4,55.2,6,7,7,2,0,85.5,2
2,47.5,2,1,12,1,0,55.5,0
2,55.1,4,5,11,2,0,79.0,2
5,66.4,3,4,7,2,0,78.4,2
4,63.4,5,6,14,5,1,89.6,3
6,54.4,5,7,11,4,0,86.7,2
3,73.7,5,0,10,3,0,92.4,3
5,72.2,7,2,18,2,0,100.0,3
6,52.6,5,4,13,3,0,70.8,1
2,54.5,5,2,17,4,0,70.6,1
4,52.9,7,6,12,3,0,91.1,3
5,45.8,1,0,3,5,1,43.4,0
4,73.9,5,7,16,5,1,100.0,3
2,42.1,6,5,18,0,0,75.5,2
5,46.8,5,3,8,5,1,72.5,1
2,44.7,3,2,22,2,0,57.6,0
1,77.1,2,5,6,4,0,91.2,3
2,42.0,4,1,0,5,1,54.4,0
4,69.9,4,3,6,1,0,82.6,2
3,42.0,3,7,6,4,0,61.0,1
2,75.4,5,3,19,2,0,98.2,3
6,81.1,2,4,6,4,0,89.5,3
3,61.9,4,1,7,5,1,70.7,1
1,76.2,6,5,15,1,0,100.0,3
5,71.8,3,2,2,0,0,81.6,2
5,75.8,2,6,12,2,0,90.9,3
3,74.5,3,2,9,6,1,90.5,3
5,49.2,3,7,17,2,0,67.1,1
2,62.5,6,1,6,4,0,78.1,2
3,83.2,6,3,20,6,1,100.0,3
4,55.5,6,7,20,6,1,92.1,3
2,83.7,1,2,4,3,0,89.6,3
2,66.2,3,2,22,6,1,79.6,2
2,60.8,8,2,23,3,0,98.2,3
4,69.6,7,0,21,6,1,97.9,3
1,76.7,4,1,6,1,0,86.3,2
6,57.7,6,7,21,0,0,94.5,3
5,41.5,4,0,16,0,0,49.3,0
3,71.9,5,0,3,6,1,82.0,2
1,83.0,5,4,23,4,0,100.0,3
3,68.1,4,2,22,4,0,87.3,2
5,48.5,2,0,15,3,0,50.8,0
4,51.2,6,1,18,5,1,73.7,1
2,80.9,6,4,9,0,0,100.0,3
2,40.6,6,4,2,5,1,63.3,1
4,64.7,2,7,2,0,0,80.6,2
1,47.1,2,5,16,5,1,60.3,1
1,52.7,1,6,9,5,1,66.1,1
3,53.8,4,3,16,0,0,66.5,1
4,49.9,2,3,21,1,0,59.3,0
1,75.7,3,7,16,1,0,94.3,3
4,54.9,6,4,20,4,0,84.6,2
5,55.5,5,1,3,5,1,69.5,1
2,60.4,1,0,20,5,1,62.1,1
2,80.6,1,3,22,5,1,87.8,2
2,71.0,2,0,5,5,1,76.0,2
4,42.8,2,6,11,5,1,62.1,1
4,41.8,4,1,21,3,0,58.3,0
3,65.5,5,7,19,2,0,99.8,3
2,79.9,1,7,16,5,1,94.1,3
3,54.5,4,0,16,3,0,65.1,1
2,51.1,1,4,9,1,0,60.8,1
3,73.7,3,3,6,5,1,86.2,2
3,67.1,5,7,15,1,0,91.9,3
5,65.4,6,1,12,4,0,89.2,3
3,46.7,4,4,2,2,0,62.2,1
4,47.9,7,6,1,0,0,79.1,2
3,52.7,5,1,15,2,0,65.3,1
2,49.3,2,6,5,5,1,61.9,1
3,83.7,4,5,5,5,1,100.0,3
1,40.8,3,3,12,2,0,55.4,0
6,68.2,4,0,6,2,0,79.5,2
2,63.3,4,1,4,4,0,74.3,1
1,54.5,5,3,23,6,1,80.6,2
2,79.9,5,7,6,1,0,100.0,3
4,70.2,5,5,1,0,0,92.8,3
6,84.9,3,5,16,6,1,100.0,3
6,47.6,7,4,12,2,0,82.3,2
4,44.0,7,7,20,0,0,87.1,2
6,46.3,3,3,20,2,0,63.9,1
4,52.1,3,0,15,1,0,57.7,0
1,58.8,1,7,19,0,0,74.6,1
5,78.8,1,6,1,6,1,92.4,3
2,52.8,4,3,4,3,0,68.8,1
4,81.2,3,6,17,1,0,100.0,3
2,60.8,4,4,6,6,1,80.2,2
1,69.1,2,4,10,0,0,83.0,2
5,51.9,4,1,10,2,0,67.0,1
1,47.0,3,4,21,6,1,66.6,1
6,79.1,5,2,16,2,0,94.9,3
2,44.9,0,4,15,1,0,51.2,0
5,74.8,9,6,12,1,0,100.0,3
6,66.1,5,0,21,6,1,86.6,2
5,78.8,6,7,4,2,0,100.0,3
6,72.3,5,4,19,0,0,98.8,3
1,52.7,6,1,15,6,1,70.4,1
4,65.8,8,6,21,3,0,100.0,3
2,40.6,2,4,21,4,0,54.5,0
3,61.4,7,3,15,1,0,84.0,2
3,43.9,1,5,15,2,0,51.6,0
1,59.3,5,7,13,0,0,84.8,2
2,44.9,6,5,5,1,0,71.2,1
2,83.0,2,3,1,0,0,93.4,3
1,63.5,9,3,13,1,0,93.4,3
2,81.1,7,2,15,2,0,100.0,3
4,41.0,6,7,22,0,0,76.2,2
1,68.7,6,1,19,2,0,94.3,3
4,53.8,6,3,12,0,0,84.1,2
2,59.4,0,6,14,1,0,66.3,1
1,79.3,4,3,11,4,0,99.8,3
2,84.1,4,6,8,4,0,100.0,3
1,51.1,5,6,17,6,1,77.6,2
2,82.7,7,5,20,3,0,100.0,3
4,71.0,3,3,13,3,0,84.4,2
4,82.8,7,5,19,6,1,100.0,3
2,65.3,1,6,3,6,1,76.2,2
1,83.2,8,5,7,5,1,100.0,3
3,80.2,3,1,7,2,0,87.9,2
4,45.8,6,6,21,0,0,80.3,2
4,54.0,3,6,21,3,0,77.0,2
6,50.9,6,5,15,1,0,78.2,2
3,65.7,2,3,23,6,1,75.4,2
2,76.1,7,6,9,4,0,100.0,3
1,74.2,2,2,20,0,0,82.8,2
6,72.7,3,3,16,5,1,85.8,2
2,56.9,5,0,0,4,0,69.6,1
5,46.3,3,2,17,6,1,58.0,0
4,49.5,5,0,9,0,0,66.6,1
5,73.4,3,3,20,6,1,91.4,3
4,46.6,3,3,3,3,0,61.1,1
4,50.0,2,7,0,3,0,66.7,1
5,59.1,4,7,3,2,0,83.0,2
5,43.2,4,1,3,5,1,56.1,0
2,49.6,1,5,3,0,0,58.1,0
6,46.7,9,0,16,5,1,69.4,1
6,82.8,3,7,8,1,0,100.0,3
5,48.6,4,0,18,5,1,62.1,1
2,78.8,6,4,12,6,1,100.0,3
6,45.2,3,7,3,6,1,64.5,1
2,79.1,4,4,4,3,0,96.8,3
2,67.0,5,4,12,2,0,93.1,3
4,78.2,3,4,22,6,1,94.7,3
6,79.0,5,0,15,3,0,89.1,3
6,66.8,2,1,21,4,0,72.7,1
4,81.3,4,4,4,3,0,99.3,3
5,66.3,5,7,7,0,0,91.7,3
4,72.1,4,0,15,2,0,79.1,2
6,58.7,6,7,0,6,1,88.0,3
6,81.1,4,7,22,0,0,100.0,3
5,77.1,10,1,5,1,0,100.0,3
4,47.5,6,1,10,1,0,71.7,1
1,65.9,6,4,15,3,0,91.2,3
1,80.4,3,0,4,2,0,87.6,2
5,75.7,5,2,15,5,1,91.1,3
4,83.3,9,0,6,2,0,100.0,3
4,50.4,3,6,18,2,0,73.7,1
2,56.5,3,6,0,2,0,73.9,1
6,62.8,3,1,8,3,0,74.6,1
3,50.5,6,3,17,0,0,72.7,1
5,57.7,3,6,12,3,0,77.3,2
3,64.2,7,4,14,5,1,88.6,3
3,48.6,4,6,2,0,0,71.4,1
5,51.6,6,1,23,5,1,75.3,2
4,45.6,3,6,9,4,0,65.9,1
5,72.1,5,2,8,4,0,92.4,3
3,56.3,9,2,12,6,1,98.3,3
6,49.9,2,2,15,6,1,54.6,0
6,62.8,4,6,2,0,0,85.2,2
6,43.1,2,6,21,3,0,58.5,0
4,81.6,5,2,22,5,1,100.0,3
1,53.3,1,5,14,5,1,61.4,1
5,79.9,4,0,16,6,1,90.0,3
6,62.4,4,1,13,6,1,72.2,1
5,78.3,4,2,6,1,0,92.5,3
6,51.1,1,6,19,5,1,64.9,1
4,47.9,1,7,15,3,0,60.0,1
1,78.2,2,1,20,1,0,85.1,2
1,49.6,2,6,7,3,0,65.4,1
6,73.6,5,7,3,2,0,98.8,3
4,55.5,3,1,19,5,1,65.3,1
2,73.7,5,6,23,2,0,100.0,3
5,80.8,5,3,14,4,0,100.0,3
5,84.2,9,7,4,4,0,100.0,3
3,56.2,6,6,12,0,0,90.5,3
4,56.5,4,0,5,5,1,65.0,1
3,84.2,7,6,4,6,1,100.0,3
6,78.8,7,3,16,1,0,100.0,3
3,42.0,8,4,6,2,0,73.7,1
1,65.8,5,4,5,3,0,87.6,2
5,48.2,7,5,1,5,1,75.1,2
3,84.7,5,4,10,0,0,100.0,3
1,46.3,6,7,6,3,0,74.4,1
4,65.2,6,3,21,2,0,94.3,3
3,69.9,4,1,20,5,1,84.2,2
6,82.2,5,7,7,6,1,100.0,3
6,78.1,3,7,4,2,0,95.8,3
6,51.1,7,7,17,5,1,84.2,2
5,65.8,2,5,21,5,1,82.1,2
3,82.9,6,4,15,2,0,100.0,3
4,73.1,3,5,13,2,0,87.3,2
3,71.0,4,4,11,3,0,90.7,3
5,74.0,3,3,16,0,0,83.9,2
1,54.5,3,6,4,2,0,71.2,1
5,72.8,10,1,13,4,0,100.0,3
6,50.5,9,4,5,0,0,84.3,2
1,59.3,5,0,14,4,0,72.6,1
6,80.0,2,7,6,3,0,95.5,3
2,40.9,1,4,13,2,0,49.3,0
5,58.6,4,3,17,0,0,72.3,1
5,52.0,5,3,0,6,1,67.8,1
4,48.9,0,7,5,2,0,61.0,1
3,77.7,5,0,2,5,1,91.9,3
1,71.3,6,6,4,2,0,100.0,3
1,45.1,3,1,11,6,1,58.9,0
4,62.3,7,0,10,0,0,88.4,3
4,61.0,3,5,12,2,0,80.2,2
3,46.4,4,4,15,2,0,63.2,1
6,76.0,3,3,17,1,0,87.5,2
3,56.5,2,1,16,1,0,63.5,1
5,74.3,3,7,16,0,0,95.3,3
6,48.6,4,4,10,0,0,71.8,1
2,54.2,4,0,19,5,1,68.3,1
3,44.3,3,6,9,5,1,64.0,1
4,46.5,5,5,15,2,0,66.3,1
6,79.7,5,4,1,4,0,99.4,3
3,44.9,0,0,16,0,0,42.7,0
1,44.3,4,6,21,6,1,70.9,1
2,82.3,4,2,19,2,0,100.0,3
5,69.1,2,2,9,4,0,79.8,2
1,44.5,2,3,12,1,0,53.4,0
1,83.7,3,6,11,5,1,100.0,3
2,46.6,7,6,14,6,1,76.8,2
5,74.5,8,1,6,0,0,96.7,3
4,41.6,5,3,21,2,0,63.7,1
6,68.1,8,7,20,1,0,100.0,3
5,64.6,3,4,12,3,0,83.8,2
3,49.4,1,5,11,1,0,60.2,1
1,68.9,2,2,11,2,0,78.8,2
3,67.8,8,3,1,5,1,96.7,3
4,75.9,4,0,4,4,0,87.1,2
3,79.4,6,1,1,6,1,97.5,3
5,63.0,3,2,22,6,1,77.7,2
3,62.1,3,1,19,3,0,75.3,2
4,68.0,10,1,12,6,1,100.0,3
4,72.8,3,2,2,3,0,84.9,2
4,56.0,5,0,10,5,1,72.3,1
5,62.7,5,6,15,3,0,86.5,2
4,66.3,5,7,0,0,0,92.7,3
1,84.5,6,6,18,2,0,100.0,3
4,66.4,0,5,10,6,1,71.6,1
3,50.1,5,0,8,3,0,70.6,1
6,66.5,0,6,13,1,0,72.5,1
3,76.9,2,7,8,4,0,94.4,3
6,78.6,1,0,6,2,0,78.4,2
3,76.0,3,1,15,5,1,83.1,2
5,80.0,3,6,2,6,1,100.0,3
3,55.1,7,0,18,1,0,82.2,2
5,62.8,6,4,3,0,0,84.6,2
5,75.1,11,5,6,3,0,100.0,3
4,51.9,6,4,22,1,0,84.1,2
1,56.7,4,0,11,2,0,69.3,1
6,77.4,7,7,17,6,1,100.0,3
4,74.7,2,0,4,1,0,76.6,2
4,83.7,5,2,22,0,0,100.0,3
5,84.8,3,7,22,4,0,100.0,3
5,50.8,2,7,21,3,0,70.2,1
6,80.5,1,2,9,2,0,85.1,2
3,44.3,2,3,11,6,1,54.9,0
3,71.9,4,1,7,3,0,81.3,2
4,49.9,1,1,18,3,0,52.9,0
2,53.5,6,2,14,5,1,73.8,1
2,82.6,7,4,0,3,0,100.0,3
3,51.8,3,3,2,1,0,61.8,1
2,70.3,2,2,17,1,0,77.8,2
3,48.0,3,7,17,4,0,66.8,1
5,44.2,4,5,1,0,0,64.7,1
4,55.3,4,5,4,6,1,76.4,2
1,68.1,7,6,0,6,1,99.3,3
4,51.2,4,3,9,2,0,71.6,1
3,53.5,1,1,19,1,0,58.3,0
3,71.9,5,7,9,3,0,100.0,3
4,44.6,5,5,4,0,0,65.8,1
6,60.1,3,1,17,2,0,67.0,1
3,82.4,0,5,20,6,1,91.0,3
2,57.9,2,1,14,2,0,62.6,1
2,59.5,2,4,19,2,0,72.5,1
3,73.2,5,2,7,6,1,89.5,3
3,75.1,7,7,16,2,0,100.0,3
6,74.6,3,5,11,4,0,94.5,3
2,84.9,1,5,20,2,0,95.6,3
3,43.2,3,5,11,0,0,63.8,1
3,84.2,5,6,0,1,0,100.0,3
6,82.8,3,3,3,0,0,93.1,3
6,78.3,8,6,7,3,0,100.0,3
4,60.4,5,2,0,5,1,77.6,2
6,79.2,2,1,14,4,0,82.3,2
1,49.9,6,7,17,4,0,79.7,2
2,75.6,1,1,0,3,0,77.2,2
4,48.3,0,2,10,6,1,50.4,0
1,76.7,4,0,22,0,0,90.3,3
3,67.7,4,0,1,0,0,74.5,1
3,44.4,4,2,0,3,0,59.8,0
4,80.3,6,1,11,6,1,100.0,3
6,66.0,5,5,15,5,1,87.3,2
3,69.5,2,7,21,2,0,89.9,3
5,52.8,3,3,21,6,1,69.0,1
4,79.2,4,0,9,2,0,94.3,3
1,64.5,5,5,17,1,0,84.4,2
4,59.0,3,6,14,0,0,77.0,2
2,64.0,3,5,16,0,0,81.8,2
6,71.6,6,5,9,3,0,100.0,3
6,71.3,5,2,2,3,0,88.5,3
4,56.1,6,4,20,2,0,87.3,2
3,57.3,5,2,15,6,1,74.6,1
3,65.3,2,1,5,0,0,69.8,1
5,81.6,7,6,2,0,0,100.0,3
5,73.5,3,7,8,4,0,95.7,3
6,57.6,4,7,10,1,0,85.2,2
5,55.2,3,7,20,1,0,77.7,2
1,63.6,3,7,12,2,0,86.4,2
5,79.1,6,2,17,5,1,100.0,3
1,40.4,3,0,21,6,1,49.3,0
5,72.0,3,0,23,0,0,79.7,2
6,53.3,3,7,21,4,0,75.2,2
6,49.4,8,5,3,6,1,81.2,2
1,40.5,5,2,21,0,0,63.8,1
4,80.3,3,5,23,3,0,100.0,3
6,81.1,4,3,7,6,1,95.8,3
4,42.8,5,2,12,2,0,65.6,1
3,63.5,4,3,9,6,1,84.2,2
1,46.9,2,6,1,5,1,63.6,1
6,74.1,7,7,7,6,1,100.0,3
2,69.9,6,0,5,6,1,87.7,2
3,53.4,4,6,15,6,1,72.0,1
4,45.3,1,4,17,1,0,53.6,0
6,77.4,9,3,16,0,0,100.0,3
1,70.3,0,2,5,5,1,70.5,1
5,40.3,4,1,12,2,0,55.4,0
2,68.3,2,1,22,1,0,74.6,1
4,76.5,3,2,13,0,0,84.1,2
3,66.6,2,0,20,4,0,73.3,1
1,59.1,2,7,9,2,0,76.4,2
2,66.3,7,0,23,0,0,91.4,3
1,67.9,6,0,10,1,0,90.8,3
6,68.8,2,2,12,1,0,75.8,2
5,83.5,1,1,11,4,0,87.9,2
3,48.0,3,7,8,2,0,72.5,1
1,68.0,5,4,3,2,0,87.0,2
4,48.5,3,1,6,5,1,54.2,0
6,49.4,2,0,23,0,0,56.8,0
6,70.1,1,2,21,5,1,74.1,1
3,81.2,3,2,1,1,0,89.0,3
6,47.2,1,4,6,1,0,56.8,0
4,83.3,5,1,8,6,1,100.0,3
1,54.4,2,0,4,4,0,56.3,0
3,57.6,2,7,14,4,0,73.7,1
6,46.9,2,4,17,2,0,58.7,0
6,67.7,2,7,3,5,1,82.3,2
4,66.8,3,0,18,1,0,77.0,2
5,59.9,3,7,19,6,1,84.3,2
5,61.4,7,1,6,0,0,80.3,2
6,68.0,4,4,7,6,1,84.8,2
1,66.3,5,0,16,3,0,78.8,2
3,56.8,4,3,12,0,0,76.6,2
6,79.8,6,2,23,4,0,100.0,3
2,70.0,3,1,20,0,0,83.8,2
3,49.2,6,2,22,1,0,76.8,2
5,54.4,3,6,10,5,1,74.2,1
6,75.5,4,0,0,6,1,83.4,2
4,44.7,3,4,1,2,0,60.8,1
2,73.8,3,0,16,5,1,79.9,2
6,56.1,7,6,4,3,0,87.7,2
1,64.8,4,5,5,2,0,82.5,2
2,52.6,6,3,23,3,0,83.2,2
6,84.4,5,3,6,3,0,100.0,3
1,80.8,5,7,20,1,0,100.0,3
2,81.8,2,1,14,1,0,84.1,2
1,48.3,3,6,18,4,0,70.5,1
1,77.9,6,2,15,4,0,95.5,3
2,64.1,3,5,12,3,0,84.2,2
2,71.9,8,0,4,5,1,92.8,3
1,49.8,6,5,2,4,0,75.3,2
5,72.0,4,6,2,1,0,91.9,3
2,81.1,4,7,18,4,0,100.0,3
6,52.0,5,3,13,3,0,70.0,1
3,50.5,5,7,15,6,1,74.3,1
4,44.7,9,4,21,2,0,87.3,2
1,52.0,3,0,16,5,1,59.3,0
1,64.1,5,1,3,5,1,79.3,2
4,77.5,9,7,12,0,0,100.0,3
5,52.5,6,4,7,4,0,77.7,2
4,68.0,4,2,18,5,1,88.4,3
2,61.6,5,1,4,6,1,74.5,1
4,53.0,2,2,1,6,1,59.3,0
1,63.0,4,2,14,1,0,75.2,2
4,47.6,7,3,1,2,0,74.5,1
3,68.8,2,6,10,1,0,86.6,2
6,45.2,4,7,12,4,0,73.0,1
2,72.9,4,5,22,3,0,95.9,3
4,48.0,5,6,9,6,1,76.6,2
1,84.9,4,7,2,6,1,100.0,3
6,77.1,2,2,4,0,0,81.8,2
2,55.5,6,4,2,0,0,78.0,2
1,59.2,1,4,5,6,1,67.3,1
5,51.7,3,6,12,2,0,72.5,1
3,74.5,4,4,9,5,1,95.7,3
5,57.1,4,5,18,5,1,82.6,2
3,74.0,3,0,7,6,1,82.4,2
4,40.8,5,5,17,5,1,65.0,1
2,46.1,6,3,2,0,0,65.2,1
4,56.4,7,5,23,3,0,91.8,3
3,44.9,5,3,23,5,1,70.9,1
3,67.1,6,4,16,1,0,89.7,3
3,42.3,2,7,7,6,1,57.0,0
6,78.7,5,0,9,5,1,95.0,3
1,74.3,2,7,1,3,0,90.7,3
2,49.7,6,5,11,6,1,81.4,2
4,61.8,5,2,22,2,0,84.7,2
4,60.3,7,2,5,2,0,85.0,2
5,72.6,7,2,1,0,0,95.0,3
3,58.1,4,3,20,3,0,79.0,2
3,41.5,0,2,22,1,0,42.4,0
3,52.3,2,0,23,3,0,59.2,0
4,61.0,6,0,2,1,0,75.2,2
5,83.9,2,5,16,1,0,94.4,3
1,79.7,1,7,6,3,0,92.3,3
6,48.2,4,5,20,6,1,72.2,1
2,72.5,5,2,4,4,0,89.2,3
1,82.2,1,3,22,3,0,88.8,3
4,40.4,3,1,0,6,1,47.6,0
6,72.4,3,4,7,1,0,88.3,3
6,60.7,1,2,11,6,1,64.1,1
6,70.6,2,6,13,6,1,87.9,2
3,67.3,12,2,15,5,1,100.0,3
2,84.3,6,5,9,2,0,100.0,3
4,53.0,4,6,14,2,0,74.4,1
4,75.4,7,4,20,0,0,100.0,3
6,50.6,5,6,23,2,0,80.5,2
4,59.6,5,1,14,4,0,75.9,2
2,83.9,5,5,9,1,0,100.0,3
2,74.5,5,2,20,3,0,97.8,3
5,54.2,6,2,6,3,0,75.2,2
5,67.9,4,1,2,4,0,80.2,2
1,42.2,7,4,1,2,0,68.6,1
2,52.0,6,0,5,1,0,67.1,1
2,72.3,6,6,20,2,0,100.0,3
2,65.7,1,2,8,6,1,69.1,1
5,61.1,4,2,9,0,0,79.7,2
6,71.1,1,5,3,2,0,81.1,2
6,57.9,3,7,2,0,0,79.7,2
4,41.2,5,3,8,3,0,67.4,1
6,59.8,5,1,23,1,0,82.2,2
3,80.6,0,2,21,5,1,82.9,2
5,78.5,4,3,16,6,1,91.6,3
2,58.4,6,5,13,0,0,82.9,2
6,41.0,5,5,9,2,0,68.5,1
5,68.6,6,0,12,6,1,93.2,3
6,73.4,6,1,11,2,0,98.0,3
1,53.2,8,6,0,6,1,87.0,2
2,61.4,4,0,21,3,0,76.5,2
1,84.6,3,3,18,4,0,100.0,3
2,65.9,2,5,18,6,1,79.9,2
5,55.8,2,4,5,5,1,67.6,1
4,68.2,5,5,12,4,0,96.1,3
6,48.1,3,1,18,2,0,57.6,0
6,49.0,2,4,12,4,0,62.1,1
3,81.6,1,3,21,6,1,88.0,3
1,50.8,3,1,20,5,1,60.5,1
6,54.0,4,2,3,5,1,66.0,1
5,64.5,2,7,23,1,0,86.2,2
4,80.5,6,3,1,4,0,100.0,3
5,75.2,2,5,14,1,0,89.1,3
1,42.0,2,3,11,2,0,53.6,0
3,71.2,5,0,6,2,0,84.6,2
6,62.7,4,4,19,2,0,84.9,2
5,61.4,8,7,17,3,0,95.7,3
2,71.1,2,5,22,4,0,84.0,2
4,48.8,4,6,12,0,0,74.2,1
5,84.2,7,5,16,5,1,100.0,3
4,69.0,5,1,3,0,0,84.1,2
6,56.5,1,5,13,2,0,67.9,1
2,67.0,3,7,19,6,1,89.0,3
3,49.7,8,7,12,6,1,93.9,3
3,68.5,6,1,2,4,0,87.2,2
2,41.3,2,2,17,6,1,47.9,0
4,55.4,3,1,13,1,0,60.8,1
6,73.6,6,2,14,0,0,90.7,3
5,76.4,7,1,2,6,1,97.1,3
2,51.4,3,6,0,2,0,70.4,1
1,64.3,2,5,23,0,0,80.6,2
4,63.8,5,0,16,0,0,74.1,1
3,59.0,4,7,2,5,1,81.2,2
2,50.3,0,5,13,0,0,56.3,0
3,71.6,3,3,2,2,0,84.8,2
4,51.4,4,1,12,5,1,67.8,1
3,81.0,3,3,14,2,0,92.7,3
2,63.8,3,4,17,3,0,77.6,2
4,79.2,1,3,13,6,1,87.1,2
1,53.1,3,4,20,3,0,70.8,1
2,76.3,4,7,2,6,1,98.9,3
5,45.1,8,1,18,3,0,77.2,2
6,74.5,6,6,7,0,0,100.0,3
2,57.4,4,7,3,4,0,78.9,2
4,61.1,2,0,3,2,0,66.0,1
6,47.5,2,0,18,3,0,52.8,0
2,40.8,6,3,10,4,0,71.7,1
1,70.0,5,0,0,3,0,80.6,2
1,66.4,1,4,7,6,1,74.3,1
5,68.0,2,0,14,3,0,70.2,1
3,51.5,4,0,0,4,0,60.6,1
6,50.8,6,7,6,3,0,80.4,2
4,77.4,3,5,20,0,0,98.6,3
4,74.3,4,5,19,0,0,96.0,3
3,55.2,5,0,19,5,1,72.4,1
1,68.7,3,2,23,0,0,82.0,2
1,77.3,2,7,10,1,0,98.0,3
2,80.0,1,7,13,5,1,94.1,3
5,40.3,3,2,21,3,0,54.7,0
6,76.6,5,3,15,1,0,93.6,3
5,55.8,2,6,13,2,0,72.1,1
5,72.3,3,5,11,4,0,91.1,3
2,56.7,4,1,16,2,0,65.8,1
5,67.3,4,5,13,1,0,84.7,2
3,69.1,5,1,9,0,0,90.3,3
2,58.2,2,4,23,6,1,73.2,1
3,63.1,2,4,13,3,0,74.6,1
2,72.7,3,3,17,5,1,85.2,2
5,61.4,3,6,21,6,1,82.9,2
3,40.6,5,2,8,6,1,65.3,1
3,40.6,6,0,16,3,0,55.9,0
3,69.8,10,2,5,0,0,100.0,3
2,78.1,5,5,7,3,0,98.2,3
4,75.3,1,2,12,4,0,79.1,2
5,54.0,2,5,17,6,1,69.1,1
3,61.2,2,3,4,4,0,71.6,1
6,50.5,5,2,5,4,0,66.9,1
4,84.5,5,1,20,2,0,100.0,3
6,51.7,4,7,18,0,0,79.2,2
5,58.7,2,7,3,4,0,73.8,1
5,70.7,4,7,6,1,0,95.7,3
3,79.4,4,2,3,4,0,92.8,3
3,42.3,1,1,10,5,1,47.6,0
2,53.5,3,4,11,2,0,72.4,1
4,65.6,5,4,13,1,0,84.3,2
4,67.8,1,5,12,6,1,78.1,2
3,43.2,3,3,9,0,0,59.9,0
5,69.9,3,0,17,0,0,74.1,1
3,63.8,3,2,15,5,1,72.5,1
5,77.2,1,7,4,6,1,90.9,3
5,50.0,1,0,7,4,0,51.9,0
3,48.8,6,1,13,1,0,64.1,1
1,75.7,5,0,4,5,1,87.1,2
4,71.7,4,2,23,1,0,88.1,3
6,75.6,5,5,7,4,0,95.7,3
5,75.2,5,0,5,6,1,89.2,3
5,44.7,0,0,15,4,0,39.9,0
1,52.5,5,0,3,3,0,66.5,1
6,51.7,6,7,11,3,0,88.4,3
2,82.1,4,3,10,4,0,100.0,3
1,61.9,1,6,2,2,0,73.5,1
6,45.0,8,0,11,5,1,76.6,2
1,53.0,1,2,4,3,0,57.8,0
5,79.2,3,5,5,4,0,93.8,3
4,78.1,2,2,18,1,0,89.4,3
1,80.5,1,7,17,5,1,95.5,3
2,57.5,6,0,15,6,1,75.2,2
3,68.9,7,3,22,3,0,100.0,3
6,52.5,4,1,10,6,1,69.0,1
1,48.1,5,7,4,2,0,76.7,2
1,41.0,5,0,8,5,1,60.7,1
2,50.1,4,3,2,5,1,67.5,1
4,67.2,4,4,7,0,0,82.4,2
1,80.7,2,2,5,1,0,85.5,2
1,46.0,6,4,3,2,0,68.4,1
4,81.3,4,2,11,2,0,98.8,3
2,55.5,9,1,11,6,1,91.9,3
6,59.2,3,5,20,2,0,79.9,2
6,56.4,2,3,15,1,0,64.0,1
1,58.4,6,1,9,2,0,84.0,2
4,51.7,3,4,21,0,0,69.6,1
1,71.4,0,7,13,3,0,79.5,2
3,74.1,7,3,12,1,0,100.0,3
6,77.0,2,6,8,2,0,94.7,3
5,55.4,6,4,6,4,0,76.7,2
3,74.4,3,0,11,3,0,86.0,2
1,68.7,5,6,4,6,1,90.9,3
2,83.1,3,4,17,5,1,95.1,3
6,59.1,7,1,3,1,0,78.9,2
5,84.7,5,6,1,4,0,100.0,3
3,73.3,5,1,2,5,1,86.0,2
6,74.9,3,0,11,4,0,85.7,2
4,41.2,5,3,2,2,0,61.2,1
2,62.4,12,4,3,1,0,100.0,3
3,63.8,0,5,5,6,1,72.1,1
4,41.8,4,7,11,2,0,70.5,1
1,54.0,7,4,18,5,1,88.8,3
4,83.0,2,4,9,6,1,97.7,3
3,59.2,5,3,0,0,0,77.9,2
3,48.4,4,6,16,4,0,70.5,1
1,63.1,4,6,15,0,0,85.9,2
4,41.5,4,1,8,5,1,56.9,0
4,63.2,3,7,20,2,0,86.3,2
1,66.7,4,0,8,6,1,80.4,2
4,56.1,6,5,22,6,1,86.7,2
6,74.3,0,3,8,6,1,74.7,1
1,46.1,8,0,11,3,0,77.2,2
2,79.5,2,2,22,4,0,87.6,2
3,83.0,1,6,8,3,0,94.3,3
2,40.1,5,0,14,1,0,54.3,0
6,77.9,3,6,1,4,0,94.1,3
6,62.8,8,2,10,0,0,100.0,3
5,60.8,8,0,10,3,0,94.8,3
5,50.7,6,2,7,5,1,71.1,1
5,60.1,3,4,22,1,0,76.3,2
1,82.8,1,7,5,4,0,94.3,3
4,49.5,5,5,20,6,1,78.4,2
6,48.1,2,3,19,5,1,58.7,0
2,50.9,6,4,6,1,0,74.4,1
2,64.8,4,1,2,0,0,77.0,2
2,81.9,1,3,7,6,1,85.7,2
2,65.8,0,4,17,5,1,69.9,1
5,51.0,1,0,16,4,0,49.7,0
2,59.8,2,3,10,1,0,70.5,1
4,57.6,4,0,1,2,0,68.7,1
5,42.1,3,4,20,4,0,58.1,0
2,63.0,2,3,23,4,0,76.5,2
1,45.7,6,4,18,6,1,75.5,2
3,77.9,2,7,6,4,0,96.5,3
3,64.7,6,1,17,6,1,81.9,2
3,78.0,6,6,7,4,0,100.0,3
5,83.0,7,4,13,2,0,100.0,3
2,82.4,3,5,6,5,1,98.7,3
6,44.5,1,1,20,5,1,45.9,0
6,82.5,6,4,3,5,1,100.0,3
6,75.8,5,3,16,0,0,96.0,3
5,75.0,3,0,4,2,0,80.6,2
4,44.1,3,3,11,2,0,57.2,0
1,48.1,3,4,8,1,0,66.3,1
1,83.9,2,5,19,3,0,100.0,3
3,49.6,3,4,12,5,1,65.9,1
3,47.6,2,4,17,3,0,57.9,0
6,56.3,2,2,19,1,0,64.5,1
6,81.1,2,1,8,2,0,88.2,3
3,61.4,4,0,3,1,0,71.7,1
2,81.4,4,1,20,4,0,97.6,3
4,55.0,3,7,7,1,0,74.6,1
4,50.2,5,4,0,1,0,71.8,1
4,62.3,6,4,16,6,1,83.9,2
4,67.7,2,1,8,4,0,75.4,2
3,57.6,7,1,19,6,1,85.7,2
1,55.6,4,5,12,3,0,77.4,2
3,49.8,6,1,1,4,0,67.6,1
4,52.4,6,2,12,0,0,79.3,2
3,70.3,1,1,8,1,0,74.7,1
4,56.6,5,4,19,1,0,83.6,2
5,43.6,2,0,5,6,1,46.2,0
6,46.2,3,3,0,3,0,59.5,0
1,56.8,6,5,4,6,1,84.5,2
5,81.6,11,1,2,2,0,100.0,3
2,57.1,6,1,3,4,0,73.5,1
3,42.7,8,1,0,2,0,64.6,1
2,58.8,2,5,13,0,0,73.5,1
3,70.1,6,0,8,4,0,92.0,3
6,66.7,4,6,23,0,0,93.5,3
5,52.5,7,7,3,0,0,86.1,2
6,71.0,7,1,17,0,0,91.9,3
4,68.4,3,1,13,5,1,74.5,1
6,47.7,2,5,3,4,0,60.1,1
6,47.3,7,1,9,4,0,75.7,2
4,64.6,6,6,2,5,1,94.0,3
3,69.7,4,6,22,3,0,97.6,3
4,83.3,3,0,6,5,1,89.2,3
5,59.0,4,3,9,1,0,77.9,2
6,74.4,5,5,12,2,0,100.0,3
4,45.2,2,5,3,2,0,57.8,0
6,80.0,6,4,17,0,0,100.0,3
5,68.5,5,7,10,4,0,100.0,3
2,68.3,6,7,3,4,0,97.8,3
5,46.4,6,0,23,0,0,68.7,1
1,41.8,1,1,13,1,0,42.5,0
1,71.6,5,2,17,2,0,88.8,3
1,45.3,6,0,7,5,1,61.5,1
6,45.7,4,1,9,3,0,63.4,1
3,48.4,5,5,4,6,1,68.4,1
3,44.4,2,1,22,1,0,53.9,0
3,68.1,4,4,6,4,0,85.4,2
6,59.0,5,0,11,6,1,76.4,2
5,52.0,2,0,2,0,0,53.7,0
3,59.8,1,5,3,2,0,68.9,1
2,78.0,3,4,9,6,1,96.4,3
1,81.7,3,5,3,0,0,99.8,3
5,61.9,2,2,14,4,0,66.6,1
1,65.5,1,6,9,0,0,79.9,2
3,51.6,7,2,20,5,1,80.7,2
5,63.1,3,3,21,6,1,80.1,2
4,73.7,2,3,15,6,1,84.6,2
2,62.1,3,4,14,2,0,78.2,2
3,53.6,5,7,18,0,0,86.7,2
3,66.2,10,5,19,2,0,100.0,3
2,82.6,3,7,18,6,1,100.0,3
2,80.0,5,0,17,0,0,92.4,3
4,74.6,5,6,11,0,0,100.0,3
3,52.4,7,1,15,2,0,72.0,1
6,50.9,3,2,0,5,1,59.8,0
3,77.7,3,5,15,0,0,93.2,3
1,48.2,7,0,1,5,1,69.0,1
5,67.3,2,5,23,1,0,81.3,2
5,59.8,3,3,14,3,0,72.4,1
1,61.1,2,2,6,1,0,66.2,1
5,60.5,6,1,0,3,0,79.1,2
2,80.5,5,7,4,1,0,100.0,3
5,43.9,1,5,9,3,0,54.3,0
5,75.2,5,7,21,0,0,100.0,3
1,77.6,3,3,20,2,0,95.0,3
4,82.4,6,7,3,2,0,100.0,3
5,60.4,3,6,13,4,0,79.1,2
6,62.5,4,6,12,3,0,89.0,3
5,83.3,1,6,0,4,0,93.1,3
4,60.6,4,7,15,5,1,83.1,2
1,62.7,8,6,22,5,1,100.0,3
4,55.0,4,1,8,4,0,70.3,1
1,41.4,3,3,21,3,0,57.9,0
2,59.5,4,1,15,2,0,68.9,1
1,69.5,8,6,18,3,0,100.0,3
2,71.0,4,5,14,5,1,90.8,3
2,40.3,3,2,13,0,0,48.0,0
1,76.0,4,5,19,4,0,100.0,3
6,62.2,6,4,9,4,0,95.3,3
3,63.4,2,1,20,5,1,72.2,1
1,83.3,11,7,11,3,0,100.0,3
5,52.8,3,2,0,4,0,61.0,1
6,74.3,2,7,20,2,0,95.0,3
6,65.9,3,0,16,4,0,69.4,1
5,71.5,4,0,8,3,0,87.2,2
3,58.8,6,3,22,5,1,85.1,2
6,52.6,2,6,18,2,0,68.1,1
2,64.6,6,6,17,2,0,89.9,3
3,56.9,7,5,6,4,0,87.2,2
5,50.0,6,5,8,3,0,83.8,2
3,77.8,3,4,21,4,0,94.4,3
1,61.4,4,3,20,6,1,81.4,2
3,78.1,2,5,11,0,0,94.4,3
2,61.3,3,5,6,5,1,76.3,2
1,65.1,5,1,13,6,1,77.9,2
4,84.8,3,4,14,0,0,99.8,3
5,82.8,4,1,14,2,0,96.0,3
5,52.2,3,5,5,4,0,67.8,1
3,79.1,3,2,20,0,0,93.2,3
6,57.6,2,4,13,1,0,66.5,1
1,43.2,9,6,1,0,0,82.3,2
4,65.9,6,0,7,4,0,80.6,2
1,84.0,8,6,12,4,0,100.0,3
5,83.8,4,2,22,5,1,100.0,3
1,45.7,5,6,5,0,0,70.6,1
4,74.7,8,2,4,4,0,100.0,3
6,76.1,6,1,4,4,0,95.2,3
3,56.6,5,3,0,6,1,73.4,1
2,69.6,1,5,8,5,1,81.9,2
1,62.0,7,1,5,6,1,83.2,2
2,50.3,4,2,19,5,1,66.2,1
5,74.3,5,4,6,5,1,93.1,3
3,51.8,5,0,8,6,1,70.1,1
3,55.3,5,7,4,5,1,83.6,2
1,48.6,3,2,13,1,0,56.3,0
6,72.4,4,6,4,2,0,92.4,3
3,60.6,3,3,7,4,0,74.9,1
1,60.0,8,5,6,3,0,89.4,3
1,67.2,7,6,12,5,1,100.0,3
2,47.1,2,3,12,2,0,57.8,0
3,80.4,2,5,7,5,1,93.7,3
1,60.9,0,5,10,2,0,65.0,1
2,56.5,4,6,17,3,0,75.5,2
4,45.7,3,4,18,0,0,62.8,1
2,47.6,1,3,5,1,0,52.2,0
2,81.4,2,4,21,4,0,93.1,3
1,60.5,5,3,1,0,0,77.2,2
5,72.5,7,6,12,6,1,100.0,3
5,43.6,6,1,22,3,0,69.6,1
6,69.0,4,5,10,1,0,93.9,3
5,81.5,5,0,0,1,0,92.9,3
2,53.5,2,5,23,1,0,67.8,1
6,66.1,7,0,1,3,0,85.3,2
1,82.3,6,2,16,5,1,99.8,3
3,72.4,6,7,7,5,1,100.0,3
2,42.8,6,2,1,6,1,61.2,1
2,57.0,5,1,5,5,1,72.7,1
6,43.9,1,6,21,0,0,57.5,0
1,78.8,4,6,4,4,0,99.6,3
4,68.0,4,5,15,1,0,89.4,3
2,83.0,8,1,7,6,1,100.0,3
4,40.9,2,0,18,6,1,47.3,0
4,59.0,5,7,15,1,0,83.7,2
5,44.7,12,2,12,0,0,99.1,3
1,55.8,4,2,19,5,1,71.8,1
4,47.3,3,5,6,1,0,62.2,1
1,54.8,3,7,15,1,0,73.8,1
5,76.9,6,6,22,3,0,100.0,3
1,47.2,3,0,15,2,0,50.8,0
2,61.3,5,4,11,6,1,87.0,2
4,81.5,1,1,13,0,0,82.4,2
1,84.9,7,2,23,0,0,100.0,3
3,51.3,5,0,17,5,1,61.7,1
1,82.1,2,6,17,0,0,99.1,3
4,51.8,2,1,15,5,1,57.3,0
5,58.6,4,5,19,3,0,83.7,2
5,79.5,3,7,15,3,0,100.0,3
4,75.4,4,6,12,4,0,100.0,3
2,78.6,6,0,8,5,1,99.1,3
2,76.0,3,5,8,6,1,93.5,3
5,50.6,1,6,12,3,0,62.9,1
5,65.1,0,6,3,5,1,76.0,2
4,57.3,6,4,8,6,1,87.8,2
2,60.7,6,5,14,6,1,88.2,3
5,46.9,4,3,13,0,0,62.7,1
2,54.2,5,2,18,4,0,77.6,2
5,78.6,4,5,11,2,0,100.0,3
1,80.4,2,7,20,1,0,100.0,3
3,67.5,1,5,5,1,0,75.7,2
6,62.4,9,1,2,4,0,87.6,2
1,72.1,3,6,21,5,1,96.0,3
6,67.4,4,6,19,5,1,95.5,3
5,84.3,2,0,15,5,1,85.0,2
3,48.6,10,0,19,2,0,88.2,3
3,60.2,2,1,23,6,1,65.2,1
5,81.3,4,2,22,1,0,99.5,3
5,81.2,6,5,16,4,0,100.0,3
2,62.3,4,2,15,5,1,76.0,2
5,46.1,7,7,5,3,0,76.5,2
4,76.7,6,6,7,0,0,100.0,3
5,66.3,2,5,18,2,0,79.6,2
4,74.8,3,0,1,5,1,80.6,2
5,60.8,5,2,13,1,0,79.2,2
2,49.2,4,5,21,0,0,73.7,1
4,41.1,5,3,11,4,0,66.7,1
1,65.2,4,4,16,5,1,81.9,2
4,47.2,3,4,14,1,0,62.9,1
2,48.4,6,3,17,0,0,67.6,1
6,59.6,2,2,15,3,0,67.9,1
4,59.9,5,7,12,2,0,91.6,3
5,52.3,5,5,20,4,0,79.1,2
5,45.9,3,7,16,1,0,65.4,1
6,82.5,7,0,7,6,1,100.0,3
2,45.9,1,2,0,3,0,50.0,0
3,55.8,4,1,2,2,0,68.9,1
5,53.7,3,6,15,2,0,73.5,1
1,79.0,4,7,1,6,1,100.0,3
2,58.5,2,7,14,3,0,73.8,1
4,45.6,2,1,0,1,0,48.7,0
4,40.5,3,7,8,2,0,64.8,1
1,72.5,3,6,15,4,0,88.1,3
5,72.2,3,7,3,0,0,91.4,3
2,58.8,4,2,11,4,0,78.5,2
1,45.7,6,3,0,5,1,69.2,1
5,56.7,2,1,0,2,0,61.3,1
2,66.5,7,6,6,0,0,95.9,3
4,71.7,4,5,17,3,0,93.2,3
2,43.5,4,4,22,0,0,67.9,1
6,65.0,3,0,22,0,0,74.3,1
3,52.4,4,3,14,6,1,65.1,1
2,67.8,4,6,12,0,0,92.6,3
3,69.2,1,7,15,2,0,84.6,2
2,81.0,0,1,6,6,1,81.5,2
3,58.5,2,7,15,6,1,73.7,1
6,64.2,4,0,12,5,1,76.6,2
4,52.1,2,5,13,5,1,65.1,1
5,52.9,2,4,16,6,1,66.0,1
3,42.1,3,1,11,6,1,52.4,0
6,52.9,2,1,23,1,0,60.6,1
3,42.9,4,0,23,5,1,55.3,0
4,83.4,4,7,19,2,0,100.0,3
3,68.1,5,0,12,1,0,86.7,2
6,47.8,3,2,23,3,0,61.3,1
6,45.3,3,1,19,3,0,57.5,0
1,56.7,3,6,14,3,0,72.2,1
4,53.8,2,4,23,3,0,65.8,1
1,52.6,2,0,20,3,0,56.2,0
4,61.1,4,3,3,4,0,77.5,2
3,81.1,6,1,21,6,1,100.0,3
6,65.6,4,3,1,2,0,82.6,2
1,63.5,3,1,17,1,0,68.9,1
3,76.3,2,0,1,3,0,80.3,2
6,40.2,7,2,14,4,0,64.7,1
4,48.9,4,1,18,5,1,66.4,1
6,62.3,6,5,14,4,0,87.4,2
3,71.7,5,6,19,4,0,100.0,3
1,61.8,10,0,9,2,0,100.0,3
1,47.4,5,0,23,3,0,65.9,1
6,81.8,0,0,19,4,0,77.5,2
3,54.8,6,3,10,6,1,82.7,2
2,75.5,6,0,9,4,0,100.0,3
4,80.1,5,6,22,3,0,100.0,3
4,55.6,6,3,4,2,0,78.3,2
3,78.0,5,4,8,4,0,100.0,3
2,72.0,5,5,19,1,0,100.0,3
1,80.7,7,5,18,0,0,100.0,3
5,51.3,1,5,12,5,1,63.1,1
5,81.9,4,2,17,0,0,95.1,3
3,42.9,4,6,16,0,0,65.0,1
2,75.7,7,5,5,2,0,100.0,3
2,59.6,6,7,9,4,0,96.9,3
4,48.0,3,0,1,0,0,54.7,0
1,43.6,4,4,23,0,0,63.2,1
6,57.5,9,0,5,5,1,82.9,2
2,57.5,2,4,20,3,0,72.6,1
6,50.3,3,5,12,6,1,71.1,1
5,49.7,9,0,17,6,1,73.4,1
6,58.0,7,2,6,4,0,81.7,2
1,58.5,3,0,1,4,0,63.5,1
1,59.9,4,3,13,5,1,72.9,1
6,79.1,3,0,4,3,0,85.7,2
3,67.5,5,7,17,4,0,95.3,3
2,40.9,5,1,10,6,1,60.2,1
3,63.4,4,3,9,6,1,83.7,2
6,74.3,1,4,10,1,0,85.5,2
2,42.5,5,7,1,5,1,68.4,1
4,59.0,1,5,14,2,0,68.3,1
3,60.3,6,5,6,3,0,84.8,2
3,82.9,4,0,8,5,1,95.8,3
6,61.4,3,5,4,0,0,76.6,2
5,73.7,4,7,6,4,0,97.7,3
6,53.6,1,6,19,1,0,64.8,1
3,75.1,6,5,1,6,1,98.3,3
2,54.5,2,7,2,1,0,72.3,1
5,59.4,5,5,1,2,0,82.7,2
6,61.6,5,0,20,5,1,79.9,2
6,81.7,0,0,21,1,0,75.8,2
3,42.4,5,1,22,5,1,64.5,1
3,48.9,8,2,18,4,0,84.4,2
4,71.8,3,2,3,4,0,83.2,2
6,66.0,5,3,23,6,1,90.8,3
3,51.3,3,3,19,1,0,67.5,1
1,53.0,1,1,6,4,0,54.3,0
5,56.5,3,7,21,5,1,82.5,2
1,60.3,4,5,6,6,1,77.8,2
5,76.8,3,1,16,4,0,83.7,2
6,40.6,2,1,18,6,1,45.4,0
4,80.4,1,4,21,0,0,90.5,3
3,58.6,3,5,15,5,1,72.7,1
3,50.4,4,5,2,6,1,68.9,1
3,62.9,4,6,14,3,0,85.3,2
6,69.7,4,7,13,4,0,93.8,3
5,42.0,4,1,14,4,0,55.5,0
3,72.2,3,1,13,5,1,80.9,2
1,74.2,6,1,6,2,0,89.6,3
3,47.5,3,1,2,3,0,57.6,0
6,47.6,5,5,16,6,1,67.7,1
4,49.2,3,2,9,3,0,63.4,1
1,75.8,5,0,14,6,1,86.9,2
3,52.2,6,0,5,3,0,66.8,1
3,75.8,5,2,16,1,0,91.2,3
2,64.3,3,1,16,0,0,72.0,1
5,74.5,2,6,13,0,0,89.5,3
1,64.9,0,5,23,2,0,69.3,1
2,55.1,2,7,17,3,0,71.0,1
4,81.0,1,4,4,3,0,88.1,3
5,72.2,7,4,7,4,0,99.1,3
1,61.8,3,3,6,6,1,75.1,2
3,68.7,7,7,22,5,1,100.0,3
1,67.7,5,0,3,1,0,77.6,2
3,56.1,3,7,17,1,0,74.8,1
5,59.1,9,3,4,2,0,87.4,2
3,54.3,7,1,15,0,0,73.5,1
4,85.0,4,3,13,3,0,100.0,3
6,66.1,6,1,18,5,1,91.1,3
3,44.1,3,3,13,2,0,58.0,0
4,63.4,5,2,8,6,1,84.2,2
6,42.2,8,5,5,1,0,75.5,2
5,53.0,4,1,16,1,0,63.3,1
5,60.1,3,4,18,1,0,76.9,2
1,64.0,2,7,11,3,0,82.6,2
4,83.9,9,1,3,3,0,100.0,3
4,84.2,3,6,15,3,0,100.0,3
2,44.4,1,6,10,4,0,58.2,0
2,64.2,7,4,21,0,0,100.0,3
6,76.8,7,7,3,6,1,100.0,3
6,50.7,6,5,16,1,0,74.1,1
2,73.8,5,4,7,1,0,96.0,3
6,79.5,4,7,13,4,0,100.0,3
3,69.8,4,3,1,1,0,84.9,2
2,54.7,2,0,10,6,1,60.3,1
4,81.5,1,6,10,1,0,94.0,3
3,79.8,4,0,23,3,0,92.6,3
6,72.2,5,0,21,3,0,92.1,3
5,56.4,1,6,23,0,0,71.4,1
1,75.6,4,4,5,6,1,90.9,3
2,54.2,5,0,20,6,1,72.6,1
5,51.4,4,1,20,1,0,69.2,1
6,63.2,1,1,13,2,0,64.0,1
4,84.9,2,5,9,1,0,100.0,3
1,76.2,5,1,7,1,0,92.5,3
5,72.8,1,6,6,0,0,85.6,2
1,60.3,3,6,7,2,0,79.3,2
2,54.0,5,5,7,1,0,74.4,1
6,78.5,3,4,22,5,1,97.1,3
4,65.5,2,4,1,5,1,74.9,1
6,76.6,5,0,15,6,1,88.5,3
1,61.9,1,5,8,6,1,74.9,1
5,73.9,5,7,12,2,0,100.0,3
2,79.0,3,7,22,5,1,100.0,3
2,57.6,5,3,11,3,0,82.5,2
6,40.6,4,4,21,3,0,60.3,1
5,51.5,1,2,16,2,0,56.7,0
5,81.2,3,1,1,1,0,89.9,3
1,70.9,8,1,12,6,1,100.0,3
6,73.2,8,0,0,2,0,93.0,3
6,54.6,5,3,18,5,1,77.8,2
3,71.6,1,7,10,2,0,86.6,2
6,69.1,6,7,4,5,1,97.7,3
2,48.0,2,1,0,6,1,53.1,0
1,83.6,2,4,19,3,0,95.1,3
5,55.9,7,3,12,2,0,89.5,3
6,54.8,3,1,7,6,1,61.2,1
1,56.6,3,0,5,6,1,62.1,1
6,44.1,3,0,16,4,0,50.0,0
5,68.1,4,0,11,5,1,81.3,2
4,50.7,5,4,0,4,0,72.0,1
5,76.1,3,0,2,3,0,82.6,2
5,57.7,2,2,13,6,1,63.0,1
5,60.6,4,6,7,6,1,82.3,2
6,69.1,6,4,10,1,0,99.1,3
3,74.3,4,2,13,5,1,86.6,2
5,50.4,4,0,7,1,0,57.7,0
2,83.5,5,3,2,3,0,100.0,3
2,68.0,5,4,6,1,0,86.2,2
1,40.3,4,6,18,6,1,63.8,1
3,58.7,4,2,3,5,1,73.5,1
1,59.7,6,7,15,0,0,88.0,3
2,76.4,2,4,12,5,1,88.7,3
2,53.7,2,2,19,5,1,63.2,1
4,54.9,7,5,18,4,0,93.0,3
5,43.2,1,6,4,0,0,57.2,0
2,52.8,7,4,22,0,0,87.2,2
6,72.3,5,1,4,0,0,87.4,2
6,68.6,3,6,19,5,1,89.9,3
1,43.7,4,6,23,3,0,71.6,1
1,45.2,3,2,3,0,0,57.4,0
5,57.0,3,2,1,2,0,65.4,1
5,73.5,6,6,12,1,0,100.0,3
4,77.5,2,4,15,3,0,90.1,3
3,40.7,5,6,21,2,0,70.7,1
1,54.8,3,3,1,5,1,65.6,1
5,59.1,6,1,18,5,1,86.3,2
1,81.0,2,6,16,2,0,96.1,3
5,62.6,1,2,4,4,0,65.6,1
2,52.1,6,0,17,4,0,66.3,1
1,57.6,5,0,22,2,0,73.7,1
2,59.6,5,5,20,4,0,90.4,3
1,70.1,8,4,17,1,0,97.9,3
3,41.8,2,3,7,1,0,48.3,0
4,57.5,7,1,14,5,1,76.2,2
6,69.1,2,7,12,4,0,86.1,2
6,52.7,5,2,12,0,0,77.0,2
6,66.6,5,0,15,2,0,76.4,2
2,56.1,4,2,21,1,0,72.8,1
5,74.1,4,7,19,6,1,100.0,3
6,42.7,6,6,12,4,0,76.6,2
3,81.3,1,0,19,6,1,81.2,2
6,47.7,4,4,1,4,0,64.2,1
1,47.1,4,4,2,1,0,62.4,1
2,77.8,2,2,14,1,0,83.4,2
1,79.1,2,4,22,0,0,94.1,3
1,44.2,8,1,18,4,0,78.9,2
1,80.9,5,5,12,4,0,100.0,3
4,52.3,5,4,4,3,0,73.1,1
4,67.8,4,1,21,5,1,83.0,2
5,43.1,7,7,5,0,0,77.5,2
2,57.1,9,4,13,1,0,90.7,3
3,60.3,1,2,3,6,1,65.2,1
3,67.0,1,1,21,1,0,70.9,1
3,63.6,2,5,18,2,0,77.8,2
1,60.8,1,5,22,5,1,73.7,1
4,83.2,2,5,6,1,0,94.0,3
2,48.3,2,7,3,4,0,64.4,1
1,47.1,1,7,1,1,0,61.2,1
4,72.1,5,3,6,4,0,90.4,3
4,43.4,2,5,2,4,0,55.2,0
6,61.7,6,7,14,0,0,90.0,3
6,61.8,8,2,0,1,0,86.0,2
2,54.0,5,7,1,0,0,81.4,2
2,81.9,6,1,9,6,1,100.0,3
2,52.7,4,0,15,6,1,60.2,1
1,53.0,4,5,14,5,1,70.3,1
5,50.5,4,0,23,4,0,66.6,1
2,46.6,5,7,14,6,1,74.6,1
6,56.4,7,3,13,5,1,80.3,2
5,70.6,3,0,21,1,0,78.0,2
1,73.4,6,2,13,5,1,94.7,3
5,76.6,4,5,5,5,1,94.5,3
3,48.9,5,6,13,1,0,75.0,2
5,41.6,5,1,16,0,0,53.6,0
2,83.9,2,5,17,0,0,95.2,3
1,40.6,0,6,19,4,0,50.2,0
2,83.2,6,2,18,4,0,100.0,3
6,77.3,6,4,16,1,0,100.0,3
3,81.0,5,7,15,1,0,100.0,3
6,57.4,3,7,7,3,0,77.2,2
2,48.9,5,4,6,3,0,67.4,1
2,67.3,5,0,19,2,0,83.3,2
2,73.4,1,3,11,6,1,80.6,2
4,45.9,1,6,8,4,0,60.4,1
3,75.9,5,3,13,5,1,94.8,3
2,49.4,5,5,19,6,1,76.7,2
2,62.1,5,4,0,2,0,82.0,2
6,78.5,3,3,9,6,1,96.2,3
6,48.7,6,6,16,2,0,77.6,2
2,50.9,3,3,16,0,0,61.9,1
1,42.8,5,0,16,5,1,54.1,0
4,46.6,3,5,3,0,0,62.0,1
6,46.6,6,2,16,3,0,67.0,1
1,49.2,3,2,17,2,0,60.8,1
4,52.9,8,1,19,6,1,87.7,2
2,76.7,3,6,22,3,0,96.8,3
3,81.2,3,2,1,5,1,91.2,3
5,58.3,4,7,7,5,1,82.1,2
5,45.8,7,2,12,4,0,78.7,2
2,50.1,4,0,22,1,0,64.6,1
6,73.1,5,5,21,0,0,100.0,3
1,70.5,2,0,19,4,0,73.8,1
3,83.5,3,5,21,6,1,100.0,3
4,40.7,7,2,14,4,0,61.5,1
2,73.8,4,1,19,6,1,90.3,3
3,62.8,5,6,22,0,0,92.8,3
3,80.6,2,2,8,0,0,88.2,3
6,65.9,7,5,2,5,1,96.7,3
4,60.1,5,2,2,5,1,76.2,2
3,70.0,3,4,1,2,0,84.4,2
6,77.5,1,5,0,3,0,87.8,2
1,52.7,3,1,13,5,1,61.4,1
6,44.8,7,5,16,4,0,72.7,1
1,59.5,3,2,12,2,0,73.5,1
1,49.7,2,0,18,6,1,55.8,0
3,59.3,4,5,22,2,0,83.0,2
6,84.6,8,2,14,4,0,100.0,3
1,65.8,3,7,13,5,1,88.1,3
4,71.2,4,3,1,6,1,86.7,2
3,70.5,7,7,6,4,0,100.0,3
6,76.9,5,4,16,1,0,99.2,3
6,82.5,2,6,17,5,1,95.4,3
5,69.6,4,6,5,3,0,89.8,3
6,61.4,3,7,20,6,1,85.6,2
3,54.3,5,4,7,4,0,72.1,1
4,56.2,3,6,1,5,1,74.8,1
6,55.1,4,7,0,0,0,79.4,2
5,54.6,5,4,15,1,0,75.0,2
3,71.3,3,7,6,6,1,89.0,3
1,66.4,5,1,21,6,1,86.0,2
2,49.1,3,5,23,3,0,67.6,1
2,83.6,6,4,10,5,1,100.0,3
1,59.2,3,2,14,0,0,71.5,1
6,65.5,5,7,12,5,1,97.7,3
2,71.6,1,1,23,0,0,75.3,2
2,67.6,6,3,1,3,0,91.3,3
1,54.0,2,0,13,1,0,54.8,0
6,75.9,2,4,23,6,1,91.5,3
6,45.0,3,2,5,0,0,57.3,0
1,65.6,6,6,8,2,0,100.0,3
6,52.3,4,7,6,3,0,75.4,2
6,67.7,2,1,17,3,0,72.8,1
3,49.8,4,5,23,4,0,74.5,1
3,74.7,8,5,8,1,0,100.0,3
1,50.2,3,2,22,2,0,64.9,1
4,80.1,3,5,3,2,0,95.3,3
2,78.8,2,4,8,4,0,92.5,3
3,56.3,7,0,3,0,0,75.4,2
2,57.4,4,1,11,0,0,71.2,1
5,71.6,2,2,3,2,0,77.4,2
1,44.1,6,1,23,1,0,68.6,1
4,43.6,4,4,19,0,0,67.3,1
5,46.1,7,5,13,3,0,76.5,2
5,65.3,2,7,23,5,1,86.1,2
6,46.7,0,4,23,4,0,50.6,0
5,52.5,7,3,6,1,0,79.3,2
1,69.1,3,6,12,0,0,90.9,3
3,40.7,6,3,21,5,1,69.7,1
1,48.1,3,4,7,2,0,60.0,1
3,81.8,2,1,22,4,0,89.7,3
5,69.9,3,2,4,0,0,77.8,2
5,53.7,7,2,11,2,0,84.3,2
4,42.0,4,7,12,0,0,70.6,1
3,66.4,10,6,19,4,0,100.0,3
5,50.0,8,7,13,3,0,87.8,2
6,83.2,2,1,17,6,1,86.1,2
2,70.9,6,0,23,3,0,93.0,3
4,83.8,5,1,19,6,1,100.0,3
1,78.2,6,4,3,5,1,100.0,3
4,61.7,4,7,20,2,0,90.2,3
2,70.1,3,6,17,6,1,88.3,3
3,76.5,4,4,6,3,0,94.0,3
1,66.0,3,3,14,4,0,75.5,2
1,42.8,1,2,20,2,0,46.3,0
3,61.2,3,6,5,0,0,77.0,2
4,45.9,5,3,15,6,1,64.7,1
5,72.2,6,6,19,6,1,100.0,3
4,70.6,5,7,23,1,0,100.0,3
2,84.7,2,2,7,6,1,93.9,3
6,68.3,5,1,20,6,1,90.2,3
5,76.0,4,0,15,0,0,83.0,2
4,52.1,2,7,21,4,0,71.5,1
6,55.3,0,7,15,5,1,67.6,1
6,81.3,3,5,2,2,0,97.5,3
3,74.0,4,2,16,0,0,85.6,2
2,69.5,11,0,8,2,0,100.0,3
2,51.4,4,0,2,3,0,58.3,0
2,71.4,9,7,19,1,0,100.0,3
5,79.9,3,0,6,4,0,86.0,2
1,50.4,9,1,17,0,0,79.3,2
5,71.8,5,0,11,1,0,89.1,3
4,57.7,5,0,18,6,1,76.8,2
6,45.3,4,4,15,4,0,61.0,1
6,74.4,1,7,21,4,0,90.2,3
1,47.5,1,4,23,5,1,57.2,0
4,51.4,4,2,16,3,0,64.3,1
1,75.2,6,4,19,5,1,100.0,3
6,73.4,1,2,14,5,1,78.7,2
5,51.4,4,0,0,2,0,58.8,0
2,82.3,6,7,1,2,0,100.0,3
6,49.7,6,4,7,6,1,74.6,1
3,84.7,4,3,21,1,0,100.0,3
2,73.2,4,5,1,3,0,94.2,3
6,57.7,5,5,18,4,0,86.2,2
5,45.9,8,1,8,6,1,79.3,2
1,54.4,2,4,8,3,0,67.4,1
2,48.7,2,6,12,3,0,66.7,1
5,68.0,0,1,5,1,0,64.7,1
4,56.1,1,5,14,2,0,66.7,1
3,53.3,3,4,18,3,0,71.0,1
2,74.1,3,7,20,3,0,99.2,3
1,50.4,3,7,14,3,0,70.0,1
4,66.4,4,5,17,0,0,87.0,2
5,48.8,5,4,6,3,0,70.3,1
3,72.2,3,6,10,3,0,94.1,3
1,68.1,4,3,7,4,0,84.3,2
5,75.9,0,0,5,5,1,74.7,1
5,43.1,9,6,7,0,0,78.5,2
2,49.5,11,2,1,3,0,83.0,2
2,47.0,5,4,18,5,1,71.3,1
1,48.6,10,4,15,3,0,82.2,2
6,44.6,3,6,6,1,0,64.5,1
6,65.3,3,7,9,1,0,90.0,3
5,66.7,6,1,11,5,1,90.8,3
2,78.0,7,0,16,0,0,94.6,3
3,58.8,5,4,6,4,0,80.7,2
3,64.0,4,4,21,0,0,86.0,2
5,84.6,2,2,7,0,0,89.0,3
2,63.9,5,5,6,1,0,87.0,2
1,65.8,4,7,3,1,0,89.0,3
1,84.8,2,0,2,4,0,86.6,2
1,84.7,1,0,18,6,1,86.0,2
3,59.1,4,7,14,6,1,81.1,2
2,68.6,4,5,3,6,1,89.4,3
2,61.6,3,6,8,3,0,84.6,2
3,72.4,3,7,12,4,0,96.6,3
1,82.2,7,4,17,3,0,100.0,3
1,53.9,6,0,20,5,1,77.4,2
5,76.8,4,6,15,5,1,95.9,3
6,69.5,5,0,0,2,0,79.8,2
4,52.6,4,2,3,6,1,64.4,1
6,75.9,4,3,17,1,0,91.6,3
2,59.2,5,7,7,2,0,86.3,2
2,45.4,5,7,19,2,0,77.1,2
2,84.7,4,7,15,1,0,100.0,3
6,59.2,3,5,20,2,0,79.5,2
4,64.4,3,5,10,6,1,82.4,2
5,76.4,4,2,19,0,0,95.8,3
6,83.2,4,3,20,3,0,100.0,3
4,79.3,4,2,20,6,1,97.0,3
1,63.6,6,6,20,4,0,98.3,3
1,64.6,4,5,18,1,0,88.0,3
2,52.6,3,5,22,0,0,71.6,1
3,60.8,6,4,18,5,1,91.3,3
2,82.6,1,7,17,4,0,95.3,3
3,72.7,7,2,18,4,0,100.0,3
4,40.5,7,6,10,4,0,78.1,2
1,45.2,2,0,2,2,0,49.4,0
6,81.6,4,0,7,2,0,89.6,3
3,78.2,5,1,19,2,0,99.1,3
4,61.9,5,4,18,6,1,87.3,2
1,67.8,1,0,9,2,0,71.0,1
6,53.0,2,6,15,0,0,68.4,1
3,75.7,2,4,4,2,0,84.2,2
2,67.1,3,7,19,1,0,90.4,3
2,71.3,2,6,8,4,0,88.5,3
2,56.9,4,6,7,0,0,79.2,2
4,59.4,4,2,10,5,1,77.4,2
2,49.3,5,0,15,2,0,60.0,1
5,82.7,3,4,6,5,1,97.4,3
1,82.6,5,2,14,4,0,98.5,3
4,76.8,6,5,23,0,0,100.0,3
6,82.1,3,3,20,4,0,98.2,3
2,69.9,3,1,19,5,1,82.6,2
1,50.6,1,2,22,6,1,57.2,0
3,74.2,4,7,16,0,0,99.3,3
2,54.6,3,5,5,3,0,71.9,1
1,59.8,4,7,14,6,1,85.3,2
5,52.3,4,7,7,0,0,74.1,1
3,59.1,6,7,6,2,0,90.4,3
5,70.6,2,3,1,5,1,77.4,2
6,45.0,4,4,12,4,0,66.9,1
1,44.7,6,6,22,4,0,79.7,2
5,70.8,5,3,5,4,0,91.2,3
6,75.1,4,0,4,1,0,86.0,2
1,64.8,1,5,19,1,0,73.9,1
1,48.2,0,5,0,2,0,53.8,0
5,59.4,1,4,17,3,0,69.1,1
1,74.1,1,1,14,1,0,74.9,1
2,70.9,5,1,22,0,0,93.1,3
1,44.9,4,4,9,6,1,65.8,1
4,83.6,6,0,2,5,1,96.8,3
6,50.1,7,4,4,2,0,75.3,2
1,49.9,3,4,23,6,1,65.9,1
4,60.7,3,5,12,3,0,79.7,2
1,54.7,3,7,7,6,1,77.2,2
1,84.3,2,4,21,0,0,96.1,3
5,43.4,3,2,20,4,0,57.5,0
2,53.8,2,7,1,1,0,68.7,1
6,57.2,4,1,8,0,0,72.9,1
2,62.2,3,7,16,3,0,83.7,2
3,40.7,2,1,17,2,0,47.8,0
5,43.7,1,0,12,6,1,44.3,0
5,51.6,4,1,0,0,0,62.4,1
2,64.9,5,0,11,2,0,81.5,2
5,74.5,6,5,19,4,0,100.0,3
2,70.9,2,0,19,3,0,74.5,1
5,65.5,5,1,20,3,0,86.4,2
1,57.9,4,6,4,6,1,78.8,2
2,79.2,5,4,7,1,0,99.3,3
2,60.7,6,4,14,5,1,84.7,2
4,53.5,3,2,2,3,0,65.0,1
5,68.3,3,0,5,0,0,76.4,2
5,71.1,6,3,12,0,0,100.0,3
2,57.9,3,3,11,0,0,72.5,1
1,41.3,3,5,18,4,0,60.0,1
1,44.2,6,7,17,3,0,72.8,1
6,78.1,6,1,23,3,0,100.0,3
1,42.5,3,1,0,0,0,50.7,0
5,66.6,7,3,6,6,1,89.9,3
4,48.3,5,2,11,1,0,69.8,1
2,50.3,3,6,9,6,1,69.7,1
3,52.3,6,5,11,1,0,84.2,2
4,41.7,2,6,10,3,0,60.6,1
3,48.0,7,0,3,6,1,65.3,1
4,69.3,5,6,18,3,0,100.0,3
1,62.4,6,0,5,2,0,79.1,2
5,75.9,7,7,8,3,0,100.0,3
3,42.8,2,5,19,6,1,56.4,0
4,80.0,6,1,9,0,0,100.0,3
5,84.8,5,5,4,5,1,100.0,3
3,40.7,3,6,12,4,0,64.8,1
2,83.5,2,1,8,3,0,91.9,3
4,50.6,4,6,1,3,0,69.8,1
2,71.2,2,5,17,0,0,84.0,2
1,53.2,4,4,20,2,0,75.6,2
2,63.5,5,2,0,5,1,81.9,2
2,63.0,5,0,23,3,0,82.4,2
6,56.2,5,4,20,1,0,84.5,2
4,72.3,4,7,11,1,0,100.0,3
1,67.0,1,3,9,1,0,74.7,1
2,62.9,7,4,1,4,0,91.6,3
5,84.2,5,5,8,4,0,100.0,3
3,82.3,3,3,1,5,1,93.6,3
2,83.0,3,3,22,3,0,97.1,3
1,79.7,2,0,23,3,0,85.7,2
2,51.5,0,4,21,3,0,57.4,0
3,55.7,4,0,13,4,0,64.4,1
1,50.4,5,6,10,5,1,83.2,2
4,84.4,2,2,22,3,0,95.7,3
1,46.9,7,6,10,0,0,84.8,2
4,56.5,4,2,16,2,0,67.7,1
1,49.0,6,2,3,6,1,69.8,1
3,50.1,3,2,12,1,0,62.2,1
3,51.1,6,3,6,1,0,73.1,1
1,68.8,3,6,15,0,0,87.2,2
2,43.4,6,5,0,3,0,66.9,1
3,65.8,6,2,12,5,1,91.9,3
4,76.9,2,0,0,5,1,78.1,2
4,74.5,3,5,10,4,0,92.7,3
5,46.8,1,6,5,3,0,58.1,0
6,81.2,6,6,19,5,1,100.0,3
6,74.7,4,4,2,3,0,90.7,3
6,40.2,6,4,11,1,0,71.1,1
4,73.2,7,0,4,6,1,93.5,3
5,73.2,4,1,8,6,1,90.4,3
6,62.4,8,1,11,6,1,96.5,3
6,42.1,2,1,9,1,0,48.9,0
1,66.1,6,7,18,4,0,100.0,3
1,74.5,2,7,4,6,1,92.7,3
1,52.2,3,7,4,1,0,74.5,1
2,70.0,2,1,8,3,0,78.7,2
6,55.9,3,3,19,6,1,71.4,1
2,65.8,4,3,16,0,0,82.7,2
5,57.3,6,4,9,4,0,90.4,3
4,53.7,3,4,20,0,0,73.4,1
6,78.5,4,3,0,3,0,91.4,3
4,73.9,7,7,21,4,0,100.0,3
1,55.5,4,7,15,0,0,78.8,2
6,59.6,3,3,14,4,0,70.6,1
3,71.1,3,4,22,3,0,90.1,3
2,76.5,4,0,16,5,1,83.3,2
2,70.8,3,3,19,6,1,88.8,3
6,64.3,6,0,12,4,0,85.2,2
1,82.9,4,2,0,6,1,96.6,3
2,74.8,4,0,7,6,1,84.5,2
1,45.2,3,0,4,5,1,51.3,0
5,65.1,7,3,5,3,0,87.3,2
4,58.4,2,2,22,4,0,67.0,1
3,75.8,8,1,19,4,0,100.0,3
4,42.0,6,0,13,5,1,59.8,0
4,58.5,2,2,21,1,0,65.7,1
5,54.3,2,2,22,5,1,65.0,1
2,46.4,2,7,10,5,1,66.5,1
3,57.0,4,6,5,5,1,80.3,2
2,70.3,2,3,10,3,0,79.5,2
6,56.3,8,2,12,2,0,91.6,3
4,66.1,6,5,11,5,1,100.0,3
6,66.7,4,1,21,4,0,83.2,2
1,66.4,3,3,1,0,0,79.0,2
4,63.8,3,5,20,1,0,85.7,2
2,45.3,4,0,2,5,1,55.1,0
4,49.8,3,3,22,5,1,66.5,1
1,76.0,2,6,3,1,0,88.7,3
5,62.6,6,0,16,5,1,76.5,2
6,71.8,6,7,21,4,0,100.0,3
6,65.6,0,7,5,2,0,74.0,1
2,41.7,3,3,6,5,1,52.5,0
4,75.8,6,7,14,1,0,100.0,3
2,42.9,2,6,10,5,1,60.5,1
5,82.4,3,2,23,3,0,93.9,3
4,49.7,4,1,2,4,0,61.8,1
4,63.1,5,3,5,4,0,82.0,2
2,42.9,3,5,1,2,0,57.9,0
2,80.3,1,4,13,3,0,86.6,2
1,84.1,2,2,8,3,0,94.2,3
5,46.6,3,3,17,2,0,56.4,0
1,53.3,8,2,18,6,1,90.0,3
6,40.7,5,4,11,6,1,67.9,1
4,75.4,5,5,12,0,0,100.0,3
2,54.0,6,2,11,6,1,80.6,2
4,66.5,1,2,11,5,1,68.9,1
4,41.8,5,3,17,3,0,58.9,0
3,72.2,8,2,8,0,0,100.0,3
6,63.8,4,7,16,0,0,84.5,2
3,72.6,2,5,20,4,0,90.1,3
4,75.5,6,3,15,5,1,98.0,3
2,44.0,2,1,16,4,0,47.1,0
4,66.0,4,4,20,1,0,87.9,2
6,69.2,1,5,23,6,1,82.6,2
3,63.3,3,5,7,4,0,79.4,2
2,48.2,4,0,10,3,0,64.6,1
4,75.8,4,4,23,3,0,97.4,3
5,84.9,5,2,1,5,1,100.0,3
6,83.6,5,5,7,0,0,100.0,3
6,75.0,4,3,11,3,0,92.6,3
5,58.8,5,0,20,6,1,75.5,2
4,55.2,6,0,0,4,0,70.8,1
6,43.1,6,6,22,6,1,78.8,2
2,58.7,4,5,12,4,0,85.2,2
4,47.0,5,2,21,5,1,68.4,1
4,51.4,4,7,20,6,1,80.6,2
3,80.1,4,5,16,4,0,99.8,3
6,83.6,1,0,13,6,1,83.6,2
6,82.7,5,3,13,2,0,99.2,3
5,48.7,3,2,15,5,1,56.9,0
3,80.5,6,5,16,5,1,100.0,3
3,46.4,6,7,5,3,0,74.4,1
6,62.8,6,4,6,5,1,86.3,2
4,69.0,11,2,0,1,0,100.0,3
3,60.8,7,2,14,3,0,81.6,2
5,82.8,2,0,19,3,0,88.1,3
3,55.0,2,5,20,6,1,68.2,1
5,63.7,4,1,17,2,0,72.4,1
3,43.4,6,6,12,3,0,79.8,2
5,78.4,4,0,23,0,0,90.0,3
3,58.6,7,5,1,4,0,88.4,3
3,71.5,2,7,18,4,0,88.6,3
2,70.7,4,5,14,5,1,88.0,3
5,70.4,6,1,11,6,1,93.1,3
5,62.8,3,2,14,2,0,73.0,1
5,52.5,5,2,17,4,0,70.5,1
1,68.1,1,6,13,0,0,81.2,2
3,83.3,2,5,5,2,0,97.1,3
5,77.5,3,4,11,1,0,96.4,3
6,44.9,4,0,19,4,0,56.6,0
1,41.0,5,4,22,3,0,69.1,1
2,62.5,7,3,5,0,0,86.1,2
5,74.9,2,2,8,6,1,84.1,2
5,54.1,5,5,3,6,1,78.7,2
1,71.6,6,5,16,0,0,98.4,3
3,81.9,10,4,1,4,0,100.0,3
6,60.7,5,3,15,5,1,77.3,2
2,51.0,2,1,23,1,0,57.8,0
5,81.3,5,0,13,3,0,95.7,3
3,61.3,3,6,7,1,0,81.0,2
6,58.4,2,7,13,1,0,74.0,1
6,55.9,3,3,1,4,0,66.6,1
2,59.0,6,0,15,3,0,72.1,1
4,70.3,4,2,3,4,0,84.9,2
6,59.5,7,7,0,4,0,91.3,3
4,54.6,2,5,22,5,1,70.2,1
6,73.5,4,7,19,0,0,100.0,3
2,49.1,4,1,13,6,1,61.1,1
1,49.1,1,2,7,5,1,53.4,0
2,71.3,6,7,2,6,1,100.0,3
2,79.0,3,3,4,5,1,92.0,3
1,50.9,6,1,5,4,0,68.0,1
1,48.6,5,3,21,5,1,72.4,1
3,70.2,4,6,7,6,1,91.7,3
6,67.9,2,0,5,5,1,71.4,1
3,60.1,8,2,5,2,0,85.0,2
1,44.3,2,0,3,3,0,49.3,0
4,44.1,5,1,6,0,0,56.5,0
4,75.0,3,4,23,6,1,90.2,3
2,60.3,2,0,18,3,0,67.8,1
5,78.6,5,7,6,0,0,100.0,3
2,65.9,2,1,2,2,0,71.9,1
2,67.8,4,7,7,4,0,91.3,3
5,82.0,3,1,0,6,1,91.1,3
6,47.4,4,3,0,0,0,63.9,1
1,64.4,4,0,13,0,0,73.8,1
4,42.6,6,2,5,0,0,62.7,1
2,56.2,6,0,9,2,0,79.3,2
5,46.7,3,3,13,3,0,57.1,0
3,48.5,3,1,3,2,0,54.0,0
2,82.1,1,2,5,0,0,87.5,2
4,67.5,5,4,15,5,1,86.5,2
1,80.1,1,5,20,0,0,90.8,3
2,60.0,2,7,0,5,1,77.4,2
2,66.9,4,2,5,4,0,79.2,2
6,41.4,6,5,8,2,0,72.3,1
5,61.1,2,6,14,5,1,75.2,2
3,65.4,4,0,11,2,0,78.4,2
3,40.8,4,2,2,1,0,55.6,0
1,75.5,3,6,10,3,0,96.1,3
4,53.3,1,0,14,1,0,50.5,0
1,60.4,5,7,2,5,1,84.3,2
2,64.1,3,2,13,1,0,74.5,1
2,84.6,2,0,1,6,1,85.5,2
3,44.5,1,5,3,3,0,53.7,0
4,65.0,2,1,18,5,1,74.1,1
5,63.9,1,1,11,4,0,64.4,1
4,43.1,1,7,1,4,0,56.2,0
2,68.5,6,0,16,3,0,85.9,2
5,52.9,2,0,2,3,0,55.3,0
4,44.7,3,4,9,5,1,61.2,1
4,48.0,4,0,15,2,0,58.5,0
5,77.1,7,3,21,6,1,100.0,3
2,44.7,2,7,8,5,1,61.6,1
4,61.0,3,5,10,2,0,82.0,2
5,48.8,4,0,20,2,0,62.8,1
6,47.3,6,1,14,2,0,65.6,1
6,49.3,3,2,2,5,1,59.8,0
2,62.2,4,6,15,0,0,81.6,2
5,50.7,5,1,20,0,0,69.5,1
6,44.4,5,3,20,4,0,71.2,1
5,76.1,5,2,20,0,0,100.0,3
4,64.3,4,1,11,0,0,81.0,2
2,47.1,2,0,22,2,0,53.3,0
6,61.2,3,5,4,2,0,79.2,2
4,43.1,3,0,6,3,0,48.1,0
1,66.1,7,2,8,2,0,96.5,3
1,55.3,3,5,20,5,1,76.2,2
2,44.7,4,4,17,3,0,62.5,1
6,48.3,5,3,20,6,1,72.7,1
6,55.6,3,1,7,3,0,65.8,1
6,76.3,3,7,11,0,0,100.0,3
5,47.8,3,1,19,2,0,58.7,0
4,44.9,1,3,1,0,0,50.7,0
6,63.2,3,1,9,2,0,74.3,1
4,65.1,8,7,18,0,0,100.0,3
2,44.1,3,2,8,6,1,56.4,0
6,52.8,4,4,23,0,0,72.5,1
2,51.8,6,2,7,0,0,70.8,1
6,48.4,7,7,23,5,1,92.0,3
1,54.2,1,4,23,6,1,65.1,1
3,41.7,3,7,23,4,0,64.3,1
2,69.3,4,5,0,6,1,89.4,3
6,84.5,4,7,5,0,0,100.0,3
3,68.5,7,6,11,1,0,100.0,3
2,56.2,4,0,23,1,0,71.1,1
5,70.1,5,7,18,1,0,100.0,3
6,65.7,3,4,16,5,1,80.2,2
5,78.1,0,6,1,3,0,88.9,3
1,68.0,6,4,10,0,0,96.3,3
6,68.5,6,4,17,6,1,92.0,3
1,50.0,5,1,22,1,0,71.1,1
3,58.7,3,4,21,5,1,74.3,1
2,55.5,4,3,10,3,0,73.7,1
4,40.5,3,0,17,1,0,48.8,0
1,54.1,7,6,7,2,0,83.1,2
4,61.9,6,0,14,4,0,77.3,2
4,67.0,5,1,8,0,0,86.5,2
2,82.1,9,2,14,4,0,100.0,3
3,50.8,4,3,6,4,0,65.0,1
2,46.9,9,2,19,2,0,88.1,3
6,79.1,3,4,12,2,0,98.7,3
1,82.4,3,2,12,2,0,97.8,3
4,62.0,4,7,0,3,0,86.1,2
2,45.2,2,3,19,1,0,54.0,0
2,61.8,4,6,3,6,1,85.2,2
2,44.9,1,6,23,0,0,58.6,0
1,79.7,9,1,3,2,0,100.0,3
3,71.9,4,7,3,5,1,96.4,3
2,50.9,5,1,12,0,0,68.9,1
1,79.9,2,4,1,6,1,90.9,3
4,68.7,4,7,22,0,0,95.7,3
6,82.9,4,3,14,0,0,98.7,3
5,84.1,6,1,3,2,0,100.0,3
1,40.1,6,4,5,2,0,64.5,1
5,45.4,3,2,2,1,0,56.5,0
2,64.6,7,3,6,6,1,87.4,2
2,83.0,8,1,5,2,0,100.0,3
1,84.7,6,3,2,2,0,100.0,3
5,65.5,3,1,3,0,0,74.0,1
2,47.8,4,5,9,1,0,71.2,1
4,47.3,3,1,20,4,0,57.4,0
3,74.4,4,3,8,2,0,94.6,3
3,66.6,5,6,5,5,1,92.9,3
2,64.7,5,6,19,2,0,94.9,3
5,61.0,7,1,10,4,0,92.0,3
6,72.6,2,6,6,0,0,85.8,2
2,78.6,5,2,17,6,1,94.1,3
6,53.6,3,7,3,1,0,73.1,1
6,49.9,1,6,4,0,0,64.1,1
5,70.2,2,4,3,6,1,78.7,2
6,81.2,7,5,3,3,0,100.0,3
4,55.7,6,0,12,2,0,80.0,2
5,52.3,5,3,15,6,1,68.1,1
2,50.2,4,3,13,5,1,67.3,1
4,51.5,3,4,10,6,1,67.9,1
1,46.1,2,7,1,3,0,64.9,1
3,66.9,1,2,21,2,0,70.6,1
2,52.6,0,0,13,3,0,47.2,0
2,67.7,3,2,23,4,0,82.0,2
2,43.7,5,6,23,2,0,75.0,2
4,45.2,4,3,6,5,1,58.1,0
1,64.1,4,7,10,2,0,94.3,3
5,63.0,1,0,3,3,0,63.4,1
1,52.2,8,7,6,1,0,87.2,2
4,77.2,6,1,15,3,0,93.7,3
2,48.4,4,7,5,2,0,71.8,1
3,56.2,4,5,5,2,0,73.6,1
2,65.0,1,3,1,6,1,68.9,1
5,79.0,2,7,23,1,0,96.7,3
6,58.8,7,2,7,0,0,83.0,2
3,57.9,2,4,6,1,0,68.0,1
2,66.1,5,1,23,0,0,84.7,2
3,54.3,2,0,13,5,1,59.1,0
6,71.9,6,7,8,2,0,100.0,3
1,51.2,1,3,14,6,1,54.5,0
4,77.0,7,7,21,4,0,100.0,3
2,52.3,3,4,17,4,0,66.1,1
5,84.7,4,4,11,3,0,100.0,3
1,54.2,4,6,22,1,0,80.8,2
2,79.5,5,2,18,1,0,99.9,3
1,57.9,5,6,12,4,0,89.7,3
5,51.1,3,5,6,0,0,68.1,1
2,50.2,5,4,9,1,0,76.5,2
6,78.3,7,2,9,0,0,100.0,3
6,53.9,3,0,1,0,0,57.9,0
5,55.2,1,3,13,0,0,60.2,1
3,48.9,5,0,12,0,0,67.2,1
5,83.3,6,6,21,6,1,100.0,3
3,51.0,5,5,5,3,0,75.7,2
2,51.1,1,2,8,3,0,54.8,0
3,82.5,6,0,12,6,1,100.0,3
2,80.5,2,3,8,4,0,91.2,3
2,51.2,8,3,12,3,0,87.0,2
4,78.9,5,4,4,5,1,99.9,3
2,51.2,2,5,13,6,1,66.4,1
3,43.8,4,2,4,1,0,59.4,0
4,76.9,2,0,8,5,1,80.4,2
4,74.7,4,4,7,6,1,91.6,3
2,53.3,5,4,6,3,0,72.8,1
5,44.1,6,0,7,1,0,59.0,0
5,49.3,3,2,21,1,0,64.6,1
6,74.7,3,2,2,0,0,87.0,2
4,83.4,1,6,22,4,0,97.6,3
2,51.7,3,6,23,0,0,70.8,1
5,76.8,3,6,14,6,1,95.2,3
2,50.3,4,5,7,0,0,67.2,1
2,70.6,3,3,0,5,1,83.7,2
4,43.8,6,7,6,3,0,72.1,1
6,66.3,2,2,18,5,1,78.0,2
4,52.1,2,7,1,3,0,71.3,1
1,81.7,1,4,13,5,1,89.5,3
5,53.0,6,3,17,1,0,73.7,1
5,57.9,2,6,14,3,0,70.4,1
5,77.8,1,1,13,3,0,81.8,2
3,59.7,7,3,23,5,1,90.4,3
2,50.7,6,4,18,2,0,81.6,2
4,64.6,6,5,18,1,0,96.1,3
5,77.8,1,7,21,6,1,91.9,3
1,59.5,4,0,16,1,0,69.9,1
5,46.0,2,0,21,6,1,52.1,0
6,57.2,3,6,18,2,0,78.4,2
2,83.0,6,5,15,5,1,100.0,3
2,43.2,1,7,19,5,1,56.7,0
4,58.4,5,5,18,1,0,85.3,2
3,69.2,4,0,0,5,1,76.7,2
4,43.5,3,6,18,4,0,63.4,1
5,55.5,3,4,6,4,0,68.5,1
6,82.3,2,7,22,6,1,100.0,3
1,41.4,7,5,10,2,0,78.1,2
4,73.8,5,7,4,3,0,100.0,3
3,77.9,3,3,16,4,0,91.9,3
4,52.5,5,0,10,6,1,72.4,1
2,49.7,3,7,23,5,1,74.8,1
5,81.2,6,7,7,2,0,100.0,3
5,74.4,3,7,9,6,1,95.8,3
5,45.1,1,2,11,6,1,48.4,0
5,49.5,2,7,9,4,0,66.3,1
5,68.0,7,1,12,0,0,99.4,3
5,58.9,7,0,17,2,0,79.8,2
1,62.7,7,6,9,1,0,100.0,3
3,82.8,2,5,18,6,1,100.0,3
5,58.9,1,6,19,4,0,69.8,1
3,79.7,4,7,16,1,0,100.0,3
6,69.7,2,0,19,2,0,72.9,1
5,45.5,7,1,15,4,0,67.3,1
4,73.5,5,2,4,1,0,89.0,3
5,63.4,0,1,2,3,0,60.9,1
2,50.1,7,0,14,6,1,69.7,1
1,53.0,5,0,1,3,0,65.9,1
4,65.1,6,3,12,0,0,93.6,3
4,67.1,5,6,21,5,1,98.0,3
2,83.6,4,5,7,2,0,100.0,3
5,78.5,4,4,22,5,1,100.0,3
1,49.3,2,3,16,5,1,57.2,0
4,74.8,3,6,3,1,0,94.9,3
1,40.4,11,3,18,0,0,88.7,3
4,45.8,4,7,21,2,0,75.8,2
5,49.0,10,7,8,3,0,100.0,3
6,66.9,8,7,22,5,1,100.0,3
4,48.8,5,3,14,1,0,65.4,1
6,56.4,0,7,8,5,1,68.9,1
4,50.9,6,3,23,4,0,80.8,2
3,55.2,2,3,20,3,0,66.7,1
5,82.4,4,7,8,5,1,100.0,3
2,84.9,4,2,13,4,0,96.6,3
6,70.9,1,6,22,4,0,85.5,2
2,65.8,7,7,20,1,0,100.0,3
5,71.9,2,5,15,1,0,85.5,2
2,74.7,3,4,23,4,0,90.1,3
5,73.3,7,4,22,0,0,100.0,3
2,43.7,5,5,16,5,1,67.7,1
6,54.0,5,4,12,4,0,80.7,2
3,55.5,7,2,8,4,0,86.9,2
2,56.6,3,7,14,1,0,74.3,1
6,55.5,5,2,6,5,1,70.3,1
4,75.4,8,5,0,2,0,100.0,3
5,73.6,4,2,0,3,0,87.4,2
1,40.2,6,0,4,1,0,54.6,0
1,53.3,3,4,23,5,1,71.9,1
5,68.1,7,1,8,5,1,95.6,3
3,45.4,2,3,11,6,1,54.4,0
2,43.2,4,6,5,0,0,63.8,1
3,77.3,9,0,12,3,0,100.0,3
1,60.4,5,0,7,1,0,70.8,1
6,78.5,4,3,14,1,0,91.6,3
5,77.1,8,0,5,2,0,100.0,3
5,80.2,6,2,5,6,1,98.6,3
3,42.2,4,0,3,6,1,50.6,0
6,48.4,6,6,10,0,0,84.6,2
3,53.3,2,4,20,6,1,68.5,1
2,46.1,3,6,17,0,0,65.2,1
4,61.8,3,4,2,5,1,77.5,2
6,76.0,2,6,2,5,1,92.0,3
4,82.8,2,5,11,1,0,96.0,3
2,80.0,5,5,20,2,0,100.0,3
4,60.6,7,1,20,1,0,90.9,3
1,68.6,3,4,5,6,1,84.1,2
4,50.4,2,7,20,4,0,69.9,1
2,58.1,6,3,5,5,1,78.7,2
4,79.2,2,6,7,4,0,95.8,3
5,41.3,3,3,14,6,1,51.7,0
3,64.0,6,4,17,2,0,89.5,3
1,79.3,4,2,19,1,0,99.2,3
5,45.5,5,6,15,5,1,69.1,1
5,84.2,4,4,5,2,0,100.0,3
2,40.6,4,2,20,1,0,59.9,0
3,79.9,4,7,16,1,0,100.0,3
3,55.9,9,5,8,4,0,100.0,3
6,46.0,3,3,18,3,0,59.5,0
1,47.1,6,4,17,6,1,72.4,1
2,71.6,4,5,22,0,0,93.4,3
1,79.2,6,1,4,5,1,94.5,3
6,68.8,8,3,5,0,0,96.3,3
4,81.8,2,1,11,2,0,87.8,2
5,77.9,5,7,10,0,0,100.0,3
1,40.4,3,7,15,4,0,59.0,0
5,70.1,2,3,19,3,0,82.7,2
2,53.7,4,0,16,5,1,60.8,1
4,60.5,3,5,19,6,1,78.6,2
2,44.2,3,0,8,1,0,52.7,0
4,52.7,2,0,0,1,0,54.0,0
4,68.5,3,7,2,6,1,89.2,3
5,49.8,5,1,20,4,0,71.8,1
2,69.1,7,2,22,5,1,100.0,3
2,81.5,7,6,8,0,0,100.0,3
1,40.2,5,3,21,6,1,65.7,1
2,75.4,4,7,18,1,0,100.0,3
1,68.9,2,0,12,0,0,72.4,1
3,42.1,3,1,22,4,0,51.6,0
3,75.6,4,3,13,1,0,89.5,3
3,50.1,2,0,19,2,0,53.4,0
6,52.0,1,6,18,3,0,65.9,1
2,44.2,5,0,22,0,0,61.7,1
6,64.0,3,0,6,6,1,67.6,1
2,62.4,7,7,3,5,1,94.4,3
1,55.6,2,7,11,0,0,75.2,2
6,47.6,4,6,22,0,0,74.8,1
6,77.7,5,1,13,0,0,92.9,3
6,79.4,2,2,1,6,1,87.7,2
4,64.3,4,5,0,4,0,82.4,2
1,51.0,2,5,17,4,0,62.7,1
3,44.3,3,7,19,5,1,66.6,1
1,79.1,5,6,7,4,0,100.0,3
4,44.3,6,0,2,6,1,61.5,1
2,40.6,4,0,5,5,1,50.1,0
1,61.1,1,2,21,5,1,64.8,1
6,72.9,5,5,12,4,0,99.5,3
3,60.6,5,2,8,1,0,85.1,2
3,42.3,4,7,8,4,0,71.6,1
2,71.1,4,4,19,1,0,90.7,3
1,68.9,6,0,8,2,0,92.0,3
4,70.7,5,5,14,4,0,95.1,3
2,49.5,7,7,12,2,0,92.1,3
1,75.8,5,6,21,4,0,100.0,3
5,61.6,3,3,15,2,0,72.2,1
3,64.1,0,4,1,3,0,70.0,1
4,64.6,4,3,13,2,0,81.7,2
6,52.9,1,2,5,1,0,58.7,0
4,51.3,3,6,1,0,0,69.2,1
6,40.2,5,6,7,5,1,63.5,1
4,57.8,2,5,3,2,0,71.5,1
3,61.8,10,4,20,0,0,100.0,3
6,73.4,4,1,23,6,1,89.5,3
1,43.0,5,4,13,3,0,64.7,1
6,81.6,4,4,10,3,0,100.0,3
2,51.9,1,6,23,6,1,63.4,1
1,56.5,3,2,13,6,1,65.9,1
2,42.2,4,0,11,6,1,57.1,0
4,69.4,4,2,15,1,0,82.7,2
1,71.9,4,2,5,6,1,86.4,2
4,81.8,5,2,19,1,0,100.0,3
5,55.2,1,3,0,2,0,59.5,0
4,51.6,4,5,11,4,0,75.9,2
4,72.7,4,7,6,6,1,96.4,3
2,71.8,9,7,7,6,1,100.0,3
6,82.2,4,1,8,3,0,99.1,3
5,49.2,7,3,1,0,0,74.5,1
4,71.7,3,4,16,4,0,86.6,2
4,43.0,9,6,19,3,0,92.9,3
5,61.6,5,7,12,2,0,95.8,3
5,45.4,5,7,4,6,1,69.1,1
1,69.4,2,2,9,3,0,79.3,2
2,67.1,5,6,11,1,0,95.9,3
5,42.2,8,5,16,0,0,72.8,1
5,54.4,7,0,20,0,0,81.2,2
3,57.8,5,2,5,1,0,74.3,1
6,51.2,4,3,2,6,1,65.4,1
5,41.7,4,5,14,6,1,60.4,1
2,54.3,4,1,6,4,0,64.3,1
6,75.7,8,6,5,1,0,100.0,3
6,56.2,4,3,3,6,1,72.2,1
4,54.6,6,2,18,0,0,82.1,2
4,82.4,3,5,4,6,1,97.4,3
4,41.9,3,7,2,2,0,60.1,1
4,74.5,5,7,8,6,1,100.0,3
3,61.7,4,1,5,4,0,71.1,1
5,82.5,3,0,12,5,1,90.1,3
4,57.7,1,3,21,3,0,65.1,1
1,71.9,0,5,19,5,1,79.5,2
4,43.1,7,7,3,2,0,76.2,2
5,81.8,2,3,1,5,1,92.2,3
4,55.5,2,5,3,6,1,70.5,1
3,63.6,2,7,7,4,0,78.9,2
2,46.2,4,4,12,0,0,67.9,1
2,82.6,6,5,9,0,0,100.0,3
5,70.3,4,1,17,2,0,82.8,2
2,42.4,5,3,8,5,1,66.5,1
2,47.0,3,4,0,4,0,61.4,1
1,58.0,1,0,12,3,0,58.8,0
5,49.8,5,6,17,6,1,76.1,2
5,53.7,4,5,14,5,1,70.7,1
2,84.9,1,3,1,5,1,89.2,3
2,69.6,9,3,10,3,0,100.0,3
2,81.5,3,2,13,1,0,91.0,3
6,59.6,1,3,21,6,1,67.8,1
3,72.0,4,0,14,2,0,83.0,2
4,60.7,2,5,13,6,1,74.2,1
3,54.8,6,4,15,4,0,78.6,2
5,63.4,3,5,22,2,0,81.7,2
1,59.2,1,6,14,3,0,72.6,1
4,84.1,5,1,18,4,0,100.0,3
1,62.3,3,0,8,0,0,72.2,1
6,76.5,3,7,4,0,0,95.0,3
5,70.0,1,1,4,6,1,71.7,1
6,61.6,8,6,10,4,0,100.0,3
5,61.3,5,6,19,2,0,91.2,3
1,55.4,3,7,23,2,0,79.4,2
1,44.8,4,6,3,0,0,66.1,1
1,74.3,3,0,19,0,0,82.5,2
5,81.3,2,5,17,3,0,95.5,3
2,49.8,4,5,2,4,0,71.3,1
1,81.7,6,4,3,2,0,100.0,3
6,50.5,6,2,13,3,0,71.6,1
4,63.9,7,4,6,2,0,91.2,3
5,55.5,3,5,7,0,0,72.9,1
6,45.2,6,1,23,4,0,71.9,1
3,42.4,8,1,15,1,0,64.4,1
3,56.4,0,5,19,4,0,64.4,1
4,42.1,6,3,14,5,1,64.2,1
2,44.7,4,5,6,1,0,66.3,1
1,46.4,7,2,16,6,1,67.6,1
5,40.1,4,4,21,6,1,62.3,1
6,46.9,3,6,21,3,0,66.7,1
1,66.0,5,5,21,1,0,96.6,3
6,76.9,2,6,11,1,0,95.8,3
5,48.7,1,7,17,3,0,63.6,1
3,43.6,1,4,23,4,0,50.6,0
1,72.8,7,1,13,3,0,94.1,3
4,40.4,2,2,14,5,1,48.7,0
2,73.0,5,7,14,0,0,97.8,3
4,45.9,9,7,4,6,1,85.7,2
2,50.3,4,7,15,0,0,74.1,1
6,45.4,3,4,4,6,1,58.6,0
1,51.1,4,2,1,1,0,64.8,1
1,75.9,7,2,19,3,0,100.0,3
2,46.0,4,4,8,3,0,65.5,1
3,84.7,3,7,21,3,0,100.0,3
5,54.7,2,5,8,5,1,71.2,1
4,81.5,4,2,3,5,1,96.4,3
6,48.6,5,5,14,4,0,72.5,1
4,48.5,4,7,10,2,0,76.4,2
4,65.4,2,0,0,6,1,66.0,1
6,42.3,4,1,17,2,0,52.4,0
6,76.0,7,2,0,2,0,97.8,3
1,59.8,3,2,7,6,1,70.4,1
4,71.5,5,0,15,4,0,82.1,2
5,47.9,5,3,21,3,0,72.4,1
5,68.9,2,6,17,2,0,83.9,2
2,66.7,5,2,21,3,0,86.6,2
6,74.0,4,4,8,1,0,95.5,3
1,53.4,6,5,11,2,0,84.3,2
5,82.0,7,7,18,1,0,100.0,3
3,83.3,1,5,17,4,0,94.6,3
1,79.1,5,3,4,0,0,94.9,3
